Fp1,Fp2,C3,C4,Delta,Theta,Alpha,Beta,Gamma
22.483570765056164,19.881201589886484,15.286021078051114,18.426307134164283,20.20590995968188,18.90301590897235,17.038703174229102,18.78099574936381,18.834550355052254
19.308678494144075,19.73292945808073,16.77800214778539,18.86937638503876,19.16921189567847,18.601145888227947,17.61726097432537,19.873954702591263,19.768305255943673
23.23844269050346,13.021784136849925,15.61047575581943,19.257179514350327,17.31320557404979,16.6576473423542,17.1949421180882,17.295062524336064,18.27695179268769
27.61514928204013,20.349549041492814,18.441672187784476,22.78744584658472,23.697587669243003,21.71535873366037,22.448123000400226,20.789206405581865,22.969592049160553
18.829233126383322,25.664145409108727,22.78871412584765,16.011130766053025,19.899710099484157,21.99477226446713,21.84746818345506,19.867852456941627,20.860071681359898
18.8293152152541,15.628839404616024,14.915831371435182,15.61461203394936,16.11082105940809,15.926024553677214,16.94128544968543,15.546900405194203,16.38314892312234
27.896064077536955,27.242413255252963,22.003281991073656,23.946478968571903,24.127366089764784,25.561984813350033,24.092734774661384,24.426471873455874,23.58405410476812
23.837173645764544,24.43887410542169,14.87331171061245,17.149421032474805,23.114762652265107,19.154305902035066,19.70298286140272,16.902571106875023,21.19900307123218
17.65262807032524,18.328833390144812,14.609491150012463,13.947858585691735,16.64483583979991,15.597701042104871,16.21107838774613,16.380656449280778,17.3227397347516
22.712800217929825,21.292351813310763,21.274378473372852,17.05948023160052,23.600533383816092,19.990154672637182,20.322545559606986,19.733431846975773,18.613914100595384
17.682911535937688,29.991609038205166,21.687745512030467,17.679789059023996,22.979125260664613,22.01121511227062,21.491218560431033,22.60706372485539,19.901389882874092
17.671351232148716,25.66773906752933,21.405639747050618,25.21985091090306,22.02007346696974,23.98743511969043,20.76840191475366,23.01797414676092,24.30591602331703
21.20981135783017,22.04391827449074,12.736810367127436,22.699304849506948,19.32816488957447,19.942080627063234,18.519727061099182,18.73149708527153,20.36091526902868
10.43359877671101,20.811583415195077,16.136196087711795,23.59008246652897,14.956811963750765,16.812146980835713,17.33992533739744,18.03523052567222,17.600211546823733
11.375410837434837,22.383045352258296,21.291954368013286,22.279894569387146,18.27442984508974,20.27105929385433,16.23935060682823,20.47028498640115,18.40520815905134
17.188562353795135,19.44118221028848,18.166167362255578,22.784974686461258,18.54799653642886,18.886329967165928,20.03586597320997,20.351094151639778,18.482828375729092
14.93584439832788,11.476252471404926,13.705228615210142,16.247671493678727,12.44375605767723,13.108762918914278,12.71857014494435,14.013729593563077,14.196933342618614
21.571236662976368,32.210889552673656,19.833271756501766,18.205591378586064,22.562116603643283,22.082874535342608,23.6420854709496,20.889313677311723,23.316303413469527
15.459879622393945,22.776624995997008,15.140770964034118,15.040338747905805,16.5904236862105,18.44718115588953,17.70331958705363,16.781297026476466,16.717866743715152
12.938481493323543,23.990736325612687,25.17809939356885,18.158047877851867,21.04500538677841,19.606093440322404,19.522648229476854,21.996324552076395,19.77301004108198
27.32824384460777,21.710461250615456,24.179365849673033,21.736419963738964,26.667228997347554,23.52791771374602,24.739171052860343,24.640477489246802,25.663071711068284
18.871118497567323,18.32441599637706,20.41638970542227,19.538333139248987,19.28787260025831,18.35782079217819,20.03076167957884,20.732604141635218,18.690518450958564
20.33764102343962,21.070377595256147,23.444026819079095,24.24592327584118,21.71851017559392,23.046878131226656,21.96553070756937,22.834591785425314,22.58082507330973
12.876259068932717,14.003026189028443,18.259165400493526,14.434336831091123,14.110357875659917,14.806424830547407,14.471437257194754,15.174863189559462,15.650010648847225
17.278086377374088,33.385432490266524,21.061749977500064,21.00095340279296,22.3048242854994,23.85550004084304,24.278788347647765,22.901579748266936,21.440244794136834
20.55461294854933,15.82744000788802,23.9108811812083,14.006788792522727,20.528111354887315,18.73304244201328,18.806944571949757,18.463604899294754,18.494137588206687
14.245032112888486,16.840168580764104,18.981994727177252,19.37670587669457,18.357709346386667,17.7735669252348,18.405672492749243,18.70450780702489,19.123278583089547
21.87849009172836,19.798703978067998,16.979251313942864,21.961333690225914,19.389571776083624,19.814356107977424,17.765470694138546,20.569355560047008,20.16728781252864
16.996806550405974,28.44037862426189,11.181512167291537,18.141989732703124,19.298499235744973,18.87105330512673,18.78865686568509,18.542792525914617,19.534363581247206
18.541531251033618,22.07254499631327,17.667465897114024,21.204506416347822,19.24245351965485,19.3528088262497,18.294103053232813,19.28479395561831,19.73067660169012
16.991466938853016,15.819321019847688,21.293692738249245,15.161070660668264,16.896989620347213,15.989682273991244,17.29059933191779,17.4167827919409,18.86795104879276
29.261390922544688,28.271691803786698,21.78253371027052,12.345240087214467,26.963002916359297,22.21904289662714,23.629034339299977,20.57666853872573,20.847366516902085
19.93251387631033,25.65500313392741,20.01746026287364,21.228118489951214,20.48384884690608,22.652345230973268,23.447414086514755,19.56763471646518,21.547638580248957
14.711445355220498,24.692174786082262,15.83480362015104,25.97604093630293,19.52326508650969,19.98977131684838,19.365449446002,19.333500863142877,18.832786873557797
24.112724560515943,25.578671205854203,10.092713724209638,15.015820239320432,21.567054062042477,17.863114661263946,18.17427762717307,16.034285252763738,18.171963609682788
13.895781750144888,33.97180950291225,16.01913960798106,23.88877672042718,21.200409970968742,21.148468282964362,21.848343988290807,22.137500675361487,20.626738578055086
21.044317975023777,32.925474475180565,16.782620515784195,19.173693635265643,24.46233082623386,21.23638367925696,21.50699554885165,21.645856047314407,21.740066174145927
10.201649380601122,18.56642328498352,16.748284131239945,13.657233913227696,14.513618795843714,14.662982003504606,15.771957406302327,14.74943899965057,13.03231512069802
13.359069755507846,30.11942496405576,20.474225427911698,14.47397879459135,21.138828277617453,21.63275768165533,19.53658019015104,19.400565630084667,18.39690508586374
20.984306179345616,23.9158409487945,25.94270564405936,19.0631390934426,21.141124489606874,22.409982838791482,22.598454989786564,22.708118986710527,22.446409404888417
23.692332899977053,24.495479080688746,18.49411680736437,17.382150848303585,21.91384006949381,21.512261041313508,21.6361930358576,19.49949518473672,19.38836116947325
20.85684140594985,13.538645841783357,17.133072843374155,13.748348092967044,17.13396655003545,15.519493675932674,16.247515529643195,16.459164594856095,15.8809680966771
19.421758588058797,21.14807117305902,16.96311274798363,12.22384287509838,16.055924239776438,18.40134216497308,16.62165721787409,15.316013945178721,19.656909355918707
18.494481522053555,17.935882048317175,18.497539067630857,15.613122688293975,16.95342457209361,17.399796375045245,17.57223609327542,16.370281390366383,17.848202625159715
12.607390048162863,26.140294074466546,14.686824958606405,19.77523603332447,16.986333582300052,17.492776680668854,17.446254919126684,17.997663317502052,16.062470426879024
16.400778958026457,27.355402502014023,18.48079423498422,18.974396989587447,21.30873687459373,20.556941142722813,20.410824060269523,18.8301914837377,18.379326266924032
17.696806145201062,11.627568244918443,19.8032493453272,16.995048169999688,15.520304271306765,18.20161655839425,17.527605697163395,15.214538173677923,16.91962405798221
25.285611131094576,21.88982567997865,18.838744254297954,19.80754877716593,21.61161689770163,23.027087277485936,20.280454168361945,18.890811424354393,21.77432799790771
21.71809144784231,27.60930752397126,19.830167736019124,23.16010687945075,24.069558852133394,23.69401554623509,21.547047395378765,22.33105521937259,22.363911748485112
11.18479922318633,21.066605188432774,19.734990437394142,20.576506041736593,15.180639291666797,18.45568092531896,18.189975158607137,20.0292797638093,19.882025661530236
21.620419846973974,25.64531822501182,10.912413271014225,18.51476531444168,18.30447852449657,19.29825828318603,18.405429547616517,17.86186706683078,21.970830668498557
18.074588597918417,23.755827338135422,20.547480633581614,22.712288026642756,20.375716269919245,21.765220055160636,21.30429142348152,23.17921842138349,20.832341221862034
16.615389998470206,23.70830115976313,15.315940617350186,15.16059879113482,16.890187581822186,18.0225835386879,18.020461162289287,17.17942023365103,18.21060185823091
23.05838144420434,20.643425109658512,13.61664334798417,18.100321841778594,18.540061669694335,18.95070521441201,16.711006706977862,17.54747757040821,20.12279084864442
25.154997612479754,15.917095979321452,13.582192688580015,18.195648257598528,19.946564993952176,17.72814263653966,18.90233306215348,16.340083472795484,19.960924634081355
24.656400595580994,16.392349262874863,19.734166441890117,14.052186966228618,21.008290840008318,18.2636998384271,17.539107313688397,17.651606113021696,18.197794087721977
15.803912383886807,25.546762572276585,17.109700291100587,17.32050335086257,19.928448334396197,18.226565206579384,18.922871698966947,20.810320206138215,20.408066510320786
18.453938120743928,22.097291277594415,11.272124864058357,10.700161276418788,18.44398039233668,15.381585479708212,14.971496549265442,14.245101833397287,15.35151585124496
21.65631715701782,21.307438776963878,19.912151260769132,26.648712190651814,22.943194287130098,22.826401729927426,21.82919783156637,22.734867901691878,23.157418892872602
24.877725635611796,19.880549788388237,12.24156747680469,15.250344846254748,17.760012961920673,17.630787051435824,19.756504876382856,14.790498662920161,18.46488810782686
17.60412881077355,20.47405577259624,18.559285434072844,25.344456525685246,19.880582955400854,20.60000632087999,20.814749156577633,21.29269744183638,20.551557669972695
19.071705116680914,27.234558972440695,18.953995702692218,19.15233802287797,20.975474481661255,21.21835950274724,22.007837856626544,21.339713973419972,20.983328336832106
14.468325129969859,20.323779590659868,21.54230832678018,21.259456528623836,17.571447001413887,18.64578520194013,19.549408748211178,21.616658848366047,17.905666507272603
14.018966879596647,15.294676433492157,25.126739145867404,17.044800806596275,17.48623222392812,18.10054849617463,18.491309391043075,20.255052399885443,15.432260402556139
24.062629111970992,25.718258877700865,12.541294696397834,19.8317187678467,20.101664644267142,19.2342797474438,20.95585372562255,18.389209967566433,20.606834602751324
26.781200142854114,20.975616680676413,17.7901045757478,21.601958559953744,20.972273226617187,20.220058943885284,22.041676134494846,20.30044943584273,21.38766422520393
19.63994939209833,22.156979327663883,16.894658819823132,21.65820965757673,20.681399028942515,21.180759863050522,21.194605208455197,19.57863655117598,20.747279022386564
25.01766448946012,30.037891531997552,19.73499874384385,22.09909356029743,25.66312837769273,23.935132687769713,24.37891753524401,23.140259364533193,24.523395628807194
21.80818012523817,21.897197213247463,18.862675083734473,17.526669159843294,20.95436580267224,19.35344682065084,22.308828967733554,20.630978677426267,19.96590926461753
16.77440122697438,23.445918365593627,16.58981502905352,17.07856131003458,17.889441732558865,20.399272210176843,19.432705555726464,19.19875774964915,19.644610230586505
21.80697802754207,16.105382543508373,16.23639124555658,12.623294698929586,18.80784332765574,17.40357171741806,15.55347093114446,16.43623017308317,16.791208896891515
27.690182832329846,20.9016527382452,13.53419657926381,21.092876044707747,22.84299876678951,19.715857345158383,20.628177339653668,20.72010025647017,20.063936683667183
19.820869804450243,25.047630226043005,21.951446329626037,23.329514845293772,22.25118225509504,23.157436222201884,22.934442900843933,20.114807635815346,22.121286464402598
27.82321827907003,14.223131330793787,19.836816726398116,25.46392671967172,20.732661686843173,20.63962509864522,21.88127009969545,20.740794226200492,23.969100877915913
6.901274479551278,23.004225465578546,21.67107279118055,20.22069053832203,15.592812697832883,18.13430280132279,18.63618923763027,20.014336199925285,15.187394483753272
24.10951252187612,22.50395536322403,16.758415454097946,15.934080908365722,22.177916476898265,20.262121155729965,20.623507766724828,17.72310330502034,19.77151586548697
20.435235341190857,22.206437277937198,15.372658125222278,12.21161542684218,20.45890971038796,17.478796889234246,16.196899556999163,15.367608143195698,17.885336345600763
18.504963247670663,27.185794493291215,13.686739733483089,23.166666932333403,20.28520168360926,20.671584313032508,21.917118646411087,17.99519155615536,23.328238233883866
20.45880388267751,23.672192574242608,19.435670334962637,11.814893732889857,20.104129797817038,20.40846163077472,18.34857266570711,17.78772654488402,19.511939503438864
10.062155426995536,29.39035949178222,13.840827101887061,17.637583689024932,17.212204699587723,19.420516905100254,17.136826921557684,18.605920442360137,17.088775436904484
18.90164056081244,17.03205242202982,25.3946522758662,18.102772688225418,19.834372683840677,19.578800767320303,19.25865709402793,21.65920359960559,20.10742414063751
21.78556285755873,22.67962283609174,12.769429675626238,18.722179448595924,19.36314857377583,19.22229581703341,19.79777511045874,16.68677667156279,17.344437833905065
27.38947022370758,22.422333931949737,19.094640476850007,19.14321040014336,20.521552346880707,20.633772201264353,21.74534606001488,20.8244781980754,21.213476883009267
17.40864890863176,16.6537275312246,24.267418828855146,19.5525902254703,19.96108961278524,20.119005896160044,18.807044729207743,22.001954811507336,19.923556683357198
15.957531985534061,26.78147501045673,20.396359037055237,9.338546951685881,21.225270747092825,19.361061307498684,17.69451908873944,16.392088855627378,17.18555788732469
17.491214782077318,33.62336652926409,18.702694849967116,19.05862363948051,22.117497345945914,23.38676546044436,20.42428329128138,21.51362383551902,21.71890498891098
24.57701058851037,21.914969627580845,14.126065412152418,10.081697703552491,19.172024607545357,17.44660741568832,16.832772068997546,15.802126751102861,17.63993414924287
21.643755548298422,24.525105441368837,12.472923245729184,21.92887229236398,20.565405207722034,21.89800544791438,18.903080583287007,18.647242969141267,20.46630319203681
17.351198981164806,22.422592379076637,21.080200435670342,16.77949937678555,19.373743447272766,18.97567780839385,19.139203462678445,20.536201755253003,19.0426987188133
22.56633716556678,18.432076650464122,24.024588963099788,10.371853099106598,21.393779541059526,20.29618944797231,19.512907239832916,17.16661453195953,17.31675501784999
20.4853877467402,12.896198610989918,16.244600038087313,15.743181290458496,16.940892260301407,14.956255082394577,16.896217822502212,14.842754238447064,16.46780346863012
24.843224952664446,18.471132584523176,13.443753969534596,16.719698643261385,19.046727584284607,18.39139486003182,19.626203035042483,17.25400153565933,17.607749758160466
16.489734530613237,15.040208095241343,8.167322277803926,23.76279847022002,13.799291092842436,15.588555689332015,16.898991660766253,13.350559463202154,16.097669518120792
18.361689267011158,30.52051039029559,14.076940625349849,19.78655096700098,22.16050623048288,21.063859223058344,20.15782609749602,20.318780386033744,21.559867282537265
18.039459234339212,21.424451530383806,17.54537263000384,20.37777977740232,19.78948289775608,18.879070639920894,19.365837193786007,19.67013737096483,19.138384225102424
12.682425259339407,20.270403354764145,24.396492963346937,23.724886536882405,19.46643823461445,20.822666145422986,20.235995934361803,22.940306082995626,20.451412277769567
21.48060138532288,26.44576912393903,20.692534768931875,18.615422848302043,21.557833779206344,22.427706348016432,19.657529348902074,20.82956507262375,21.571762602774207
21.305276360899448,16.39124448572056,19.22034161882701,22.01675184412961,21.32366429778264,21.137817958676365,18.516144040484413,20.2117771707172,19.734034015524955
20.025567283212304,18.165679809977238,16.399521354795475,21.73544445572797,17.16968506575275,17.849422411919573,18.914266548777135,17.543846998802472,18.432775048028205
18.827064333124266,22.340361346243107,15.667337130976176,13.85412202572235,19.461414787291584,17.382633318621107,17.499324773875667,16.359445220201902,17.005839950688483
12.92314628974793,27.143844957117402,23.622590390031853,24.891934310519318,18.616540744895794,23.077682281267563,22.657704041059294,23.674039009844346,21.68098969549055
17.896773386173205,24.50842522584394,18.802954163033558,13.318792879717222,18.81337566110243,18.98047327944608,19.09537804322783,17.30943248835779,18.607099201666887
18.286427417366152,23.24162571257941,9.589597232315912,22.66946659791139,20.032947717422562,17.940504648793503,16.676086737943482,17.331753624586543,18.975349658119615
15.988613653891905,22.39058867618008,15.305841408411029,12.93170785237747,18.29832538580673,18.163345161994968,17.17278463217265,14.934620790909596,16.864862786744744
19.193571441669953,24.001179277633877,14.567135872913493,21.40494715260669,19.385483834314332,16.869931760590305,19.970295642659767,19.236582304476187,18.37304850583276
22.020254284072692,23.008264525646272,15.81494396329014,26.44765951260069,20.99949877241937,20.74259596099779,22.446153753047078,22.805804077020063,23.1716783943728
29.43092950605265,16.85013862611532,20.25164264114034,18.148085373799155,22.79317256669908,18.903968129895812,22.237064624418455,18.60153770580685,20.56580437670472
20.872889064159196,22.230396108165756,17.570220472823003,17.974577428587416,20.843917286297472,18.513861835941878,19.519137795645868,18.931269429478572,20.59786788117976
21.28775195361382,16.631556705411235,17.692538371985354,21.441759997267397,20.438830849875405,21.247755405467693,20.508989994049532,17.346668826372845,20.18607844415653
19.627770421169163,22.40541271450412,23.253892645300947,17.682414176149827,20.535517924885582,21.757996661358074,19.85297203538797,20.217186877892647,18.454726889011745
10.406143923504793,19.59676029255879,15.214155640853246,26.273114814971287,14.099843203350133,18.73069145277693,16.926805547599812,19.62951232343437,18.702923632410158
19.867430622753915,34.696908113914304,25.4567981035494,19.768768997834783,25.581249830817974,25.89282213957042,25.37624864964864,24.608846024038314,24.916698469502265
20.301151049705133,21.800528081241442,15.314769634515656,17.719321967117097,19.038074130360933,19.497397742923486,18.415175137839654,18.574335303928656,20.08707990854399
32.316210562426434,14.978802168692056,18.356792786450285,16.838857888417266,21.474735516961527,18.065127669191188,20.88429841611548,18.977639329763104,20.645041242175555
19.038195176094387,21.329098946615378,16.875185618388933,15.268206119307917,19.213534405343744,19.360864040351352,20.120653584946144,17.435657118740473,18.112188143692084
21.507736711668063,24.59679372818944,18.493676534003843,16.488980052970042,21.116652361129038,19.706640313025705,20.665291830211817,18.38488445157378,20.7115584648788
19.826441151473784,30.366819730762618,19.778367980292515,17.597306425365613,23.062538824883156,21.996990009358505,22.104403360837754,21.932035399524132,21.992488682674924
14.156609811902339,19.05273800030641,19.735340960355508,17.04944370600568,16.136033687337346,18.38278546223483,16.62931274099064,18.539311805646918,17.528952609367757
25.714114072575104,14.0878601298818,14.98753067751768,16.367298903451584,19.632950224168777,17.455346596007402,16.089221139232198,14.766144967267065,18.01286581083128
23.759665163433873,26.084185057154905,13.508341290209717,27.395364921409758,21.453228135947963,22.193383969571663,22.614342492778555,20.25022392699786,24.252958049035158
23.955159735215233,15.097006470501745,28.012687163622843,14.879619694042042,20.373933847668805,19.33676782250851,21.552988512453666,18.314849159732255,21.266192522416617
15.453062726026305,19.819222792462575,16.064062641597786,19.5865303505847,17.055543260440047,17.872717914361953,17.407781620607167,16.445108186625912,17.53425670369877
27.013971554680495,20.71189757244503,20.796849754687948,21.370084039043487,25.05735466340736,23.089996670367917,22.874663229419607,21.260165522524908,22.033411339502727
12.990744686038596,21.65183273349946,11.569434757907214,21.52043198233493,16.942603212828708,16.336128484996916,18.35960831266363,15.657488872819423,16.26970315959525
22.934285469001352,25.445822285371676,16.881549120381294,18.76557169687011,23.137520371243102,22.353119900240483,22.40832345613647,18.933217565134335,22.340249146244243
30.952278129049894,18.58182858856806,17.491202464070227,18.03718971261076,24.674496325608644,19.74711094820961,21.69444061117652,20.6098015876057,22.862124947944277
15.047318374346558,20.631353739166197,19.89126027971133,20.806189964958026,21.870036659737426,19.33403376524255,19.264137068202867,20.858177010677903,18.84053552284685
17.16851135198614,21.928648235253057,7.110183436032244,20.066086599912804,16.916233426126535,17.69389682514199,15.049724356792986,14.271811948875364,16.778972512305746
20.498256825438204,22.74798978759394,18.664562452313323,17.964164660929946,21.973429546138977,19.434850056546196,19.338548787391915,20.248035653669437,18.05305013303622
17.482621729419005,22.489135873539613,13.401034178528429,12.752485713102278,18.70788011524734,17.86805798750174,16.250563565629257,16.647121585896052,16.1641651387919
12.246682844669337,24.1800288761129,19.297382844779694,17.12830511066701,18.72102138403177,20.89287346955686,17.360768307623083,19.53666722238725,16.316863576225245
20.342814874030136,26.219197548208687,13.854683212647348,14.413799345170169,21.989441409161326,19.144531141021023,18.956077007966847,17.44306156869664,18.600759894423057
14.688481431369475,23.96317057825484,14.578069216297674,16.331361799734694,17.19378073827277,17.23932359720328,19.301918939900272,18.0904415629458,18.199448175003198
22.36796215317591,24.267927617546093,16.90548955842693,19.132892954067838,21.023265329689984,19.87945737129063,22.18632966346581,20.361963428375347,19.70448841439529
15.402878828830985,14.088884166267611,13.790682121587219,20.434944575986464,15.50921317681063,16.836037270667262,16.173227284999278,14.791726674010038,16.565847039404236
27.749672025087698,22.251138495828403,16.09786221305858,26.121811005169626,23.424264129990394,23.55569101805721,23.834555006810902,21.311950834509805,24.82902481286452
16.083733538318814,24.397537740008044,13.226496925826739,16.850374484384744,18.401592423931938,19.323341127159825,16.910931356778466,16.281522936420064,17.625334735250277
18.38969241897162,25.64470597285225,10.667318193205091,22.0985025411006,20.95535143724841,18.9584078911757,20.66414413220119,19.016861960006906,18.884880359382876
24.067586086848348,18.53824612883103,22.071828209717438,20.223840097751346,21.147111202400993,22.079114480011583,19.663408534841864,20.429869096877994,21.419829128361716
13.845678417830225,18.704803625556774,12.815805228704287,24.18399068255916,15.826593606202167,17.013277085230126,18.300397649748774,16.754862891833994,18.670271213196905
21.137299673020646,19.129496623582007,17.285276449568066,21.304914878382505,19.955626637561302,18.529819710617293,20.20983661633808,20.271896409832085,20.2781968399484
26.53571377141214,24.682069499456716,21.01156432597514,14.966074290854735,23.489508226657204,23.132624545195288,21.04299608517026,20.744104310610805,21.58589260120609
11.962583827193862,27.16940527462104,15.540223589935827,12.107815882835075,15.340675591521041,19.260838879651054,16.486220386908514,18.59035598910009,16.91918881213168
20.92316929266152,19.96269946354199,14.699336401017849,20.245046798670018,18.742321873498835,17.61165200485294,17.823310285816785,17.17586389917624,19.797789870261855
21.299413971242117,26.539811568135246,18.904952354669685,16.886196008398436,22.638692372948704,20.231120209868916,19.815953427809138,19.546907525672665,19.3417333495032
23.90911435888655,22.61739904582297,22.471735290908608,15.078745016197612,23.788633768035645,21.36429411026643,19.428194427330006,21.548676603703804,21.34559734185356
13.81524644560959,21.378571114187817,13.322738939654124,13.92968918186769,14.84256805108005,16.915508747389037,16.379075322530518,13.886140826559458,16.21330145379384
13.397716934578618,20.943078850910155,17.399408671930246,19.64390199034862,15.926999963294563,16.977250848083614,19.05137158136859,19.701013887442464,16.343666794958764
22.60970782808449,25.733056823010784,11.07002162013069,25.030830797253458,21.511121384605854,20.796046994965938,18.94909640330643,18.137384652454344,19.384037780363055
21.48492336616593,23.62788908393535,16.42719598527124,17.365310617175833,18.62871126554097,19.19614536337058,21.564635279288595,19.264765295875943,18.624154540065497
21.252464251729382,33.37912713823819,18.1368187381523,21.36108124430129,23.833225511236673,24.67832196194828,23.520364606468448,20.621072694906605,22.984753136403686
21.732241047484877,17.738876785013378,14.581501432979737,18.59093459912963,17.05391114145548,16.962861773224947,18.45074167102874,17.17601025467026,19.57081668263091
16.599876392107547,24.590508510149878,16.172032664699074,13.842471643586428,20.004818107028907,19.08903495986766,16.328809467050654,15.83011341081146,16.394260611494854
21.161268485805017,19.353994950942436,12.3670929267702,21.93924537404167,18.16871784801254,17.97821432446542,20.026226184554694,19.441811858701058,19.829492000151
21.465362366493405,17.65356506505678,18.308314445525973,14.621231823890515,20.65883472394767,17.06874216757057,18.212368518408503,16.315314062242727,15.125973024449916
16.42824290986816,21.94566431482514,22.222776995532598,19.086506522374258,20.62172386319709,20.417172234982694,21.059623925421334,19.818162899896315,19.66841981210435
29.328872555723784,22.68676239703518,13.611424520918145,17.63391833997878,22.37693718188416,18.344040940038155,22.036102774061714,18.74041100164318,20.941734198416007
22.36916460455894,36.59086777530047,15.509312933790468,22.572309738262767,24.212060098152012,24.05925450918668,25.59528818569943,21.92955048161427,26.0010772263041
14.043482513986756,21.07927092158399,20.01018498581673,14.767396030117254,17.226405133077385,18.42641355136568,16.82680283702398,18.75444859609654,14.969068457478691
23.28276804316915,16.349106352576584,22.848362877290946,20.56347963120784,20.739213037361406,18.756735524803762,20.552967218167925,20.195596936445174,20.978866665482375
15.126591648863393,23.365053587471927,12.027240751164275,15.640810370605196,17.375828867032713,14.200031852379166,15.928222014796681,14.900858337425438,14.410458121943407
23.93542301871226,11.626799812268159,17.324861050336203,16.95557915068486,17.4461959867709,14.524331372847566,18.355762220741653,16.707961723584248,17.507925090177558
25.79297789503702,21.54021608697867,19.1325232892781,4.459199089839592,21.798075424470195,19.579385765352722,18.064118319647083,14.661179542602412,15.50904600511038
15.896588408241447,22.080126411475803,17.59177443748461,27.368394286471634,19.503195657883303,20.477807780868012,21.803365749931615,21.649278548722123,23.214663718296833
24.81688064622161,25.97300191472606,8.092831732491652,21.202227731304927,21.11704679581942,18.891106375663433,21.133974309243296,18.151387979825266,20.263351374640514
22.06390463468249,26.868111247139232,20.004360037235088,15.930610056247342,21.767887585668493,22.605799059165093,19.48948700288713,20.91393638465677,20.561819170843798
24.11030079997245,19.482151905461414,24.077345404362575,14.501377246668024,21.569487714068035,20.38573511980618,21.893563969669987,20.932092668213222,20.252669150851638
29.483964913269737,21.246929926850335,18.466647004678013,17.01740498848264,22.745833591319293,21.48280895967571,22.504597666085896,17.7648075551477,20.760849564043795
18.773059419985646,18.169395846946646,13.875575786822946,21.867518139277806,17.98034818825421,17.76736235290683,17.80216241507276,17.160023122041355,19.65640632819373
16.23131917821255,16.35968722596153,15.947491014542868,11.431660297660297,15.818536756967992,14.753749946572912,15.34233219562394,14.476498692485087,15.400523636349076
15.552427851872384,23.549473896903173,25.079652270622372,18.43366232282265,20.406817279702985,21.680101769085777,20.530134513972442,23.281549841459217,20.839590648585396
15.920948575172808,15.632072257017004,21.639850163442233,26.082567489850693,19.760470298519596,20.35554116056262,20.43491530000186,20.617912232912822,18.83747742156261
19.614491452929478,19.926865497140685,20.560106473537317,14.464214656128783,19.249854270934765,18.776926195998065,18.270023139229192,16.208394738184484,19.45632144209713
21.70575987408322,17.024130200503812,19.425650334137504,19.32154015505462,20.611424959241873,18.679838593065348,19.848197382113895,18.13815470068365,20.61798739499592
21.383453996650097,24.748415931451298,15.355451551236111,27.81323926103103,22.059908011421456,21.527986488342993,22.392445489751488,20.912987767371234,22.547388438851005
24.13591624518012,31.00715049633244,17.197715277376926,21.52860651876309,24.310671052425022,21.296451752115722,23.03515323091784,19.796207656436543,24.2353510594684
20.065009459389536,15.492060085983343,17.688309057285938,19.50369528194182,18.042493879250955,18.150911237755967,18.37740471605222,19.000047691338416,18.77935687434755
27.267670385786584,12.734907585512154,20.198297264257775,21.026545819636013,20.811028055615388,18.329693407026948,23.013324837286888,18.091451175089944,19.480906299439788
18.67671583381022,21.375565573249663,24.035675577067614,17.39653865996119,20.709912694636845,21.46774196796839,19.68558728119649,21.422038075078447,19.721418676282838
33.600845832948096,22.07848897978879,22.47335254717251,24.19852514121376,26.019087285452787,24.83500255224547,25.33785953401922,22.932284214789167,25.76866955986117
23.12833673882503,23.09329653378649,12.322462576815838,17.40267990839915,18.918743778424076,18.836052159155976,18.318581539823597,18.588266351190956,19.327876104335616
15.714212217918586,19.768397423828276,18.895979875604194,11.163273565056091,17.76602483941664,17.67513951703088,15.822249385074203,16.15632102853786,16.817247482512204
14.645537509694439,20.99680350587284,20.947053380671587,17.434787584238162,18.988269322779022,18.07269831840891,19.321819848504617,18.79406042509867,16.371527569958122
22.412362076215928,23.83755205270301,20.47544132057854,15.133061880493186,22.470240731265108,21.172231246677246,21.18048679213373,20.267096157198225,19.682647953628607
18.882686073370746,27.202154463224193,15.483064946450323,17.875223951210284,20.75282817128312,20.424768880381226,19.854918855242577,17.87719217940439,18.742579456347876
23.57000247046046,12.224756148408586,29.656436863073445,17.963663763677477,21.590306209142483,20.686310317629403,21.880011396674103,22.629171824954586,20.057447167227078
22.366188122867726,20.155302804842687,12.891661750675524,23.78969279921963,20.66379674667411,18.217079350309398,20.5941546648957,18.07958328845492,19.633048138896278
19.635855436715637,23.069043969705316,13.667246213335801,21.781170906657543,20.47425105788572,19.899530687642134,19.37599494557736,17.98404224833415,19.840536295100613
15.766031409657975,17.41011947694632,18.934380325046305,20.053061950301586,16.462089845644392,18.770623157009016,16.50703354869384,18.560729041180114,18.53780342122373
12.425763876570677,30.6558481588365,26.467212219855412,18.98821835466962,20.262372480562632,23.533316585833518,22.964043660432054,22.567425977780747,21.197131703999997
17.767425239664895,18.822950598856316,14.655220597183316,14.764567964568023,16.772786944664045,15.479547583943829,16.67220572107011,15.641899587394818,16.64090040803696
24.28199397161736,21.793536564963585,16.93668653741203,10.27529904933729,20.648341661009503,18.003076501978164,18.344102494533157,16.98365608704306,18.734977014587162
21.07046872065102,24.780110484211455,22.309174692062772,19.452640045571133,22.027398449361222,22.17107458370663,21.43705046561438,19.513789460686084,23.95511579863188
13.77130610644006,19.043576055990528,17.928551380449065,22.178564814294635,15.148471685554583,18.97010696506091,18.97514853840989,20.10214334784773,18.315278177822215
20.86590462925591,12.767134760977914,16.661584581878817,18.566664467021642,19.08717825520881,15.131640220999415,17.563818362212068,17.690628718107092,18.736653000267886
21.926586898644185,19.856727365417335,20.26253160754688,16.860582708853197,20.192171572591835,19.229408149084364,19.4897791023131,17.472614444056223,20.624186111413245
15.580712818994336,27.1472027796352,19.090071960918372,20.85800866085685,20.452965636334604,20.756254158194107,19.443544507882276,18.87051092476223,21.956865555096687
20.76862552972764,20.315524366074307,22.121755142547165,18.666671197502613,21.9376746607361,20.53502161862946,21.536073160843006,21.43057746805847,20.878563784843443
20.29104359223,17.767828492705107,23.165875556261454,25.742976767895847,18.309266503224205,20.18559000269029,22.346836325428978,23.336432219153412,21.152630736857134
14.285148510846884,26.628361047513607,19.228012240021446,23.93091336827314,19.429567631512725,21.18259158371119,21.273511691609365,22.247700721069325,20.940975142264893
21.788936801741418,20.346125519884737,19.166930901513236,22.83803222809332,20.549484506194165,20.468827168073748,18.378232367694178,19.33937700968206,21.54184073664756
22.80392263184117,19.449195931748914,18.856443929144532,22.030936456839616,20.594400218323365,19.421071904514534,20.747230480277498,22.15073218198708,21.9267683075707
25.415256215876383,22.74728044831655,19.95652222659715,13.839330342194172,22.19203750967041,20.544090529919533,20.248393604770403,18.470388837732532,19.443739832904484
25.269010260174515,25.853751048093937,18.220682551485854,21.651974808210397,25.120198208061048,22.065357996765414,22.130358981936833,21.72099323971195,24.157503314391054
13.111653160214544,33.90856765866273,17.997566070710842,20.5053038305863,21.74073403461266,22.79081765948195,22.13500795860789,21.695275447053064,20.471550992255086
15.310874800424386,26.136180538287114,22.78650848330897,21.425698913564652,21.62311093830298,21.138793888272296,22.129675718063556,23.8935678078902,21.64488917244766
22.5751763360433,27.79919983194172,24.064464721420173,20.97043794725221,24.326887494820014,24.358056344796125,24.289144426356735,23.85944217268015,23.746090353734665
22.568929754561044,19.470169005060722,11.969788221466317,20.81105035139226,17.94431223662962,17.299594351919502,19.74287524788783,17.597998526146984,19.424576255411402
22.575238431530238,16.870659470152617,18.040084606962278,29.80346587819838,18.599959687724166,20.34920984692138,20.800063582677037,21.71160346597389,22.929616518825334
39.26365745327361,22.311656748095615,15.245222266219061,18.695257320192322,25.788122467769544,23.156138286692993,23.425294390175846,18.89876380878011,25.57104224628394
22.854452553465833,22.53584957629798,16.75611413405571,22.745349523317323,21.88805937758462,21.142267261304898,21.297733709970018,18.00000508478668,23.496988159177103
25.677828200902994,16.607436293177013,19.610064838941284,17.11604075894399,20.918748924694594,19.007001949026527,19.13084050376341,18.900688116779396,18.0642835295488
24.770008817466014,21.123527350479936,20.677753486169873,22.162566335550686,22.386705415363423,21.657488663265617,22.91063321912017,20.209214556460967,22.980031662159025
23.25695625652899,23.996588008595655,17.55149422555462,22.75727956092982,21.91920879965406,20.213665388627323,21.368378664770574,21.322972001186695,22.157854988068443
18.42365377679827,23.8019669750904,10.346638661108788,20.45770430854139,20.63687134176507,19.423617618508388,19.55586093483147,17.027475616887997,18.317021985637133
23.794846102466337,24.521439266921362,14.139817677695282,25.676987769506,21.447128942576125,22.180200255657486,21.102113302397054,20.767229561608183,20.210523327387495
16.13587392731214,23.454823650687214,21.585998680800664,15.46289585455833,20.282105443863042,20.48344870669156,21.291881677840205,18.524895732093956,19.068003082113734
18.815906966299956,19.464956703649722,7.038294311860275,17.05111623332711,16.48053321934066,13.529347727622199,17.621865909386692,14.74177870846355,15.935786526108805
17.573182260854484,19.430496866755785,22.749708606728,19.849520344093957,19.33237620833753,19.543112170545538,19.80597387329271,21.172928242585606,18.828423408504918
20.409370696931614,16.005243010030618,20.084919962578166,22.523227413936887,20.411265464307895,19.079022485032713,20.90186072179507,18.85122209784703,20.14029200049979
31.573292833367542,30.923875195925476,23.26470432612009,19.717718085179733,29.993722748558096,24.583714548289112,25.96946954963961,26.63184906244607,25.932228948908413
10.66367403704126,22.067251823096466,17.205723252476158,24.143036146042263,16.501543969960064,19.633184655364584,19.53320781289538,19.394226595541753,16.554214903021425
23.43130095187257,20.87573472102574,9.75437830390838,16.353240516134722,20.02064322869404,18.599826689629833,17.42768529177858,13.991714015137367,18.149569764547135
11.936420644051742,17.356039592737705,19.721450566025993,14.437686042045783,15.73333021500184,18.46000334085223,14.577459312706821,16.12638403771502,15.907803567282011
17.640340671052833,36.678289511638894,23.098612496153365,20.232513346146018,24.71003409456799,24.46175757825971,20.87962081856888,22.900000110171607,22.76800319203738
25.444752984836832,16.63335983888552,21.698887222053685,18.691278895545214,21.581069422222672,20.444203991192442,20.3483562892597,21.517512741432732,21.16897180898758
20.321400095477316,19.855760371969634,15.349234066047858,21.17145488143288,18.584271636289838,20.182887595937707,19.453524862417215,19.574870501619856,19.59696735523672
14.611276110353469,24.079184181430303,18.347044301850588,18.890390836533985,18.32061424926291,19.174583455414805,20.312290283578303,20.02237899375821,19.581238003293187
16.42348145370016,25.00106482872139,15.868654924880303,17.63992083750617,18.426799819070453,18.506608470479097,18.769905543353396,18.833141234171116,18.289272244413567
23.39798874467338,26.789660276078422,14.722934143242512,18.700249713105105,23.112082097080812,19.007408343807484,21.905618353992445,20.445321661727927,21.73308226035796
16.34816684141432,31.038042538846316,21.821554284719404,19.11539557917274,22.031328797539715,24.083213988958878,21.62684826381667,22.06367136712834,20.897635335070404
21.082292947909874,24.53078827730356,13.209870754939352,17.780074800606677,18.914421268788516,19.07541050330282,18.81347772565842,18.055019835888498,21.174164092498735
20.22785919951907,16.719846000166662,14.424734277673549,18.18747181470629,17.087354293699875,16.297098427234072,18.444013505544977,15.780998845082548,17.316673761195766
16.741998261970913,20.715274374391093,13.583897466110457,17.38562665205236,14.167459130320843,17.39913382478398,14.642024703961932,16.31305313069406,16.41312271797499
30.719720446626628,23.539161862569426,12.039009906803813,22.426660479477626,23.505612164847857,21.45573308921149,22.194122002772286,19.77348369690875,22.959056512261984
23.169595111590056,32.34113020752912,18.585657167370414,19.776084018023198,24.702562007268313,24.035431140747104,23.06815527657233,19.071130801243367,22.34104230835331
9.874287066711965,15.010972607878514,22.646012193927902,28.027009888675067,15.648774187834455,18.66025676929266,20.250181644150643,20.836420296785867,17.653129613083557
20.93227157384714,28.012882526126138,17.260492975018938,19.642818205113848,24.17330815442326,23.319388764899085,20.933870025046698,20.657833453925853,21.954804388175187
16.69106767615806,22.899571847732084,11.977008797743334,16.796570118685352,18.19626343711509,17.026842019348884,17.607639579649803,16.001279625923786,13.95895875386341
24.26216667398112,26.189152676147405,21.359778158968112,29.682701499452257,25.332290107264672,26.672974961544636,26.29496672147192,24.660372590304988,24.975713263053727
16.037396307836495,21.49002641682034,24.742807016139885,20.65450551085734,18.232709367924134,21.77234732002703,19.238587818783103,22.584371312668353,18.912373317648445
19.426317792665504,17.787836849368368,15.415030703413622,22.960499147571266,18.12129217319943,18.789393796643683,18.75805081498079,17.846648801569,19.498787992821292
22.524936394902287,25.75436389700666,16.085782933129128,21.368411932809966,21.603618699646038,21.21743896130503,21.001737355376072,19.02629571199967,19.346918194609636
24.328775970850607,25.272155135528106,20.062642520333576,21.492044117190993,22.68880864597648,23.738560007912746,23.735197682805417,23.143744973770968,23.361056402529737
13.998517964721119,26.86028482869861,24.487494991140206,21.142616205409897,19.869372587753716,22.545552547555843,22.29731033830465,23.95234014622809,21.467986141834594
18.327493820795258,21.933476823106822,15.920663417099096,14.591661740895738,16.74621647881792,17.007941969286442,17.460121920415048,16.366059538206628,15.813956671313404
17.62527344419522,19.000889883400752,12.67020087600718,20.470116190245648,16.055574932242987,16.15491296371252,16.39421204804615,16.703125958889544,17.953437745046767
16.73335383713144,14.206065024880793,20.525674425089626,13.700554784599044,17.30444480855959,16.928788181271496,17.329558713945314,17.68097428146191,16.59257976033342
28.827271201405484,26.096866340697034,21.196272292569198,18.302548654349863,25.28656301472695,22.706526675964444,23.53808684565661,22.115408228343345,24.537874057796042
22.024908554804778,24.11944741221993,18.024525801740907,16.09753017374685,20.754053405036423,20.20544865292608,18.448226419960655,19.59565731761623,18.396596924741193
13.695580228324774,17.171086835680203,15.767466961370197,20.429880743394897,15.820628273994794,17.763842872010148,15.233623293222596,17.71529319126181,15.215754408422738
24.58930973527388,19.307131633516878,21.977514923968187,20.33650498935294,23.224407546594698,21.67452709006522,21.990248750600948,20.893144549469113,23.237322950555146
30.610780985063165,19.666205940242797,20.112144018191856,20.924583563060747,24.263271856918337,21.51844302682643,21.552622433874124,21.83247596543125,22.594389650804487
25.162326302755734,14.585077840087909,14.92625793238603,20.149186290996347,19.980998219636547,19.32569076210874,20.56535958516012,16.483563632521854,18.96831675761186
12.403150170229933,17.91158801697433,18.196378925222685,16.572698632854404,14.784677279125994,17.175435080270674,15.333883651961008,17.46726809844181,16.54744255311758
17.578829635668743,16.33084821596823,12.593169871901413,17.95598604259328,15.626388946950858,16.80196154921739,16.11434771617564,15.374018711887395,15.276047297783053
26.334555745933113,19.937604940560316,20.74356182575168,22.68158464501794,23.285951495257148,19.74001976487451,22.583438755476067,21.36215625459617,22.575226057461588
16.461652671906094,18.306512508352185,16.951065722468577,23.2714267091776,19.686624345016686,18.854742223725715,18.018286663739268,17.82258620113841,19.863183753242318
22.219097140731144,13.864975395666256,16.25715667046105,14.412867605493803,19.1696244291488,17.205190405463075,14.448697172510096,15.953287003998119,15.592913619750423
23.873170267146683,32.11295115284741,17.868502059390263,12.876289469949414,24.627310881042032,24.04461655338851,21.87362333494967,19.858725199681526,20.521124234180856
15.365347642109585,28.262703655146154,18.161230797320993,16.09244246718115,20.017874319730712,18.754919773447245,18.717191150337214,18.441664092167166,17.595400303291555
19.702373219691,18.104902892400073,21.57972024626224,23.180830328129,21.347516593288944,21.68814224035723,20.758495099237024,19.580483277173915,20.02795027318673
3.793663299654636,23.36210698326805,20.364362125300886,23.859536120732137,15.779601775020785,20.29296090234928,17.722586080000216,18.71091831232761,18.22690222796049
14.878061793328552,24.087325449106476,17.374362884828788,15.301152478395313,15.888748154497993,16.45706037724637,18.173516899486582,17.5912891770447,18.75116558227028
18.7371592430342,27.955429273867384,21.05467259887598,20.229237414945352,21.061419892788404,22.974901003288664,23.55599475333679,22.261939682532685,21.749773501368
13.761084090175753,17.906974866699606,19.602949014766452,26.33772533256035,17.76902875764744,19.89035986332774,18.856000313323417,22.54997218233314,20.063837287741514
28.162056519658176,27.46053391991213,16.293601454855853,20.661245908961334,23.040860100153242,22.56389343550239,22.675514796504377,20.97897194552847,23.90267270477354
12.849293110196836,19.260473478965324,17.501127367054057,24.686013140932374,15.989097070515518,18.045447043965368,16.908429471533257,17.917892844335615,17.94057606845346
17.799777566515083,15.320687979156933,17.407108444627518,22.994906280332394,16.797214793653882,18.645129609792654,18.185436116558687,18.49851244618735,19.02211494299464
20.653702886430455,25.62068279657249,20.021045372696808,15.359205175088357,21.23164967934629,20.280118309673917,20.823529046971995,21.057051448081726,18.63690966216891
27.206366445330577,28.453792120612142,16.531909541113432,18.24007430601169,24.26164334491352,22.367749320368027,22.124540725695937,19.813385568403117,21.672503067833173
12.820689244102804,34.939544867653424,16.438363254313465,19.139017913167393,20.522593172949755,22.617748768868026,21.25083432021476,21.70563215101746,19.776692225163664
25.815818760774796,16.001373674548933,25.875029237735834,19.41653355208536,23.06870632667062,23.363434386584327,21.599680280797042,22.132553084742202,20.88401528266764
20.051165305097935,25.494598425403943,21.758941926988417,22.665315813754283,22.021941750982936,23.25734260203017,21.19023912984215,23.254089285033093,20.99292532296494
15.092456744760245,19.950993781032334,14.957597342299444,20.634739049101633,16.692644073512618,17.75150099118642,17.97093180048152,19.531761080536803,16.987979135367972
22.310517371316354,25.916793552620156,20.283763975768792,7.2551962248875395,20.132345327811585,19.256912493096692,18.735735647583194,15.867210998061173,19.256159309730855
20.99529847786735,14.647552243843748,18.473400262620707,13.748638907629097,18.88627520957294,15.874473188387569,17.088980294399583,17.439496256900735,18.60451087083554
16.998915614206027,15.68615112150718,19.566204701040377,10.250476340095828,15.772202642404736,17.135163379125586,15.058487061001937,15.644045450285622,15.192728723845802
20.349010424950094,18.12062588416758,18.54936529826042,19.701460962621336,18.168780763143253,18.857641781115802,18.524713119508963,18.040030094065465,19.931338577301847
18.0734320156912,22.39482022834042,22.758570581940944,19.961950597871045,20.70881862582287,22.303797040463586,20.954604163513864,21.27768602245179,19.877798823980207
20.56758672625624,18.794593667308224,19.38248137860578,20.132899834442874,18.988257787477345,19.263667947918563,19.488790489611144,21.299510851013988,17.779914184172984
23.310653372605234,25.295271719567097,17.75164520714285,15.164286929141536,21.45364785946065,19.959774477001325,22.104742556283444,20.375009822529197,19.258342995230965
27.93008408072676,27.13447309128957,22.16876230793207,21.696576020479956,26.174245797631055,25.137101528835352,25.531204387268254,21.595666294456105,24.440301077532144
13.810922505865754,24.997887706226777,18.93314016435149,21.865049985874116,18.67038572189249,20.237966920253054,20.44675435004722,19.743601147318927,19.62996660363708
30.665166873281333,30.09393819830434,18.485914317316233,13.979403731179369,28.700980820685654,22.297341270967575,23.128624978518907,21.616385408838674,23.00836557954414
10.239561002387491,24.079133147276714,19.25609040994446,13.135847194204512,16.409538603228153,19.493017036266597,14.651634489976784,17.461228974150195,15.39802155590437
19.241074524822082,15.915516448299165,17.625563906534534,18.999473255092248,18.513983070113937,17.083449888661338,17.137812106069326,17.839264941406295,17.60574737293555
22.941586032422883,28.8168825676917,18.036907971981876,26.167129094453436,22.10409963962544,24.805471708451552,23.343332964053157,21.55411057811676,24.447235190709875
21.404959338675162,18.974218821970013,15.65322164495251,25.79897096879457,19.104141676016297,20.670874830967186,20.18285830730815,19.19084280458187,19.722775407251785
16.88650240089703,26.55209249842785,14.995331121504485,21.25361744179221,18.75774298345057,18.83278828960319,19.88852636626544,18.015080673880817,20.553583388124725
18.959388748213623,29.86867108277553,14.00571845407024,16.080013313679693,19.999122122997495,19.16780962881591,20.38452286517027,16.64264698902698,18.700347637170744
17.534995326705836,24.283440053651997,12.432066852811696,22.54737063795434,19.45571857497271,18.729615925171014,19.472613778851034,17.089487492514436,21.434909423384738
17.053176215278942,14.519205934176751,14.481130554461775,17.190302940763836,16.82785373911075,14.683150233221797,16.97015710264023,14.630604154930765,15.757795504780823
24.248010485105123,17.40893916745104,17.302931862132297,15.929971853304759,20.32010000666881,20.175614148435667,18.41056136847906,16.84563971393698,18.515593184066255
21.785077429825236,28.613722334425677,18.412470329782547,10.424132673512023,21.796410381999202,20.349524183131408,20.06601363605653,17.55135042177386,18.505315374733918
16.535452023696728,21.154386571785917,16.91481374740944,19.40952879339061,17.653557371122996,19.499505301990144,18.84738951184947,19.493662727125418,17.927131699743143
24.497999377166252,22.39786767471083,8.577186039490568,16.4805306034505,20.99565007270942,18.001859499383976,18.234122208063127,14.397262864469809,19.095797795450036
21.536497604383047,25.794122080818045,24.29834543104937,19.385721518114018,25.22233235817477,23.47620652705599,24.035561906531267,24.273713496641502,22.252883037732133
24.0643105941948,25.481614310401618,22.34592049156153,9.802569215051754,22.85470525539958,21.16195761317784,21.22737797554962,18.897917005050985,20.712652569128092
23.14814420961806,23.393999061927303,19.783039404868514,19.679306690334748,23.141359016504165,22.755732427818007,20.181719122185736,21.249820662146014,21.948064430278784
15.855024945389639,20.95665814389767,25.629962690213073,9.275515344113488,19.025921843574597,18.177001334798828,17.814959181844127,19.282616884036642,16.887978713157036
17.199094799015153,20.436657771338215,14.090543530065158,23.35176101307421,18.919424964793567,20.19466686329547,18.755540596143387,17.551143329324688,19.44365133950614
23.736468025616308,26.289494126456717,25.55050048250402,21.08756493654034,23.43574526022826,23.229581794615456,26.31754795647435,23.849924736808983,25.011555698602862
23.051851327167324,24.767847655338965,14.13914369299781,17.88534091430165,20.779321377356222,20.64104757841725,19.63125471620597,17.77707057833379,20.719251905159044
19.89549203017926,20.71349999691105,18.954951701165427,21.250879440328315,20.48379453545652,18.724645943584672,19.221221888809833,20.46193442777563,20.558158774208113
20.58663691654391,27.410561564965704,12.904650699463183,15.08770294934579,21.760014615016466,18.913726100279646,19.43571346205629,17.100102679818697,19.18808696766128
26.388324478942124,21.35482942435108,18.058776382177467,19.28950206245957,21.68434987992595,21.05295698829987,21.76984380660634,19.171761230426306,20.4333842880744
17.04214305582085,17.741689128328034,19.544665991993554,22.179096153841343,16.23290766356947,18.543459029199404,19.053125718766257,19.843205662856825,21.79533897321794
22.735486905850188,18.205146505483278,17.38123867546178,6.622843003634442,18.19600632299961,16.36591196656355,16.01591776963653,15.193542446086678,16.452901729665545
18.98903673783053,17.10629581845117,20.85550977636055,17.211102561289906,19.629846366416913,17.241599090336813,19.489390179545126,20.675742194947066,19.080317601253476
18.9115939838639,20.637949916981565,18.39605779794903,18.909423479454503,17.74228088508744,18.286955338419308,18.360158140302428,19.118126000894566,19.124414393937016
25.49388425993595,28.168621391680965,15.910341086489963,18.214825529016935,22.47477099954677,22.463695408437736,21.605964723912415,20.021705144439395,19.6308373286356
24.12708174494015,17.974524094847457,15.732746728790643,24.82840730490962,20.8284985887305,19.932950882038828,20.14354010625858,20.177632486912653,21.16275729441849
24.067548180003193,22.942378805090513,21.243655090462784,14.504395500308462,22.09293222889037,20.279670878906813,21.783388991586826,18.894608902633216,20.48473701926547
26.527394035771646,18.716553271862935,15.38503188077213,16.515363026219084,21.548932756197104,20.163304721318337,19.571579756942793,15.77916211708884,18.910306327238054
20.105019208163796,20.698454793642814,21.66161188193975,11.336523894766206,18.488792126777355,17.776397723270552,17.385408347306868,17.903692709029883,17.072923057861374
23.40976485647482,14.44979394007374,22.890847171327724,25.04114660509258,20.45614962521819,20.53078415986986,20.483381749979443,22.971717221698835,21.664149698191228
18.44866621703272,20.897308854217314,11.32514455061548,18.0148394295648,18.910357398560958,16.453780872590873,19.04490488646973,17.19238975483106,18.155071218493863
21.62083176244221,21.03147310097519,22.53170554920414,17.24636444785317,19.995855996258804,21.45743046487392,21.690811463225717,18.67558464474539,21.6285488681653
19.349284728161578,24.701439720178477,26.241690793778794,18.790069270757144,23.754403189459914,22.95897364510812,23.112171409742476,23.67499299608398,21.801395257406764
20.48497982496359,23.116404566276852,19.008015044807713,21.544943313721298,20.01759365431348,20.93514526452775,21.050832628415705,18.553669905963545,20.466482137921442
22.97578512718457,16.008039375239775,20.39633674117929,20.3894536140645,20.96032015046568,17.750143879308293,21.450876954537442,20.233737723290066,19.928062305512757
15.908896583832638,27.420991220217715,22.148021297476635,29.59153685422835,21.605655434303408,24.835824923552597,22.663956702960576,25.211116790582622,23.66346653721721
30.461936378427303,23.05151520110998,16.89807073928391,20.8157435536151,23.41650935728323,22.02258595369491,23.55978398031357,18.936468010347273,23.591251292034038
14.96991309250149,22.991967585887434,18.729120894151478,17.139018283323676,17.84838247277689,19.053773836787126,18.014231457440456,19.728784812217018,18.41185629492943
13.92905693606134,21.954088233074305,12.743201881507563,16.754573049904213,16.926876113817755,15.797349811473794,16.096336705481622,17.651211909086204,15.70518713478957
25.790554367500338,19.4112127638889,18.554540114121803,17.428964190332763,21.58653602312295,19.127800812152756,21.022107123793337,19.049322961273887,21.08829727545687
23.95831346981468,23.08901169874363,19.992447982578167,12.992652301480648,22.926253135656005,21.81391881713129,19.864548854472773,19.049408445182618,20.1518189024113
23.120599085260775,24.37794217964291,20.064652091705877,19.159456829966345,23.926238450269878,20.015550886187647,21.24596268718272,22.44046243311382,21.177442872298776
23.1417275463214,13.265521543272225,22.26169889439032,22.13387242483567,18.719043837554008,18.659087097747406,19.705547454116978,19.385786314405433,18.968633056636637
19.938766135765427,19.30619581326952,14.900791287457883,16.546545597507055,17.145908870618968,19.039650629541796,15.686728962988846,15.678318512842825,16.902054258595285
15.513728142570843,20.725265147982054,15.869572973306013,15.770479774863553,15.86923959994967,17.876039400871953,17.732965128956273,15.936015461715765,18.271825325615335
20.37902279096863,23.28085302847139,25.58202938396542,25.063780585176936,21.85945286419163,23.421962867217736,22.5697913743468,24.483100918241384,21.711845902282544
16.61419144243944,27.96655502963563,17.39868650494516,13.29406737351534,20.949001645026776,20.837820537853844,20.67678449329317,18.236840808466216,19.363048193675816
24.875598667088756,18.14129592701609,18.80013514924931,10.728726494090795,20.785889874866005,18.650154471511538,17.848826509546246,16.3012007847588,16.34100286357403
19.264713092489306,19.51019076591079,17.731959833099115,14.38839222541047,17.9991460830074,18.135926335257345,19.033253776673376,16.937330651836337,16.771211488082432
15.872514016037442,19.43732944676725,14.71327669477991,12.838269131502814,16.39558410192858,16.21290048907462,13.906316289589173,14.671940473369249,15.06863718632629
18.393070791735035,17.992362049477293,24.494116843567227,20.544904256418327,21.11255623105842,20.99877689475852,21.08759650649807,20.90709749204074,21.960991376008018
22.06465727137812,20.264067524438687,15.889194352317578,17.557181998201706,21.74665108714566,19.2760389182403,19.932331019095834,17.11359011213451,19.14333511392538
17.181377235980126,25.854011099939857,13.49085790517228,18.12125181990464,19.39843532084173,21.05995956560655,19.96543814961366,16.961218913152102,18.24575735702616
15.888898022167844,16.730822523178272,16.197038890788992,23.61173670789909,14.31610623072093,17.583592558530892,16.579085263221938,16.496447040610164,17.500416668586524
21.218436057459563,24.139071975764516,9.993175993097866,16.234660555348896,19.648484364627617,17.566246525072202,17.19361750833078,15.59365147036469,18.584339524370932
21.224832855543614,13.490488849908322,15.394850140067273,22.100357646982562,18.760833719443,16.0937466099272,18.62914232588152,15.653049083440436,18.261906504182
17.46528412314435,19.19331001778897,14.127485608590693,25.045291196812812,18.298765211849926,18.446456365084313,19.106284715428313,19.50033113705977,19.188327828819514
17.644808471908387,20.35255349891007,20.469714523709296,17.177350007945357,19.701882262707553,21.073999002301377,19.204466268182117,18.61616451469502,18.252746643494785
21.16024968678818,30.374298364570322,15.30634304176051,21.948091422225254,23.189532509121378,23.310345646136593,21.836959023026733,20.77843970624834,22.78849278855608
12.759578292513378,20.62598847623656,21.551215742315392,18.03272834988408,16.170498425845942,18.26795485016975,19.793176330293043,19.058250693638076,18.43492038891021
12.962681128117223,10.993782632745408,23.593935972277286,22.696392515363158,14.58539525369882,17.538171674724172,20.170163510405583,19.497403007532437,16.724877327884318
16.40777889373782,12.005555465693751,21.124701345150395,12.714043249694907,15.339970604072668,14.467003096354796,15.66699966257831,17.56935731107788,14.73534001379143
18.932764241440765,22.170147931733403,17.138446844559695,12.417951019498615,19.959049325196478,17.0936021407775,18.11824875481337,15.556573642236938,16.541054908196323
21.554537827990025,25.068854278949544,18.564457986822372,17.43492914036984,20.832971857961713,21.03732822601727,20.71193855415576,18.202169653086326,20.606854581416425
27.376781084747762,23.877279288136265,11.900060239423762,15.444300763760918,22.494240977768474,18.80296362514929,20.933658743064615,17.025820617663772,20.908487312522833
24.288298116010097,22.837850529004953,17.464882509915043,16.93316356228046,22.056659857237776,19.290512457955693,21.21016496355945,18.566422266312838,20.623650437361267
19.200307350182864,27.811297987528334,14.558246127732668,18.121893670211442,22.33354819397845,20.66514420339505,18.856555713276983,19.1017808060244,17.47992143467781
19.904918960486555,19.30204389631434,20.777305524597196,21.880054127345005,20.05436749261345,20.298549357186452,19.85337861669113,21.44241636309522,21.311114996798725
14.987353176810956,26.474552780134125,28.291009556977897,17.36935768573626,19.57768636645757,21.333460501952015,20.77127150690892,22.21451374565477,19.311134858299457
19.90743432003805,13.839925574867912,19.999286543895238,15.704554757507653,18.332134649902187,15.199014484970297,20.057622631272725,18.073198435052593,16.73619875656238
18.55670680539931,17.47526083530967,10.035439404181334,17.593946492964406,18.569798714519333,14.91332923294579,16.55065016804575,13.621139070244213,16.545767402457734
21.613592801690448,12.964793025340919,16.555079228342507,15.923418880773529,18.150616106890766,14.775098869156295,16.168534757927066,16.227950431744414,17.08119209823999
15.863845282238385,20.62577349665104,18.489963701497818,15.263977991749142,16.96999910955474,16.091374407771507,16.885338077409255,16.449804382084114,18.034229622520154
22.596732571205862,21.768693913668287,18.349429701041053,12.547932745692123,19.41203453818129,20.19333934919449,19.620928505868743,17.84970750116963,17.956271685712338
27.66369456501289,22.5705074611326,15.076747497564988,19.277912464884313,21.82680197683896,20.584787003723424,22.05213564680783,19.073666406297196,20.645319317818632
19.456199257715713,22.309416764435674,18.98116697054774,16.725177173611787,21.94736772426976,19.358004028535024,20.16609775466214,17.914593730355193,18.80088695130918
22.008558610494706,17.36223334594136,13.02999665232245,22.865114956938687,18.577276833617216,17.903997896815074,18.39091853277458,16.386424336900586,20.517567405525597
23.450719958555563,21.048795777933922,14.220365109259731,13.210415631764238,19.19739790800275,16.775143233429084,18.28841776379254,16.956740468772495,18.681845725616824
17.993897640570818,14.512766656971257,20.583190566414846,16.831665779808485,17.19275710045629,17.90487601610586,17.591295258574736,17.531718603281437,17.55400847871343
21.120462409052084,28.81614487566125,13.937347076480696,26.251628882634996,22.188753681273145,22.16976551724746,21.59513543851883,22.33773367365258,24.08828896593737
20.062962003908975,20.481869635509995,20.15284642196903,15.241561931608603,21.292121529558756,18.493910948367812,18.05831615537313,18.192883545938418,19.863156634956237
20.48838049274416,19.555569404781544,12.522144901375768,18.053866991615504,17.35736120695253,16.724135104194126,18.06695549217238,17.68714972388489,18.766699342682127
16.13495108072267,29.944701642220416,25.059303535166944,14.136624068698527,23.043557270518882,21.328057869888152,21.515346162745796,20.918754516204856,18.904289756955247
20.122550871294713,15.788767332253855,14.90292031038378,13.606289948876075,17.24895570160949,15.547031583923612,16.658483826544316,16.685810219907786,17.040228811886635
22.489991456227248,16.372064429840155,17.105333712786223,25.189243932350713,21.054633560662946,19.339438639720992,21.080181421494803,20.096690559468524,20.796891998640486
27.25571803897521,16.518898375657173,19.322453044361623,19.68415797054859,23.273482177948477,19.70809729878044,22.194689479883177,20.063376828706893,20.855288856151816
24.796354130426035,21.66064309150259,15.738600189995623,19.534715352950492,21.60272378682846,20.141141438466356,19.65667380510264,17.963594099782092,20.096618030035394
30.765912287557782,24.158158148187987,18.57362384428522,12.214735059535112,24.1749470246909,21.337152362398786,22.058343533616906,19.731308096898786,21.268834038738166
16.163262185559752,25.69837734058917,20.301426898080503,20.434965552433212,20.344778843125177,21.3503553578641,21.398706810694346,21.770990244047148,19.553675413981107
24.361603183603393,34.85997658747485,21.84245293001394,23.629687783975303,26.839322942078997,27.552084085683965,25.861299708741424,24.90960828552826,25.907627493722437
20.91671002869176,10.75283772899618,21.165989743891828,23.59790824331412,16.52855764754661,19.07159537348066,19.23022461979274,17.654011527218664,19.565207815167362
30.94901466608836,25.043677945622086,17.312758144789303,21.67333291842464,27.07507454470737,24.185990184536355,23.45813736203502,20.417411623263,24.47852998608124
15.958508573224243,19.214347137138844,17.413472903825593,14.482057689618383,17.3243929375395,16.228725035031626,18.87568695930894,15.635246091773984,17.01100542503374
15.80139078909612,19.067924255556132,27.39643423210013,20.252493668771965,18.38237062055146,20.641469543781838,20.734413426822194,22.877398541033827,19.814671863369863
17.00303677277989,18.90113935873061,21.79955627299717,21.67033984190643,16.930978435322807,20.598480696401566,20.295023170314916,20.236423671274768,19.004858882702084
9.380521378450965,17.456151645960134,14.312705374719146,11.822225659644396,10.706218453146345,14.44268418525494,12.978916717776448,13.25542259854585,10.708192884500644
17.371224891596196,30.422624173017258,18.399952655062208,14.51488163407286,21.97723633965089,20.345373736020772,19.69753627218634,18.969780606148397,20.10100103988411
16.20433669223151,26.211486635069512,16.65942744488723,22.552629286973765,19.313351516681184,21.224251345609822,19.104967353088828,21.761581038106034,20.280037872833415
20.75196893238104,22.115979892786875,17.45866306430756,22.504183106687712,20.22283179621363,19.580091178296144,21.807567373766126,20.278464990354664,20.715597822727897
21.708779878885796,28.755078762435,13.082019369167648,12.80566786551443,21.695160505208616,19.935074712502633,19.85632396639732,17.194142183280267,19.893670332167904
29.380854196079433,14.437355173505622,16.352307062456187,22.18008583707669,21.05597007058059,19.522790476554125,20.286554122839696,18.40111551897656,20.337693263753874
24.75211919093025,15.346474343345369,25.24622309277565,19.381213596614472,22.038680373645803,19.620040184438917,20.281137652852493,21.427721446849503,21.414779085399072
17.115481721687985,11.110161339026561,20.31630520350201,22.124035818428606,16.55016977730314,16.84176964902248,17.846404547081434,17.721623924198283,17.093089930070093
15.50792664325821,18.50292729938356,8.03535436739416,16.461914706264235,14.923181608074373,16.537720579633298,14.129333947778074,13.747818960597396,15.554614592388495
22.459595857532527,22.808492633523766,22.866893969991786,21.580733985923608,20.98508791996937,22.713462312550885,22.2068865431108,21.282082318258773,20.121034994630836
13.398833964896788,22.51429288966167,22.358518091636647,22.375315097942497,18.003325224539935,22.917123083675612,18.898180066431514,22.24296358605858,20.510822577847314
29.15729382927177,22.746709555299404,16.562858782774335,17.594660258177154,24.16150354625798,19.69933478903687,21.732450187028697,18.63366061177818,22.6501600810157
25.897200603606436,14.944715844669592,20.86905417513286,19.071010184693144,20.24118503347529,20.488514956264492,20.432498404014254,20.595980767743853,19.730204807314955
17.654121739476476,26.01577371307011,14.562403156731197,16.405913481981386,20.624822345040492,16.45112391342485,19.754275907054474,19.62259648153054,18.39998564946706
11.434327354545612,23.19813759119499,16.11897713493457,25.606555794743517,19.664024549631407,19.203075562781912,18.938757900222065,19.9137189576156,18.074164549992926
26.769361870827062,25.665271407329993,23.994185442679417,18.518912242696935,25.71443978417672,24.586709255358944,23.40337026367951,24.27495344057244,23.945970064671148
19.42730077373691,12.53618911204974,16.913079840521167,15.311902699291272,17.938415172508204,16.620511475373185,14.490357240282547,16.560219594764906,17.131843940135305
26.189081559867308,23.55745429398895,10.521073352180036,16.136696344501,21.981480455325784,17.889444150143945,20.202037335996955,14.947055219971045,18.508459234706688
12.027861706028165,16.061173800412366,17.746787108874653,19.507082404568454,14.595300462094565,17.488467516882167,17.228549371527865,17.476788273124196,14.925326758159569
17.003124885231134,20.013383737243192,17.685646428342572,22.013324687112846,18.743878494452638,18.579284204099828,19.207608375889237,19.88244391913186,20.341178055520583
20.026218498590914,24.671824493181916,22.79347427749384,13.656692619397912,23.34971981092694,20.812074603688096,18.957821417635774,20.74909956073868,21.53910368104326
20.23490296882371,22.455468031279565,18.05734568870304,26.390640011769797,20.55758099320349,21.04563049275685,20.570062144055886,21.83292098712543,22.584672694776664
17.74967264260378,17.742300101103407,16.313670754238828,20.234701176222465,16.66943605696447,16.67727666963559,17.46298023977783,18.084617335370556,18.77494780520844
23.114249661737492,22.03136578092209,22.180224580924822,20.86582389187765,21.243542481229085,23.629211406697962,23.01314168773218,21.854622480406622,21.704299559295073
14.661897853087028,14.342323423781785,18.48316093000444,18.611241824706255,15.507683153007314,16.5502910588526,16.814993643136514,17.4444674754724,16.727066779975424
19.288102574893532,27.75133697949148,14.999909273737131,19.0770358694045,19.94485547684967,21.585719943486815,18.785738985499886,17.97847315340481,20.4105120691747
20.601478158559495,20.973579902518743,22.61999024216647,18.406867448290388,22.571369454878994,21.92445140654014,21.054690852483994,20.588709346734728,20.238644775197194
22.572194170293745,27.59274972127663,18.774647058067195,23.07118387614384,23.585106918319596,22.070954428817682,22.16354712727449,20.754001992543206,24.316353291814547
23.55807439044445,19.367341564519784,18.011703866717752,18.96828565018652,21.70432787365642,20.935112885169055,19.45413914145498,18.626815310937484,20.410461854471293
14.376789540810654,19.382120057967086,18.71163356564662,22.068200873970838,17.215833243661095,19.220538413589733,19.606424022120503,18.828411103023495,18.85784785930548
12.329429146321889,18.17906606681077,13.717326514333612,17.264609906589712,13.715220574341561,14.446823720452745,16.138111992294828,14.880406732034162,15.09552718176251
26.388384109492545,26.38086965846538,15.88938489528665,19.782562113249263,22.31635378628561,22.364116442015476,23.203400076948885,19.153526776942726,22.244995502138835
21.661570059897958,18.452844213357622,18.014330407331133,15.784318623042315,18.473787489558806,17.406362237926615,18.455132306823042,18.067030872303356,19.745911800162133
16.25756731721723,25.222977162075882,17.22134521990128,23.86611293019815,20.24832590653644,22.364491132054866,21.52502521521432,20.400653825444998,20.671874581648268
27.755759877612615,20.08773801165355,23.089713531266383,15.665011037123538,23.832952096274692,22.45117639074531,21.063419350650964,20.308086057982585,21.831016635516768
20.578373171464293,12.120183500541902,18.869623410908012,17.700082222954695,18.014533296284043,16.881484590127737,17.059499641861933,15.932174054008149,17.863700078508423
25.896485920319133,19.14842966106767,21.41961569054561,17.74015835018102,20.67238955579332,22.1625460778012,20.72487918112357,20.011367113321008,20.840089714558527
20.337592407050543,16.104458928185757,18.037581418303397,17.584194449304928,18.331901183968846,16.244981830514302,18.03982181893565,18.890474728371007,16.79700411055058
30.303739624409936,22.16951361841169,22.22515393498449,21.88998307777175,24.380317199169163,23.007803506335147,22.860606477582387,24.082139493308993,26.109624468445357
28.77670421221602,16.047961321627547,19.590111026292615,17.733368941053424,22.417895148323066,19.74101661328957,20.31203147217404,19.61683035809863,22.14893042746489
18.75517925760463,26.629875503573082,18.05368194155384,24.57569812216429,22.038417610138428,24.306927390917377,23.4552660077427,21.500521264626066,23.18501835524095
24.85785475477178,21.544620698234866,17.946867644163923,15.726099655479327,20.39633855873345,18.893754483896455,18.92633252635104,19.250269399658045,19.000965122502546
23.226879747925736,21.112020026206306,14.182245494836147,19.677509879770827,21.396587601172847,17.461851640111373,18.220342505269723,17.45388955372285,21.375090247160063
26.843157787661745,25.279460688937913,20.027662880545243,15.8968560427496,26.255142443658332,20.695754322428943,20.763096022311398,20.221077625713356,23.850299650045315
15.175382697099478,26.819534670379312,17.839181061854482,20.68389113012587,20.58707454292173,21.47568535432081,22.791356833939425,19.479762524968276,20.734347708887153
23.430257299992196,21.89950624115174,15.992032159275182,18.93620109209292,20.871147293855625,19.246560928006243,20.529351178998386,19.708966596731607,21.936067610231234
25.29212243424794,18.143998502253545,22.425847083248286,18.379751821206085,21.566647419935766,20.74624186237274,20.79016457589758,21.42228228452828,22.013380001996342
11.206302567884428,13.130151919439353,12.999135896420796,23.753899866014095,13.187719787198636,15.593659473212234,15.340692975447803,16.037802700002867,14.86731068996164
14.083707436671125,18.5697512148241,16.310016418270266,16.382632515779587,15.343941027570683,16.399113652460542,16.56416629563309,18.29236961796448,16.623487382786298
9.803839111199498,18.913938766760193,22.110874995118134,21.346060630472,16.404896543230734,18.741570681405854,17.403228400158074,20.42385443243179,16.52958997510188
18.652965827777212,22.535287264961482,19.262091763681013,15.92416034930083,18.528144307111308,19.989854091618053,18.57640955272103,19.21066639236898,18.135239520352197
23.58771127897981,20.274265594309863,17.808564289388972,19.450740800641494,19.134453341228927,19.601862989073695,20.122637358628005,19.621392449248077,20.844382029215428
27.51178526048014,25.43966486025714,19.004014172600588,14.217698687106218,24.078787947313486,21.512683439444903,20.818535656876115,18.443739955538298,21.58959946172755
20.370473902098876,18.935083643646553,18.717656684195365,16.34993141477304,19.228472198025713,18.88185856404797,18.19635180415727,17.321826385641884,19.009745066966023
28.143077727856458,21.71479416573529,11.933349814856314,18.67142781770854,21.454312069168093,20.325523576343702,20.4687539588695,17.477396923501583,18.981891466063345
13.099492708925542,27.919937215984447,16.602952458608154,26.25859666929231,18.279531784406046,20.436115513840704,19.973091583582516,21.366313219549095,20.55776680162634
11.483087803224226,23.709126069774833,24.466086618054995,19.403215481839098,18.829255840931083,17.609248541531834,22.37532841417114,22.08729598626155,19.449932020750502
19.722261505516904,21.699812291557176,15.36270346089133,25.618673263466825,19.04308126962841,20.866524828916944,21.35401924124426,19.475004863205324,21.763157253744065
21.920327244696537,18.990277790324114,16.726795943582665,19.881293166763673,19.659758389503416,20.00316212121416,18.109588797829097,18.71588131075319,20.497673850802688
19.836526259529535,18.833843016425114,15.83351694676325,17.451663022100245,20.261604954428467,18.05788000741264,15.510983802103924,17.40788704567683,18.37118703818323
9.662789499800617,17.746933735240262,17.65193910672745,25.157426090402772,15.886516120453475,17.851998189587526,16.867268822904997,19.251864248616048,17.146615095477102
19.55439980243606,19.294965671085503,15.667508674702807,20.748070488293674,17.44942574368831,17.98492646774227,19.500596808736756,18.322272247883213,19.584706841552617
13.477652497475734,25.77832919372157,19.94696600863224,16.429113624469146,17.482012750267828,20.199125206630043,19.398485225524777,18.007111560733534,17.817375761764012
23.348362744150194,20.890558643538657,18.789253649161065,20.882285837601188,21.604411097057763,21.60324022384438,20.866766708264162,18.032116750409756,22.106213419964277
21.83299123048424,15.251134653093844,21.094190460428074,17.82962100036956,17.935016398185404,18.892616321645818,18.400541874950843,18.078324902142032,19.59515664525499
15.300601068363225,30.840846465298917,13.796235335244159,11.043863215314817,17.234402274280995,21.151265726905798,16.84125514706335,15.99875947578931,16.769033498424356
17.430665413316532,23.599825955725816,16.63863806846839,22.74389263706247,20.186702840741006,18.542709729662686,19.700672447533794,18.763202881932475,19.331065102195026
14.703932390555241,14.965282997434153,17.09710947355146,23.379736222567715,16.44948912674027,17.39841313477662,16.52413529719954,18.2605406258589,18.9570545186721
19.68660451363414,19.79075536379588,19.822587640354378,26.3517681199691,20.862161085939338,19.917324465648413,21.014051153229925,22.85148398504327,22.293229837252884
24.775711602506192,22.55443191414209,14.827115211171861,20.688574768781052,21.973929916175486,21.18716733580852,22.04240930997312,19.851909223609976,23.218565013042685
15.071369768322281,30.522960466486886,21.662615217033377,18.00510630366987,21.253159009376247,20.689492491412324,20.5442731396287,22.144640343457528,20.886277222294645
22.520232577589223,16.459437708705654,22.745662362070433,22.339957709514344,20.066864039336245,19.399646535935844,21.627203872521903,22.329473795845033,21.908993991069707
17.348711908137794,26.880203596779733,14.044510609457664,22.399281461275624,20.568511076396074,19.593825995204696,20.931600706896905,18.52387754800525,18.644072036674505
16.03563583868828,28.997432134861715,16.036508420425736,25.553124732545687,22.405981621678695,22.093766450688427,20.576073963094437,21.02679452910425,21.79390066195574
19.464848200227213,18.85672847462715,15.872273966831631,18.82148950773423,17.998332559175328,17.480496885368304,17.41046316279555,18.328033817059296,18.11517354735573
14.823788387903129,20.612431905698834,28.529544818709994,18.337684109729622,18.632182091377565,20.789446254250105,21.644805742497184,22.043458371160973,20.603269382580702
17.23175347326409,16.81845376313115,16.280399579168453,16.13782232096589,15.67298024676402,16.422680706609793,15.691343244481697,16.020546137758654,16.965327849888
14.010610537055758,20.982694294598474,24.71050176862454,21.149848346900807,18.089407458283116,20.49781043669671,20.155927987584093,23.6891742460546,20.672050058857494
29.823625664581947,21.817050128285345,12.93347201957356,12.80695332707666,22.544553565416834,20.438721831007918,21.385259107047904,16.456689475931007,21.871873241031306
20.176317759858645,25.298249990411854,14.041396135342547,22.104349491450257,18.53908871372699,20.94393840765707,21.38491060132719,21.088771275841065,19.753767095091316
16.50137246003707,27.450917355102234,15.253581872607196,21.35134048746316,20.46084503824558,20.05731561802823,20.224533495537983,17.82385894590321,20.843420289317343
21.06989955367111,18.259519676891763,14.61724275421391,21.340280809833487,19.60720536665826,20.442076713246237,19.66246627318382,17.37700893077778,19.98199976208287
19.43835975154585,12.163374678870028,16.928405063366004,19.552900946007362,14.967249051610407,17.017447237037462,16.96483802463329,17.42255980072913,19.495028945595365
18.895152002333884,21.89377610361879,15.164887189114008,25.131912990124338,18.693181932576827,18.954049930997936,21.28966390450123,19.96753177341313,21.32523672631563
23.070833500217127,23.467687649843203,14.722633629061706,22.487973861707452,21.541644786868314,20.82537159604823,18.891016728860905,17.580520226930187,21.907116859102096
23.787538550236526,23.24708843842521,22.63388798589331,16.5716912344972,22.529618941946158,22.37165142910762,21.420785555888116,20.823654926842963,22.135417451312804
17.34749426194736,20.36663376245478,22.89517449005266,16.643283801209414,19.811988579915447,19.08907336932224,17.22680667232323,22.432148711688285,19.77086117841552
17.1209087967766,22.623760498319673,21.797185993501262,15.481304746341452,19.401922520024577,18.794217745363852,19.417145196966576,19.84702157247463,20.11922351356044
18.62474151424178,29.577224041761237,20.09599582233731,21.20513333110235,23.727545842577747,22.95440001834083,22.13959577908797,22.782293288040844,21.064227897036464
8.490394176322075,23.908670844812548,18.370972263118208,14.999444315040172,15.421728409056572,17.02163885934564,17.803100246465583,16.835052618428907,15.1105413912695
12.42404468900724,20.133157874984576,16.011877237336364,23.33356857433341,15.562264556279127,19.474161074819854,18.687489462513064,18.91714165852855,19.69157712094689
26.834371337222624,19.49901091452002,14.187369980979632,24.291893233382172,20.786673262517443,21.07232300685577,20.677073678986048,19.533427080797452,20.116440604885288
28.224838567506417,21.150738211611348,19.45198281373075,15.483934924198195,23.80941545493363,20.281795731856974,20.671657372680812,20.597419533563578,21.148447008381677
18.75481980221811,30.183699809153197,13.305478429812808,18.257805861628587,21.073535277715543,20.87521671540773,20.506147505932955,19.798755959245977,19.951183333331375
22.882784815278832,21.083496452369012,14.024316283298427,19.066483925449656,20.823390411752086,20.189325711570667,18.691709776545707,18.242165607776695,19.429431289614207
21.556250772717682,21.90102827739646,22.61165302481924,22.53593264187867,22.58185516068691,20.77843662768433,22.118843392818466,22.412237550836902,23.711139317962367
35.39440404227619,19.588432145318485,25.602596166888347,25.437373502439506,25.678697991363805,24.70088576161744,27.822399528745503,23.650269814882467,27.763676707857655
25.597874557172883,27.494916787209824,19.573180552665924,12.25803042852569,22.48798141139441,21.680441581822908,20.4018703978632,17.851496725687838,20.38307685903948
19.360412042596167,31.799186273723375,22.425828609178577,17.727277129893267,22.521189093476703,23.720644267273503,22.380501647891453,22.666303955041226,21.336900417330007
15.222297796997871,24.25306524715694,17.016606730224066,17.935933217758613,17.745689172275146,18.96035029070274,18.299543402585055,19.43489959801004,18.483229278396234
11.967768398712138,22.413864518927127,12.649303255649263,13.397320580453808,14.960504097761701,15.281190949418429,18.26513761462121,16.090213277008658,15.788114285867827
21.017318179336115,22.183914165871172,20.448686474474336,17.059559922783755,21.856944403286228,20.07909549007561,20.78561234812351,18.946118467359085,20.08799167007264
16.218246273578483,10.07846605607127,20.277157293080254,20.711075777402446,16.83585971499297,16.876809551763273,17.953304689080955,16.452464895383663,17.015500950866752
12.88873145201163,25.725754321424088,18.286674215520975,17.88528438864177,18.026191328997253,20.492474282853372,19.464736806277998,20.047238165181483,17.339406770740336
16.767135578787368,22.670832079979217,17.030498167579555,12.821515325570346,17.94507416025691,17.34717652545075,18.15788915396442,16.054842071479147,17.19090015890837
14.592259981928025,24.141710253303625,21.848842314324393,30.496330792039654,19.793384886773854,25.2532832702526,23.243359372731213,22.598935944522367,23.04325826808683
28.435708175362823,18.442689029581476,14.057067866290103,20.06471146081672,21.814162395597812,21.410702431737697,20.615313333071875,17.680671050094535,20.325858703931992
24.408198784747253,20.07771560511454,14.90487768443737,19.4467765204267,20.914768267097344,20.595028677480446,18.258647494212926,17.741248062676345,21.17942742545569
19.960136793416915,19.944875317484136,13.967573972958288,14.608294547731814,19.028337116979113,17.709904389924034,17.47808471424073,17.274677772648726,18.859062569686884
27.39972069445013,27.108114920365196,18.33989185054331,20.0428246478851,25.563022314769338,25.13089920620975,23.114294435917977,22.37603310278244,23.37136292474765
20.38684153823809,20.106200816984533,13.648427951562967,18.343144863834024,16.448478886017543,17.582270545979263,18.6666106955044,16.284851854232777,18.67205931744379
15.693578993358681,32.413301610548984,15.263031277939026,11.445906349138376,20.04607402337269,18.898192523055577,18.633095391105822,18.988956979918832,16.572177559732516
27.615620386348287,24.154312095075188,15.176977751091208,14.718978239942334,24.183935188164448,19.740334619704058,21.179636410842246,18.2039348879834,21.303827082494223
22.694550218423295,15.621586700021343,16.957566670664168,22.17970407069578,18.935664911273218,17.745654065939387,20.303284486100328,19.891545886615095,20.442281177800286
14.813769228367718,21.357268533740214,12.050502214384093,26.776070600001766,18.559637572709434,18.46210051242456,15.837242619477685,19.933031203461194,18.832401618656718
19.04830660958196,18.74162438921792,18.34881996814907,20.468661620172178,18.651988316234004,19.330357417288667,18.717960328614325,18.870689112043536,18.52968682144764
15.621908733076214,11.028087650899879,22.989214602658713,23.412333113173467,16.6711894877915,18.21287888399862,16.40549911906394,20.55851375263014,20.36130324820828
13.08600134517832,29.99735470056895,18.54196548926705,18.37697876566716,18.64280723026299,20.841960726938094,20.23951962981236,19.831192435605175,19.529528307293845
24.630887737658206,25.51571271110002,24.165284579205284,18.653815357277587,23.106258802395587,23.694394334250365,22.940716718456272,23.758592016770482,22.00393909066107
29.547083202350652,24.666036589496564,23.335992743507703,23.36391611047786,26.947725989801572,26.71913247131687,26.5840856320448,24.321762712484542,26.329249952864714
13.007162130904295,22.827018301498523,21.110940188991417,25.651109156717876,19.720087576482012,21.5330936723105,20.856302106328908,22.966150915067757,20.61473039719243
22.814846183452854,15.089912156537812,18.29874337054754,24.20438677386249,19.759528378038738,20.342952046193496,19.616442144636462,21.40503709384907,20.84239332293873
16.746787154390866,19.581914302222817,18.090001552981757,14.734547698460723,16.437219990227224,17.788631663818474,18.226884216859624,17.79465833840954,17.957340922434096
17.56437308117652,26.208903873920065,21.05519908945304,18.732164438739016,21.01648121301835,19.82294969452696,20.57195766299472,20.946487194562735,17.72901876066739
17.038030378805654,16.743899851087487,16.43331756198387,20.11009873790518,18.39329045371008,15.568908576794062,17.08333907655188,17.582111777673166,15.97284260650984
15.68004615160092,9.341153418745932,10.469916994130145,17.961288145969885,14.707343169738927,14.7543979735855,13.756726592253576,10.055556789373421,15.433833096383085
20.242608139724133,20.86446996109537,19.96801621641184,20.551430173662382,20.088422572540956,19.87673124069825,22.019602512662903,19.636996025023592,20.275786613070395
15.84524941794481,21.291212229862307,13.475725480260115,22.28230724667579,15.988971406598427,17.438841301808914,19.077175501925577,18.850323274209067,17.964882260532
21.352284128899193,22.677817082073545,14.151435087238461,23.011239007820564,21.316033293966264,20.1671435195148,20.865124791789416,20.204618773561016,19.337150386545655
19.748809452754315,25.64259321757268,18.00089579198315,25.74348060888609,21.49086586920377,22.74190769352476,25.03489330132072,21.29223443014853,22.57023416955259
18.80525976566795,25.188029061156044,17.61950048978612,17.682235581100663,21.313676922242323,20.816620071970785,19.091346188068204,19.43517727678139,19.825010319895576
15.462181689792011,23.293849026219608,12.351697574737479,13.543867340642745,17.278825857812077,18.269292319254085,15.408181070905854,15.019560784231448,17.271738671317006
17.116143347158335,27.977656940433548,18.661966256532562,20.432938376057812,20.131997404143842,23.002439686391,21.19274571048531,21.591416116942202,20.965094331547377
23.77695612912878,14.405151095933427,21.864558643444195,26.535244124739208,20.917008282253683,20.132419747948063,23.16050388241612,24.173737290244905,22.04479412431751
22.504585938121902,24.522909072386952,13.486633718936869,17.092096560183762,22.073581863824927,20.290933910480067,18.45987034611277,18.38579144192138,19.88659005962608
15.112223776007244,25.132691816684712,23.089933323395037,21.74738790825488,20.228268521945562,21.45461896066555,23.025131803648527,21.627772988202235,21.811897095539198
20.49666152714613,15.802188569598801,11.759316699480223,21.78298316989057,16.434677675177817,16.58687177570027,16.021165002120544,16.37030596930296,19.087414143445866
23.756935616858947,14.485646956588052,26.469296577483814,19.765768189378434,19.530260299557945,19.897034615517672,20.998193784356133,23.192200293913295,21.86923464000733
11.652973594393142,18.27028936762199,16.354958278066068,19.027698884174857,14.543873105209903,14.830635935588607,16.499945696732667,15.660971285058288,16.403833122020565
22.716800961899676,18.69229278742354,18.582467987307567,15.30628317711443,19.531393874388908,18.755483347589863,17.941829312118404,17.419953136243173,18.2805501845
16.686881205270765,25.767097317512153,10.43186571005732,9.87335171031769,18.298589126322447,15.215753575277287,15.068564620857282,14.66682331315445,14.175063667695277
22.852993342965796,18.927306081544526,17.751455734122764,14.552597173343884,18.704090757996994,19.41256032653416,19.317718562329905,18.83145324946315,17.366423445648675
16.183704217287417,17.71825740859398,18.913928710872767,17.438783403553202,18.86937487775267,17.433075116488027,19.005224177588076,18.56819631113622,17.807149798020596
10.975589496677404,18.941831316527203,17.655351583602023,23.38969074969083,14.60567237447742,18.160801138262286,15.626005424128342,18.358278156103932,18.12730072387139
11.862287810584187,27.59316167077106,15.747675691790505,18.587487750594498,20.36263363143938,20.459732074919636,18.627889616394373,19.116713018433575,18.897404623469818
20.24042473330691,22.06521687188476,14.21374192588874,16.923897124327407,20.976391609253156,16.831256829076807,18.247511260236152,17.61404452209794,18.966820169094856
21.29861250860741,21.10374487321544,22.522106478149244,15.436058232186278,21.039761833644064,19.710072165018452,20.197526878663545,20.341092053442335,20.796442941657002
15.478416874477958,21.449972506494742,18.1232285399918,21.62722331403792,16.76603300637217,19.47397197621499,18.852943833134404,19.4782209219925,18.915785635210153
23.19296229388687,28.460301671632614,24.16300950606709,24.43342866572242,25.03579612484777,25.62479636105503,23.771938564770924,25.059583274044403,25.58342198685905
11.6923996886552,18.25414136698379,15.894070580820308,23.253742887469837,15.270549732481758,18.337189600838563,18.815885609026907,17.2463194802926,16.312014650467976
19.66960100676342,28.57754145470052,16.260821226511133,21.424598799033877,20.561439741270213,22.537501894563555,22.642470220082934,23.094380746928557,21.235746626105595
13.944919001187717,23.05248149460752,21.26237697838465,13.097549014468239,18.346951973228542,18.799884770759583,17.73534243326515,18.5962031354118,15.144226495056675
16.740819460989204,21.197903090123262,11.508100151985744,17.593303028624913,16.29300591483666,16.98203014115278,16.271718220457437,16.343405814556156,16.873022051411706
20.23699335658207,34.50450248967141,13.146146559388308,26.7892169155587,23.039393245918202,24.031512660136556,23.05977420129424,22.001912315587084,24.862779375495208
15.697933173580239,16.721802551007016,22.389939885412655,23.4878019676609,17.918803574010465,18.100957394500377,16.988716169600725,21.76178070140221,19.64827967973905
18.077222278850872,20.23157120216497,13.312264283107222,12.8499871270611,16.672903012811695,16.092217049409093,16.47158129739845,13.735505378117166,16.708754911001254
25.0314640460722,15.837843804179998,10.72379593878981,18.777637907202916,20.864618355271162,16.978785531543057,18.373009014364076,13.847919377605855,18.728243748667815
17.115540652384254,26.762309852680847,25.474108752292363,20.452393730644154,21.479255707281293,23.64306331688275,22.588990363110174,23.358906148460626,21.147238223263805
24.17846056032571,30.445944668258395,12.424729408503179,15.95136614789512,23.326131132492428,19.962804124608482,20.66378876164585,20.316391872571792,20.426435017467327
14.35146572671191,30.349613907023194,18.736477593312678,9.763183914364605,19.71460686510108,18.279959465787172,18.433568793839683,19.136936400250075,18.231297686040982
22.649020889576413,28.11974376573002,18.276340770897086,19.395296180065728,23.443079482994435,22.09315618239848,21.256874420809737,20.20952957475176,22.609186084025936
27.207843103289502,21.01189766102017,6.757486733527665,15.848966969518242,20.55218898689014,18.909543444017395,17.206993389468565,14.896936036772615,17.85332410029851
7.6417774993635526,20.173795112550767,16.930731907328763,15.864633043661264,14.962820705948653,15.013392701840152,14.986401362493929,15.694629970645835,13.085357020984835
16.015523722647615,13.644151137529676,19.79365299791644,17.581278560276967,16.482759361547576,17.92462994457356,17.455328179357572,17.948644054464665,16.973448095531072
22.8853606359027,32.17936767590896,19.417237526075443,18.465296341380753,24.76282749137325,25.33385259909713,24.615673918112076,22.535287387862503,22.142638309812163
18.984773069785035,24.34489039074234,21.614082735214005,18.963668823617255,21.175036843009384,21.422846842700555,20.7477059118667,22.028668247195885,20.398892183448673
21.855729366856544,19.540215475652584,16.450034740378264,15.464040404311994,19.302349525605273,17.581181084389513,17.28271945923443,15.74717835210347,16.939558391462256
16.980074066420897,28.64028444493484,20.850017768368645,18.11916188146369,20.45423682020823,22.379757417226187,21.183031331060448,19.93623197856077,21.468584084537365
20.4329489373645,17.136177416199995,15.242683727679712,11.97030651838898,17.498731819760437,16.389299726414105,18.207020262497217,15.083125265660069,16.09977105823481
19.221613823039604,24.03311017111337,12.3581303343489,20.244156261472313,19.635887648832398,17.951422188350758,18.006446212359812,16.712859093043335,19.172639097580785
25.838910308299035,21.136854328545827,12.80908649727507,7.57489834663537,20.398092112574712,16.207741152361372,17.72577811732164,13.097643929454787,15.980400546249333
21.272104216506065,25.193385699401503,12.151558179218341,17.84203967826552,20.461657773083335,19.479891794685603,20.45073249946846,17.650980115920834,18.925847238295827
21.68801331037601,21.68213230406939,22.038343871564777,22.676744614707815,21.622233237706425,22.92253484587556,21.661293665354012,21.207553160443368,22.17598238897925
17.940615169387662,14.74536054444388,11.941705963765774,14.762637250900694,15.407379245735555,14.22398023520518,14.146855154405461,16.206264076992518,14.535131801251426
17.561968879637533,22.37788186335019,19.096155362597212,21.8657208146296,19.19030878029168,20.2586155417496,20.800388412886885,19.896785662767655,19.907252603402952
17.837209060901895,27.24432070937681,16.93630322371027,23.62293084848357,21.370957557770772,22.214853732314296,21.7634077334223,20.82375350778704,22.66045818398638
21.972260711891483,21.853917970730073,17.589405706197475,5.768400190010446,19.218672608302033,17.208642399284717,17.490770316028257,15.631832545334422,14.460821036320777
17.895077595898684,25.87557560794543,23.454429180798797,18.394548385697032,21.631605333670038,21.75759965964653,23.478617124074795,20.356803688061838,20.937450453288896
21.448874284482066,16.772352571629735,16.246290531138907,7.496906289486899,18.611007263840776,14.93940822589716,15.658152472560966,14.755450554241131,14.501996725792926
30.377003993227195,21.86869603365074,20.446406246198734,18.527166217716214,23.94404936875505,21.702680102769495,21.612593273742117,21.489619619681115,24.4707615090873
24.355623517158463,18.877447724557115,18.150253405524445,18.97131515607469,21.529361301853367,22.442580831894354,20.1552999529971,18.813242290281757,20.22289452714898
18.369882339160796,25.734904200523548,17.39192437746921,9.069824056356646,19.48700165683626,18.229788192422234,17.88319053758293,16.93561334951175,15.810123059862246
26.006069610819722,22.15745781130998,27.199876497545894,26.699353448319464,27.180769431642766,26.713343225996823,26.782857979087016,26.350137669682134,25.467483741827266
17.959623134892244,25.450368381683063,12.23463301713852,20.1440632305385,19.063992366479862,20.610231030251693,18.75040754563538,19.258298878143098,19.317740447128852
9.80937732411073,27.43855213078933,23.15652734174978,15.603906271671859,19.0421772475493,20.07759827142509,18.59302293338504,22.912692444750494,20.51862343081956
14.95956844541298,25.45809287560694,20.625626261959887,24.861517709994075,20.247885715994634,22.15776278078623,20.105007327076883,21.23478024981019,19.053259642805877
10.646040394870722,23.365592171468222,16.081900021472865,11.817547117430733,14.277924017112907,16.42944364237565,16.025182718374765,14.418399207657538,13.42945855729422
18.24243257979346,17.008938707442972,24.517274069766447,14.083315865926732,18.19075194917709,17.310831171648186,21.81119749127138,19.360684998460556,19.30818596962599
20.092091895947757,21.986069446665493,10.607559550445853,9.802177905320406,18.614858398428357,14.204969647138874,15.399383715590938,11.511181790022965,13.978047097169993
28.382186561376415,19.334547989920836,15.912933370803714,26.204180786157337,22.523549313695018,21.540366344628385,22.910417131586524,21.580971070116,23.435038399254157
21.634636868820813,20.279680216478866,13.166071182923694,20.329385485888015,17.183655282805915,18.001616352153942,18.304610585212885,17.697724612186597,18.794992107254906
18.90449735595568,20.127329246248745,19.64833385948584,21.63760715939398,19.662022187168958,21.9327001731839,18.79815698527522,20.633817875719224,19.477339928976974
24.147027905917447,17.10037212608878,13.54774359525129,20.204004935673904,18.42653571486025,17.828068346025674,19.184023079933386,17.01150419949224,19.26274038113693
8.944323454960575,12.21330705433005,19.732255786965275,21.29507104457834,13.449497492730854,17.582476749364506,15.574427618645753,17.873533150490083,15.128248196961515
21.178072790542828,18.659284758361167,17.254254336713785,19.31231085558396,21.00224357802465,18.395747061612298,16.71542654223461,19.017298799731087,20.386884527072944
23.854325969434832,22.966897259620794,16.082584229375662,20.083685370829766,22.426142259421184,22.414647135360788,22.356901923055382,19.636974757533427,22.319594407321702
12.607068771100792,15.25911477286255,19.554588984133243,19.4304137448918,17.011176940354886,17.358032127244602,17.12876094458421,16.618390933340883,17.00028946985769
25.718770216034645,22.07841118235812,16.925513504247743,16.565632777722886,21.391185398298642,20.721349900504464,20.395977470194453,18.899460320292572,20.250033297610063
21.69248203747207,31.501342121554824,13.645460627763846,18.813500939141324,22.59467133728665,21.13347346338463,20.991219567390708,21.425715846955946,21.439625313656173
17.923560430495993,27.115282776261196,29.205491958539916,20.09437829304671,22.110109029281627,25.076737345552562,23.989972475079046,25.16681492811168,23.474562130767467
23.163909330531425,30.217707545602646,16.051331267883423,19.442196478208523,22.801318452250804,24.094646238875065,22.670182107972543,20.750179505557764,23.037337811723376
31.35346428902198,23.95563938466363,9.129563679391941,13.088911568986731,21.93599659149876,18.669208596758274,19.783216104242783,17.065010906178543,20.319800217198736
20.909331275292477,27.83754911493223,14.631605241114446,13.620053325566364,19.696600656164225,19.30722641161915,20.317627783729865,16.85148548686651,20.38030780350967
21.24110293150168,18.380176347661063,12.93089324650908,23.331365735665564,20.295665925098703,18.061052072824403,20.26615579916769,18.861590222072454,19.017442465059354
17.70319550229878,18.77829866489008,21.304582464162063,17.772023816466394,16.660926379839164,20.740019807475115,20.895118175572723,18.849262060760463,19.799098317224736
15.750778152676041,8.304298969312637,19.286610638366344,21.33890138814376,16.15295212315641,16.55055999746874,15.333305104675974,18.438835624264936,17.349445646542375
24.151679082721227,27.930727370211493,19.594851207161376,14.631520361110415,24.668071046615484,23.46199345244931,21.003772991533907,21.026758127979658,20.530075171888697
15.719580870455664,29.70161989909943,16.519910136651024,13.10741649341388,20.31283467006268,19.945481193983316,19.123314016946637,17.640192206222807,18.12509109898893
20.357831186096963,19.23411377326365,16.882599011772314,15.625613549873147,17.737940495665587,18.071022139482643,17.245948521513736,17.05736841660035,18.319805556095563
17.611712766174417,20.730241468013823,16.51627558556933,18.109739716914348,16.79581152423601,18.742189651763333,17.62397731179576,18.924463260940467,18.023706715286576
22.39489912873196,18.230689431545194,17.675227263458122,16.33943880286235,19.047752132670634,19.588801129232394,19.135293238156034,16.002099444200873,18.648549218541085
21.66831052643474,23.91326775738746,21.34133374145934,24.175734092422857,23.152265151664214,22.498071130837694,23.67550388440595,22.29680921853686,21.279306053741042
25.187699721289498,27.624662726516206,19.344301650021386,19.718093206149845,24.206211994530598,24.44052489180593,24.2446172787731,22.317268622910216,22.17626354053818
17.449918005726264,13.286140130594795,20.000451318483467,26.395754474247433,16.561975457495624,19.120942487784095,19.09045156850539,20.01301992496422,19.572647901618236
18.650625323533145,24.047192653211262,19.99823563299681,20.61763261628567,21.884023098261054,18.661001935796005,21.29157452004469,20.993948481286914,20.01699464952386
15.106181421088463,20.616641141404273,21.53776974952695,9.349796728320756,19.154381861775672,18.421012324266407,16.895354995978884,15.012842343036304,14.912011554586279
17.77853369961944,22.566971959833445,19.15260016616102,23.22416642583422,19.80784257959884,19.44410664962709,20.698225508042015,20.06505966047376,21.705815815954008
21.88650246522426,24.294970008371454,19.435392290715676,12.96179351012018,21.33568670135364,20.947940645469014,18.828655403399875,19.38979188967085,19.09663616577608
23.78494308322676,21.058987806135896,22.755224964772626,19.922134668845356,20.86608335134104,22.787197379925146,20.937111541542638,20.918014879048098,24.041707600339773
15.389173379111874,21.482065732971098,15.339816327987553,15.90126376934462,16.843991997959016,17.6345446453601,17.694754582309745,15.439176435681802,16.97425505579494
24.3480296005283,20.930624162226806,14.577029680193972,27.570844137856746,22.201329416704827,21.579751799279936,21.023812515317253,21.7846014388874,23.717348082684364
26.778189294024756,26.85158100894141,13.256313603252575,24.75839170972054,24.24870845217267,23.43855537225124,21.134200079157793,21.293862139477653,23.274431178594117
22.067174516118506,24.093799800637484,18.731658254481022,16.032717433192968,20.896945291644442,19.97198813258712,20.19957617781731,18.239422590672557,19.33338442989517
29.38397906279033,23.102917688686805,10.585071035123507,18.49056932751555,22.376294563021986,20.474735954906752,21.8458745806788,17.47868450075256,21.362811466989623
16.131054004482134,15.645241394538587,19.84861638423871,19.97839227859687,16.666345788317305,19.033069893206026,15.105975577061834,17.61917012190519,19.22712151144031
13.776726483442914,20.107101283934227,17.56322762199779,22.453656286246442,17.02236741786325,20.307257823255952,18.186847645751833,19.008021782928573,18.31410817663882
11.106398755478606,26.49334580169587,22.53855879928423,19.11660764930005,19.233170570005182,19.648392375190056,20.48894261676592,21.335703039916204,19.32006102541081
27.480221557445915,22.188482865619616,15.312330758140037,14.900420402476533,20.233604589170792,20.134888544100153,18.14686746270572,16.972280753667093,20.471915744181057
23.27182828177029,25.29765734794569,17.186726858329973,16.129765443199787,21.874000918269875,19.664144807815248,20.258161566610354,19.842667607583333,20.219354036486344
19.722076645447725,30.832559001638167,22.488813333173475,18.982072814492835,23.88454384238021,22.733319574730103,21.86692320413551,23.7262183448113,22.22869483953326
21.399843131599102,27.193030346044083,23.53254258711261,23.937827915058765,23.247652979740188,24.64423386168456,23.008632880946752,24.436521316631257,22.74794127190846
14.372554763508116,22.46579168849871,15.27939053699272,20.711351442144174,17.13643961960094,18.417791723574027,17.804853900083913,18.669557613031298,18.063119773290726
32.228759898084135,19.445054149021363,18.72712493034864,15.906340293539937,23.610684778548332,22.2236752406578,20.453671927616348,17.921810041445383,22.72825983675555
20.646105909876137,9.232252019720509,19.17767591073619,21.59349111083916,16.543952289560604,16.62472133368586,16.45608053464119,19.422365919321468,18.649576810449627
20.546973973024464,21.158075387635737,19.494613622484593,17.45206064448736,20.21622477229654,19.66156219034145,19.603699155366034,19.22845112911317,19.714428714914067
23.62883311949346,20.369937520915755,16.94969736273751,22.561632020747364,21.33761993670813,20.64548775548233,23.10466406650921,19.049983002326297,22.046077965023763
22.405046158683568,23.95183097197688,23.12553359249454,29.10804167331442,21.582964324663042,23.563998084304565,25.405356416565212,25.1593325617118,25.064334172845562
21.119420121395656,21.230473865126562,10.441186065513818,17.564694516225803,19.314497244293864,16.515251061700475,18.599476409103815,16.54938955862703,17.953482316266335
16.04762772277344,20.39807470281603,16.315479060795663,22.206420638905485,17.732212491656906,19.780974467191847,19.5391629697415,19.384845095884433,19.554085668187046
22.357341785679978,13.103005347463897,19.791722931091787,16.01842667184908,20.366988747382962,16.994617133791408,17.12011057134197,16.493862057263783,18.22827581131882
29.41012248237517,17.30016085424967,19.828899247797374,18.55094493123481,21.583323053009217,21.913408079785796,21.583364108030416,20.65552548709434,21.577536950349955
26.727100230774887,24.383255204002786,23.411036122459052,19.118249147488406,23.73253428399711,24.114669854259507,24.507604437123618,22.588591175309,23.78073333391829
27.965933133196984,30.57953815566347,22.79290157280515,18.225265359822476,26.538432571937857,23.702440591655545,25.71924702315381,23.998445363905315,24.49662908803234
17.443921617844076,21.512373081271882,16.857833498771104,28.852054755100095,20.101278196469462,21.30063594043952,21.361096745615175,20.64406510349595,21.281320770704646
15.051975898707095,23.63905536787062,23.19948497412242,17.773627701286472,17.578999407425655,21.13916264569075,20.436082479690544,21.890802552866393,19.370811373597423
19.37106539950176,26.762390784764026,15.143833024890181,21.34740615513947,20.11155056360579,21.13849006233579,23.11904780624301,19.934055279665717,20.763877074243943
20.278624561443472,17.945530318998753,21.72354953116735,11.279652522706272,19.55910423935496,18.070502645496767,18.64628245073531,18.87910740336115,16.297674371343156
25.470957592354743,23.83407021642721,25.242089913683973,20.72798625347844,23.511696763522156,23.022569352808144,23.503616636788447,22.094273535181912,24.008145647072315
11.537676851425903,18.297549468339206,22.859776427419877,23.56821836940899,18.403139079873228,20.714589579007324,18.991768272883895,19.62623454098607,20.609746594487454
27.64775159730307,26.324122192455057,18.423081534096493,16.889610629683798,23.876031067596355,22.230053974640004,21.266990091793158,20.22568755412975,21.33103822159786
19.209960507105052,22.757015239758662,16.67288491291151,8.959111435838349,17.84220369959386,16.579378274054363,19.24677897184969,17.29691151455113,15.834125889778567
17.8655946502629,23.4922590699072,11.885634814962856,18.8453929246907,19.065826094328482,18.413034366539748,19.626090090399458,18.85569398007381,20.868901272699038
14.939478123699162,18.087007012907055,19.242158551656814,19.068735401542114,18.764815990661802,17.25761240368416,17.9175578087234,17.64040695700189,16.846164482163626
11.725716640671154,25.535161798053924,13.539131088116324,21.896300202977216,17.66468769234952,17.497605206295624,20.354897551221434,18.317193551429067,19.187853707491563
24.115852919809573,32.42356460615508,14.827461345544252,27.043612141653735,26.30369343226784,24.03172818560002,25.235022798245637,23.09551836920645,24.569338553088127
20.36658983594202,16.96044152285897,13.237016797053315,17.47978539759877,19.306785631042004,15.963114778363769,16.580111970747453,16.685647239305013,17.453544226354417
13.55019550129473,20.30120496176238,16.15843066937338,15.574847505358878,15.377751893529592,15.850657038686874,17.30262219996714,17.436049728251454,15.89827222116974
13.52460613968192,23.15803737084046,17.88812234205207,14.332328794514227,18.306502349046333,18.69164666296875,17.62441713356882,16.324617470399712,16.992013044318014
18.32107650354936,25.93203105997908,19.09445832466282,19.7923144681264,19.382692521855127,21.016797195265323,21.622826867355815,20.658584892871172,18.859561991932132
28.345107626446964,19.202268573552654,15.597973458344146,20.917417035274006,22.7349625496272,21.544857487429127,19.646599813748225,17.18086104750517,21.925066262293843
18.702043243181976,7.834848549286299,22.27713482558073,16.817378422549663,15.897118778914972,15.282969867876501,15.597537102952396,18.204032774213054,16.27486132532833
12.48428523440947,28.795947470820124,17.167178968040137,22.114730982903158,20.520357429950234,18.98118013748427,21.629006494166397,20.170289031367936,17.709256258021846
18.77128467957028,25.802530597920715,14.849110266937924,20.8615363072767,21.47750024830442,20.270826806076403,21.764252954490463,18.030357507197287,21.141063496715045
18.636382151261646,13.285262347566675,18.905169068973745,19.17292675857956,17.70824140496177,19.074970128736783,18.91504780856346,18.16718314975968,15.673376189598647
6.515566785292142,18.96215604110222,25.854211334175265,15.390341117023498,15.303177804467746,18.357078622408377,18.89921572298514,19.032905512521317,17.683492076142898
19.72852566741094,29.84091214763663,19.34064226614047,17.07254273806111,22.92743531501152,25.33005420144037,22.07302400302615,22.060515754919166,21.49358458955124
18.84532734895661,29.23898209228933,16.548577490505572,9.28097880926982,20.60940981767408,19.693588227432844,18.985549798085763,16.24347165679049,16.23440797524919
23.48103182406709,26.693200113394724,11.890154575525184,19.943148256792135,21.7115227633216,20.49539463413591,19.588676791220973,20.648704712394302,22.082018610058952
29.244780474726724,21.119437830200688,17.12235071611172,19.10536515498974,24.81132836992466,18.987203018779095,21.067452103160914,20.58347098941777,21.40302193048566
25.632825147738785,22.41493709406255,18.939712500352464,19.753915964357947,24.303835103498745,21.91169054133238,19.697086754318384,21.83602413621893,21.182128369631858
18.655556547225846,21.345370974369366,16.449676434977718,21.01727606225824,19.115837606720312,19.441748504720234,19.04548399234009,17.990847040716567,17.659888951945387
14.467370456291649,27.641198916344187,11.338461447036002,20.543285945728893,18.63896514441075,18.288608191213626,16.439053102516937,19.46180656856483,17.435166093389128
32.8667990162493,17.62078796752445,14.597738441986264,18.558467277415858,23.29000563766867,19.813832314527176,21.991914346657662,17.00492560974082,21.12511639810323
20.29609217007244,17.971001725578976,23.81815384355103,19.19467217265101,18.581136929740786,20.366798964941513,20.708378846513817,20.69966105488518,21.023206502268245
20.06964645956473,27.05137293418008,23.736004014921843,13.382734333215321,21.892309122773813,21.746760090354524,19.033770189074403,22.231117766132588,21.360383493783658
19.879374564449982,21.778192722442192,14.453443323181608,16.665117417242296,20.642112249921304,20.268104173151556,18.004168314665538,17.631257627883244,16.968886024988198
20.990423803839274,28.89233677726904,20.691027148797687,19.201884214733845,22.372488530917533,22.54260875372963,24.41157360850846,20.675323942480997,22.244905160143155
19.278197940380288,18.64243896509727,13.285708860919305,16.05658569635056,19.681354669801514,16.814714799005,16.69006671485111,16.922976902173026,15.145810002965062
17.131689965598817,21.726108198305873,23.61726512797981,22.440603183490186,21.510148099265653,21.1135695443173,20.230545675205676,22.577432095202575,21.21470738487253
17.26570529379804,17.387935075780234,18.980943391576947,16.36547167617988,17.95689663673287,18.42033012084662,15.714511590028533,17.289976167965662,19.52520896520573
19.836233648920008,22.036813407117837,21.798565994466134,19.865221644993266,21.45261613107233,21.26766857923005,19.128562061430422,19.52796968155038,18.89770003968658
17.282876144331176,14.607265315006005,11.139626611269843,19.466262627261344,14.55267494087935,14.793984759030778,16.159587642323093,15.380220639993487,15.159453474566096
16.435771086614178,19.561832895225187,20.71054840769955,21.98511037444164,18.5182502699726,17.839922737181404,19.239443068670393,20.272268360152346,20.308015913475312
20.532151138459483,14.818730675359411,17.969303745261985,22.603164696113208,19.954055986977096,18.706781718389706,18.629843422199084,19.14194150460382,20.343396109466248
18.725113912895722,25.46961616595629,21.40771628316337,21.776130443871757,20.975557376791492,21.853872332509642,21.41489753802782,20.477158910737117,20.58472305178017
27.519964942913443,25.58294669879826,21.6594711923914,10.575975194467466,25.133493501678682,21.731172737945975,21.1943495576779,19.286509810991454,22.350847354810302
6.745150958034941,13.348686347578274,18.263138757898997,23.776592592052506,11.35591310883545,14.405438294415337,14.306229165188132,18.26279026763601,14.663309653649016
25.45753425961231,28.669428727502865,15.59668144361634,25.10923289677839,23.21594348802188,24.826468655334097,24.02432432556686,23.927546229246587,25.69671978874405
26.230425962488145,34.48707563209927,21.118784728717976,17.071502862714123,28.67058497222636,26.198887049129496,23.304241052748186,22.88414085011947,24.580402407765053
9.633048837959253,22.230031933681705,17.75938200237949,19.9465876506914,16.056927134592925,19.34345747618912,16.636420148136708,19.940339425759603,18.142988785844462
18.286562029598258,18.794428698876775,14.50886018588943,15.436673279476873,16.859892899633568,17.882613028025844,17.76745874612546,16.809436421783857,17.148456495941243
18.142795670021044,36.121652955015236,14.319391074169257,11.206485973071395,23.440881793652938,21.594486839501297,20.323786417794423,18.362097345847623,19.549957403118963
12.962441526410894,15.405157508487447,12.091342334750474,16.045138937830455,15.075127778807238,12.908183537093205,14.811701923071201,13.01501248592179,14.911706634499225
16.110916562045624,22.10053233434549,15.958835361747747,16.83944384214556,18.87099234694324,19.851269553738067,19.90282041788899,16.49608687688547,18.641768203109397
14.447120772670857,22.898111363159618,22.410768184297513,17.58059707459274,18.3185971429229,19.07057228280235,19.27449533837568,20.880361616702434,18.637263463513072
28.761352217118116,28.725738102262074,18.711319198821737,15.164343639976048,25.094042945350143,22.747848737669017,22.862148549569472,20.128618039580527,21.765216382259563
24.678391965737305,23.79869487563394,15.880929176307838,16.066299332731045,22.10540984124451,20.759727755903125,19.841757881752194,17.78447692327687,20.080393072925865
26.357775474970794,19.506830521057744,21.219423752720317,18.95597471348637,23.229040910345574,22.037167107012255,21.06658696816666,20.531095227808375,21.071888080051828
23.608360320216175,17.24407814806022,14.670093513106444,15.919092067559433,18.63401190786323,18.05197870284968,16.849815184841777,16.289585856804877,17.63899794072845
14.354741143913854,20.290890898769323,18.381401097331114,21.174097330200112,17.793590790303266,18.307166812323835,18.63434742874945,20.099209908331417,20.047887181254687
17.37739866860113,16.96536319527428,17.281478509097937,21.72664260558976,17.936919689198707,17.487929138794367,18.692769351236933,18.05589899297086,19.203308613888055
22.44687280613959,22.239126598923416,21.11652250235341,28.521550984657956,24.012716457444593,25.73491205714869,23.991788562211493,24.496826932761707,24.53839443972754
13.889360955540273,19.179019100697566,11.691086516321997,23.502719728493847,16.75240521747428,16.70013388341286,17.1299104021305,17.391695574824897,18.464288871035272
23.56499215086194,14.529811033551248,14.599209016741376,19.97241223331366,17.195221552254498,17.28441550728407,19.09277691343704,15.419872711125041,19.504535818076597
18.798373009209325,28.27572894187452,11.447017363621866,16.518942813329286,19.729735331818002,18.266730565217884,18.789452222751137,17.363980541726676,20.406821502694637
18.125895962252013,19.511637382854804,16.96161311276292,20.174989406695996,17.584887792996014,18.84682257154588,18.284232077907472,15.884300705633025,16.69027138149516
23.554799841017456,15.659315975123437,22.845710014529722,20.306383839665425,21.287582536428175,20.521767333610594,19.66456423560949,19.822319075185966,19.861767690338716
22.2213165574302,21.158704327562294,15.978211161385891,16.946747643977357,21.049608268420727,18.95846127826167,17.527269711011005,18.39225812556529,18.477130510038734
18.1951691709046,22.341857829838293,15.957264247217397,22.13492558701151,19.487126411068203,19.937482221487816,21.117719386679436,19.300628757789152,18.383136365315075
25.79664901682124,13.267666372104832,21.486897696736545,13.407607941272499,19.668972821206655,20.030758114713514,17.79065063124645,16.08234753121792,18.82511267251769
14.594683362000513,23.658238335628813,22.2741982338212,18.022400657849957,19.26159435107407,19.7080950685142,18.71171300403783,19.38835372723573,19.131545215275107
23.07967803472132,16.764212156548677,17.64571573092484,21.223433837269628,20.12154066424282,19.226684482842366,19.260721711539144,16.477213565080472,22.148255377710868
22.96550628984192,30.555144045953938,20.738859416199567,17.849663409631614,23.645384302209116,22.903386525990207,22.748904503872964,20.71545897050001,23.407140744125464
18.452267803430047,24.619802560383675,13.692181836488214,18.172982386282914,18.103871394643686,19.113343717829785,20.372821082548985,18.27701809221845,18.14244550480019
21.63066511121059,20.000500049453418,23.511897335701654,18.44885655523088,19.149542139428323,20.501154047460396,20.569832659807965,20.545149483286522,21.22069545746087
13.744432118073485,18.27416114841325,26.594825175748205,15.657595037249017,19.131927862366798,18.815658336878748,21.201136935272633,20.534429564690544,15.9674252910004
24.620135096034506,21.47516146218188,20.0848631647549,23.69560372629683,23.173501726283998,20.671631778491676,22.532638066970215,21.913316567370334,22.948981798582825
19.075489317785056,25.063953707916447,9.662673514628798,14.92784931230874,18.93721248498976,17.31645067560201,19.239519712131017,15.296346943405522,17.235114348149164
17.386384897404803,21.872529357074,15.767078950408862,20.272637309639542,19.962191175082797,19.253456555558706,19.718586910062527,19.52489955732374,17.923530926244908
25.245046129184445,20.914205964315716,20.451301286677285,20.654591593129496,21.272531647924485,23.450056072952982,22.177323663171496,20.88133315622033,21.84179539816383
16.478281547286205,22.29185145408948,16.314068011334548,15.205512395164133,16.326602021069633,18.38803710930712,19.150276485206078,18.10414774168948,16.53378458654339
12.957693518182202,18.980705343815227,23.08879421700039,19.292417017522972,17.808521472088913,18.6211878520884,19.702132318070497,17.63780981970081,17.156387754652414
12.216854132380481,20.28397036578481,20.35262905774346,15.36147130902119,16.87187708058188,16.346965827652724,17.688410300418575,19.1393984590428,17.07531665765403
23.030049756728197,11.57103780547498,15.174097996936814,24.56416990022378,16.443261024070765,16.32109766644846,20.902432874612636,16.7660246134999,20.661204251382955
13.597853237518585,26.868631154261838,18.12905924308501,14.444868252095148,18.929550377252976,17.812223077654828,17.761710259786522,17.245656004388454,17.922350067334968
28.77397090992182,23.49398890160881,14.42466711744364,16.384411623072143,22.680936667847746,22.285315347763913,19.77434596204987,17.55676771572179,20.693141294289095
9.59035296058139,18.132720779832848,17.269660486350233,14.103099966577677,13.333111452372643,15.647215462213108,14.097727806523581,16.808228857369542,13.52595853478565
28.48228184145019,31.493674906776192,15.781627038269793,13.569205092529792,25.020837417237463,22.009921751047905,24.083970409840045,18.641075659422455,21.66350648651676
21.05508733601309,22.43508240196193,22.699047200932153,25.364861163529174,19.787326640614694,21.86436897562341,24.339279546695185,22.625713664188954,22.7328025762528
19.516434440648037,16.819282140124017,26.46404822732398,21.171098695650247,19.670903709934304,20.266397897100134,20.467453976456188,21.290761053688495,19.990835756187295
17.275404565955252,26.283687107352293,12.275246667056992,19.561173702802176,18.5021400927952,18.32569639156789,16.494226723197812,18.018123456588874,19.81658422268511
21.995680571760353,23.990241082546312,10.307134855160992,16.373692146612314,20.251243186097604,19.279342541241874,17.96084212764127,16.776186194621054,18.168013271662847
19.81182648787576,23.972899927421096,17.019310312594456,22.630447244187074,20.625277223803348,20.75617437135948,19.845356684428328,22.076945448326335,21.696005017600363
25.516509410082605,19.87122197674205,11.92633720468527,15.703110242530189,20.76241769592461,16.335725267676807,17.760358737020574,18.407180790776607,17.325476889663715
20.571138243310198,24.252478618890173,18.18484641468367,22.174557177320413,18.809084538923226,23.59079586892865,20.241346065805196,21.484096020366614,20.622833141575963
20.75150880730939,20.691208548894526,20.995744455223708,15.509954893577454,19.419012245423552,18.618217502046942,17.877566099272244,19.63033102754193,20.07522310824227
18.18193893893072,24.779707258229212,23.9765675890673,16.42196919249731,21.70019524167569,20.95682877055069,22.72325011301204,20.074013406806817,21.005973385305072
19.715271881394663,12.475277729946805,18.805578234861123,22.033129544471684,17.284256042388147,19.044081462249533,17.57364614372515,20.50805604514576,17.578161675912646
21.539008844460295,19.830632685104053,17.227379100601684,22.45530937662307,21.101260634072343,20.33141681253746,21.675750304956445,19.96297498402838,20.912966699463603
11.449158036716872,30.610775489040975,10.086460333707663,21.389891735587046,16.114574192310055,18.307057701661165,18.162700488916283,17.429557713731427,18.320476374792715
13.259072889471435,18.164662722998496,18.104740596743195,14.80130353697282,16.585217285423518,15.261529355117524,14.951640731994043,17.028658902389523,14.9637802131785
23.716320470113576,18.980808512534068,18.285149042197848,17.213092537108686,19.91997058617105,18.398979758939003,20.057911030417547,18.009430400135034,20.089013406142612
20.854327190639708,19.760193307750125,20.555827256850982,19.627594964794053,19.60751673204785,19.28469448139062,19.808428823075786,17.810409208501248,18.627329059859154
19.080083318236603,15.925969320556783,15.166047593883636,15.602876152359634,17.99436830440182,16.271228766300922,16.236642990595918,16.412287000129965,15.696399371096323
20.092169665326967,10.95859611885874,16.25978959905656,24.483851040517173,18.186690855607942,17.271781673824723,18.093507540279628,19.392481194016124,19.41544130099246
21.737908526808354,20.847068007381935,12.087990978783264,9.392212224197817,19.340802927201636,15.957887217419449,15.204082098544156,14.55298714813082,15.955548281235181
17.301201598453193,22.679297120408286,8.834828772463739,15.885041938523388,19.11838164889712,16.052272661332594,14.553956003341792,14.558344544467834,16.340118567252695
16.108476372988438,21.737474657306738,13.566011636812867,16.961733988520674,18.64081228104537,16.15436476534338,17.042154549172842,16.486539172432902,16.806677682491028
20.979226275488408,21.275607190260565,11.718696742987934,7.624225340912929,17.085097966230112,15.912117609478706,16.363356590046294,13.500070112786295,15.716798853102517
15.10813611192484,22.215204354251938,19.346849181682444,13.415083479055237,18.06033206342318,19.453778615813327,16.61972702281686,17.858773419521004,17.454473477893913
22.041263778572358,27.11420735775382,15.92746377333257,21.501158050168275,21.926178369953494,21.458194023324477,21.799985506222388,20.38759945631096,22.462558887595446
11.487081978810798,21.047769070353915,15.847051479700843,19.121134546211856,18.019777123140912,17.007802763591485,18.38126641731855,17.458765847164607,16.687098267779593
25.14577818662822,19.129587114563652,14.062347815299152,25.29254408817161,22.243781335596086,20.128245985971656,20.81779941389181,21.10821033458716,21.381471827981983
22.362987412065216,20.594372575559568,5.069738269950266,25.180905783539277,18.466664833124483,18.326216752533238,18.38809538207444,16.40961351370686,18.838973718263656
21.28014867156938,24.896733798783877,24.033242994990204,20.732185514415786,23.738856556455534,22.186736875890617,22.790790098540196,23.045461463259098,21.332848956494075
24.91345491972757,29.060134392716247,13.998917908892846,20.252952996002847,22.27630270077165,23.40184460936095,21.37402062844182,20.638052329169913,21.758943013672422
28.32737222231288,18.85928130415411,16.35031972060037,19.263724434315602,22.435431405368494,20.50232187818728,19.706819901912368,19.583137688380184,20.71286487889661
25.07185032509065,22.494668935144418,12.180431338842759,8.37967192848204,19.11327177859326,17.12151522860956,16.042393262568893,15.338190896389523,18.572055485127077
10.795628843341774,23.6917872096798,21.887721373762535,13.4217619466957,15.456915969035318,19.730569569704514,17.817408040377224,17.842626047951,15.334181362518704
13.602115166321493,17.037109966355885,18.573715748149297,19.402702012395736,16.99152864483463,16.102149076218545,17.911783085238348,17.537402506733976,18.0609724139996
16.875907111521606,22.10208583606459,14.694538858936525,21.464102834990687,19.374897745901944,19.2290349340475,19.589240898816204,17.611496818242642,18.593589979629087
20.13045525105417,14.671630713289524,16.431081554623905,20.158679248552563,18.212968186400545,17.818950144801992,17.469418838124575,18.334130987672346,18.100809849374198
22.588295102345615,13.154748481303006,24.71271968849948,15.430140129137369,19.284333495376277,18.02847243284355,20.064784391252015,20.12178009504319,19.380212294016783
16.371280934232672,23.833732039461285,17.70812227247489,22.749625129877984,18.24886029816782,20.747375629356803,20.473053913522136,19.038768076746504,18.626105129497322
20.93383382238539,20.080626293346086,17.273065849536376,24.929776115018548,19.183965327649865,20.662134809726016,20.87506774186262,20.888505628048193,20.42984634151753
16.22308533823339,23.011402038106095,14.23447405544294,22.75195840116536,17.54546541819151,18.790033456254523,15.715873295633362,20.116199951839214,17.900549560578146
16.942410985040258,21.91052511495825,10.42167539811079,22.958397318361882,17.496623448237003,18.542639369831473,17.24084259251141,16.89720283752407,18.056424290790904
12.966694515758888,17.117999756681012,17.359845305682622,16.763096808179156,16.546535208867216,15.717557531139036,14.530811194338145,17.007109841565192,14.905311267874291
15.383833769445479,21.773728490178318,19.30194044929847,23.303736490803196,19.936818004850352,20.330535979736144,20.567883306995476,21.33551190476498,21.138548043275755
13.241576971918331,15.834493474925724,22.39833785731068,19.58303455731063,14.836382258825372,17.90309792306139,17.859394047296373,18.004743662895716,16.910606251215206
15.120633735113337,28.954861790007,9.006013862001378,21.046222114088017,17.947303678139566,18.00693704243512,17.45994648891732,17.371296069530793,16.063736044933627
25.268208983039198,15.220148275700181,13.499614691907883,20.461727371298835,18.699262731865353,18.2648008462688,18.916787388954187,18.38133083133823,19.128500709224983
15.253005555840286,21.02107364515709,15.6770356377742,18.514051578238355,14.862753472760673,17.555108464345963,16.192799238046135,16.961336196432487,18.277194418736634
33.161910324186955,16.78864205976376,17.986076605707193,15.559990099510792,24.02069202564634,18.703789225671287,19.83039167402459,19.36881325876639,23.2017823116597
22.466589504404446,24.852105866803978,17.41986523388631,18.671453345783814,21.547226118840094,19.10813379552675,20.142282156854698,19.81362382823003,20.566313854908497
20.92418061847437,20.342843143592486,17.513245257250922,22.94704646993129,20.156736352279832,20.920129406017356,20.971965194157132,19.375894092312016,20.215685738653832
15.708211099093933,19.40666640189395,19.63238423427978,17.234096778748363,19.10104194331219,17.079576659193748,19.394781307707913,18.37882856681019,17.676050528986906
23.501549397044958,26.266007725257772,14.386827556883564,22.573389050432585,22.503435506099642,21.690222767538515,21.095934984060783,19.603976298553018,22.368104730206635
17.12181086881113,22.14715295838776,21.736565768934778,21.948282682470687,19.604281192108786,21.034086222081275,22.06091171125937,20.532408749110918,19.368887803642924
20.610049073226808,24.583222229679837,19.733809766797922,17.80425041192068,21.91825091375127,20.609437719001924,20.73023642101777,19.958103611100913,20.143245883355313
32.800422691343975,17.093370317412678,16.720670943487683,24.555200414478307,25.106706248482325,23.5720054566499,23.028554252605883,20.821971146741625,23.91996062024155
19.51970050137675,14.975915280362464,24.40363196755566,17.577813315237176,19.235630075743515,19.41304095615867,19.05546070840557,19.815895505254716,19.050966850460533
25.74636663142838,22.53603981020067,24.225664142287066,25.038187450450526,25.09749976783217,24.941055484804167,24.189250755205595,24.018192936104114,24.443164030362485
16.48411787437056,20.405768222526344,21.731581420775235,20.73650792616389,18.98977704353468,20.370146268437175,20.27879389769793,20.869146261067183,18.6578756633248
19.82505754751519,25.13217336226972,5.92577291772883,18.936536326185944,18.46662549749169,16.83816323562231,18.195206224606963,15.591616467133827,18.178810076547055
28.85400317817755,21.60045773668725,24.315780370871902,15.448794478649384,24.542794824615346,22.61634221339719,21.67014763746067,20.422347124259044,22.429514152511707
16.865164711061162,23.02537669617315,21.179034089887736,18.646959079459833,19.001060668767277,21.82229075958295,19.739833174575963,20.104897300753183,19.447514744272944
29.062242789984644,13.883087350293783,26.02563455085175,18.18496194602232,22.245384811484975,22.51016281014548,23.458256756511393,19.575043243210764,21.073377655141865
23.538759677277376,31.442184698071284,22.949858366934155,13.966814458996378,26.21269204143728,25.77071417844498,23.15159295463832,21.85011723278037,22.770268676373526
17.18766612052866,21.178790074839842,24.313370709989144,18.12953830912933,21.9122875394365,20.93273121435318,20.489035158050893,21.269263449826912,18.745658196345442
23.162038695277605,25.487934851695996,21.514619400721514,15.784787279611656,24.38479645576349,21.01319440500236,22.654613595794117,21.3248547962045,22.700996543647676
24.86277224813365,17.81954164890187,23.39477279458205,21.343967075915128,20.781065303663397,21.16512525349512,21.35401894259851,21.965389601697403,20.925630116072128
23.10904981108598,23.540049511086703,25.97649496293776,24.22512190291281,22.503588426054264,23.134019493208502,24.178718425104563,25.225225083429137,24.86577635252471
12.148876400547717,15.485776182376274,18.866218953512824,14.092337294819037,13.49705150317128,16.32088540871536,15.965147104412544,16.151456628050145,12.834579861243105
16.364314120875658,24.260339191298357,11.711077823687482,25.84923091346769,18.88535350370352,18.64821779528717,20.78514274361064,18.252181275680062,17.60004019123815
18.762406822242475,20.220129578070836,16.77015639993943,18.48579586245948,15.96488787619441,15.491408384023961,16.19447887217264,17.05813274816233,18.017750906671218
19.62783285449977,22.145952519677838,19.55978239753375,15.099914460245943,19.328065256615098,21.921045636442546,18.371701767093953,18.4828583791843,16.49977060505865
23.103360487753392,25.48987015065049,18.29955033748623,22.031019120832735,24.158416509038137,21.593100929669927,21.232584717831436,20.571159746742794,23.02792113078394
20.888505004666268,15.8372984438986,13.013752135362294,17.214182086979807,18.413199001535432,15.699261666621673,16.614609314334697,15.506346554854238,17.179212784234643
13.323278206449494,18.577541346936016,11.475729499220083,18.673053295874023,14.555930265518514,17.0868592469719,14.589727810526439,14.748166874994963,17.01058424797943
21.900989255029817,24.286621405433827,15.035349325460682,17.382887023151685,20.358385249878747,18.44511502410714,20.315567251778912,18.695510056283574,19.482363631608088
23.052928726419115,32.49110737273374,21.230958223936604,15.7330482725404,25.355241881236033,25.010420965326173,23.299420989956367,22.064767142982653,22.62335646668853
22.7989522396552,21.30958832669259,24.321359083291878,21.895988129607616,23.501596778733195,22.040829853423883,23.470662114165986,23.28664729776032,22.266477046026658
25.403903627773108,24.95568058961966,21.666270455110805,17.85479438842325,23.23386189011987,21.31452947206155,23.423170222605275,21.996857702547103,21.428069069828684
24.16961077274452,21.465142650707598,22.229709148456543,13.253392831283016,21.644302195410262,22.298774021932882,20.958549869213766,19.398218072467063,19.559097090167366
22.295900396142184,31.711227973781497,17.67673770734577,21.204240496863733,23.52149041322683,24.439514830001894,22.886236092423268,21.885466521446624,21.723682878885445
19.649171442706766,13.263891665173722,11.031670169176145,14.177670595904978,14.131587728685338,14.974037942542349,14.634878506997026,13.785269212068735,15.394583568759705
11.695195332420043,22.47310522334679,16.17911767646918,14.386959309298966,15.874785418173973,17.179753345077366,15.72272048006394,18.897814371962845,15.24724355587622
22.148091095662927,13.872279832189696,16.964942352510484,23.770424819909266,18.49502380020634,19.03397147160217,17.8241992110983,17.91723831604562,19.842751621713056
21.038438435815557,9.467142147316416,16.011790052657272,14.214640403159152,14.618695953379861,13.462137403039005,16.136790606824814,14.708131903044954,18.49544036596604
21.357894185976868,23.487310265589084,18.218779461498503,9.734220572290038,20.852609641233908,18.841860727024315,18.115486494069327,15.845321080777877,17.265802584043136
13.616257120898453,22.697488980737294,19.7656790395718,21.49144593984598,18.84135062310542,18.83172801779077,17.89010580613877,20.23391655646191,19.33870331422494
14.594717297958688,20.57581531128899,21.41206075297399,17.78454628207548,18.767217992217592,17.68327501622267,19.12873448216189,18.800762074211534,18.057218910311953
25.26576426666452,21.469029549801235,16.887520542534663,18.129379515447535,20.969386276193497,20.596947114831213,20.21397455098924,18.894297997222665,21.847447409737153
19.802224230716725,37.49149717035629,10.384962377421626,17.7419984265992,21.035955483423173,23.029931951456103,19.29536657865258,19.1104166700392,21.07701704002826
23.40750348686312,20.709124309842828,16.06848912283546,19.926679756074908,21.24943561751833,19.316751854163027,18.6542198964394,18.39858367418757,20.084354948224075
20.141591880652307,24.550621806250376,18.174841587967936,15.989123032387727,19.991591200338682,19.831769108538957,19.01343341815349,17.207198418031417,21.67682372655237
20.148780697478728,18.753175901930597,22.891231688533633,24.90445949826306,19.863489203858002,20.365819671204587,21.884924004995387,23.818879452179168,20.985168931570133
24.691419029879988,23.476162875203016,15.728768631263579,13.095078078762405,20.117624933998414,19.325996019756353,20.035877138827807,18.223682333962063,18.98309626064161
17.41977635891313,20.80883162472191,20.050174513597607,20.779499666708492,19.02322237228504,20.657633159008594,20.518339471682843,20.02710443737642,20.54806646877689
20.480603884704916,19.94740758635135,19.16035159854173,21.568484015506336,21.742709848096826,20.933673072237944,20.892074726206385,19.27749475159879,19.618144220795152
17.688623556474788,31.094492661001624,18.175602132493555,15.961392956666488,21.12960742170025,22.05620791630774,20.695665454967134,20.131444218128202,20.71463600457682
17.82751886283842,27.885924815921694,21.722133277298365,14.905062218888727,20.241914823093488,20.810502477116913,22.30739210433502,20.881297651095558,19.26191446099289
18.454139382656802,22.683733236996154,15.356635212989676,23.068696856680624,20.216905853457593,19.066548739436083,20.590672416330698,20.21543554362458,21.06816082294344
21.110668858168566,10.478940320280167,15.699254201425934,15.03655698393314,16.404268457801262,15.878307998173106,15.803460460194241,15.859745890023992,17.056818179816986
17.606256891682612,20.194953883737153,17.952396707623087,16.573344236997734,16.22950131933037,19.09212433536087,18.648326035740507,19.003254725376095,17.79326692888463
26.278780627867604,35.515137822025416,15.4394139796252,22.549235849838986,27.171206298416894,24.87997385060461,24.5466070666837,20.93058228449864,23.838842054439205
15.526963488902481,20.84669166680146,20.0320491642184,19.138964934156096,20.51356699036232,18.770636026351987,18.828923712484656,19.171900614163587,18.184051041357254
19.065641779193204,27.516087860268293,15.14723078253547,11.811425329483582,17.491135831784195,20.141656108022186,16.303142398318577,18.005202482443867,17.780967568703293
17.801344708629124,29.209712009763003,18.90521683098054,25.988236578214057,21.02761248637594,22.832446244778453,22.589379869419076,22.05700287603398,23.648131365896695
27.234889421768663,23.094819579279875,17.599308924852973,16.879956964880137,20.181732035298428,21.777140053093394,22.962131738462187,20.665431094619745,21.69385969443264
20.982773882557872,17.79089184065924,18.859703859106823,17.38897084037433,19.165910540338885,18.53268447965816,18.90396038296166,20.22740616728094,19.379550098830737
25.159222697343175,9.823438341085557,16.161034419747843,20.02313700930546,19.235627402754407,15.784280988542749,17.89844789423212,18.143219128101368,19.100931373639767
12.57219813481514,25.420816043044773,16.64364682189269,21.50030718801629,18.23938489981593,21.04615206407123,20.032846142091508,20.110524314355647,19.480863184874767
21.335251329346296,17.92621998588226,18.3840370719882,26.84441716516587,21.665211356530094,20.64907471199505,21.48030680371803,20.678202881093274,21.515540977406566
24.448153978117183,22.88075225943846,18.80829802464525,12.359727402377214,22.471669904575318,19.15754738143591,18.837749111887934,18.533838084018544,19.54506443153905
20.41141994637712,15.75089830205318,17.983192338435376,22.303808835703784,20.419004143926436,17.272467280787545,19.135987367832687,17.72964659241301,19.5897618247883
25.327401875326757,20.67381229764899,24.821449426052336,21.972038776200307,24.654808970362993,21.818465849178978,22.063456469128585,22.406583385751745,22.850928904651138
17.41355774949814,22.168595274505265,14.037052325034864,18.451340356503533,17.865603114198656,17.66176249696777,18.201248597005733,16.614494384304404,19.01230625958856
27.0467372009279,23.34296790522149,17.743184820189146,22.14909477926489,23.651858150136768,24.090141097195346,21.732746223996916,21.177242236958158,23.966622113159467
31.49449061809625,16.42588906323793,11.705483911532061,22.737096070546187,21.27169244008994,18.701067351485243,21.51903452788685,17.5457719948056,23.101539405529728
18.185807197801704,27.98455474380676,19.488325914669545,13.472148860051982,20.683913202333766,22.02091024145983,19.27246855731117,19.514066649045,18.228263493114937
17.77248739299614,19.015526076340144,13.539013854492744,25.99906602352332,18.183193825369504,18.389908993950677,18.256819427703544,19.673506128298992,19.993183162199944
27.266922385588504,13.627652697733774,16.886758976493695,12.764950987447433,19.564004334063664,15.979547785773747,17.523739273504376,15.32668412206605,19.204811391173365
27.897860728653562,21.45488290018268,16.511742698674695,14.458734875044907,23.68608471505927,19.38809561194651,20.446197119768676,18.171681287822295,21.803200224135253
17.385699864233658,22.1718765451323,19.123564506404687,17.952849305503616,18.895672678557624,18.175354225671107,17.951165558478724,18.792256899844848,17.352021379355005
17.899065914520712,22.8029471658588,15.78883632981928,26.699762052748227,18.896167573247247,19.64133219019336,20.27638626841317,20.86612166603319,21.095118909176733
18.591076955697464,28.810662018425397,15.61877720922407,17.766973480986454,20.110471142846876,19.714693793755707,20.30203472177675,19.885015625452212,19.60408675270077
13.277747444828615,20.8177558163207,23.743425856343592,18.87226443979676,18.847437609698577,17.894553011243097,20.516166938858944,21.57161137306568,20.148080469330672
15.406740267579009,21.401901878156142,19.138267161898106,24.728314415618254,17.480613136330895,21.701857717470453,17.6400901665191,21.56515971112689,17.939200394897373
14.97929616623966,16.484078093834533,15.755796591910928,17.798727429738108,15.666787785851305,16.438584155141477,16.869637774114047,16.85066773000567,15.234065388579136
16.161012174479357,26.102767514439485,16.996665312755077,14.286253148277297,20.450693746957754,18.333004507091598,18.003108973081698,16.50098351690152,19.187098782362277
19.826575563066093,22.921545320390518,24.58141980908298,17.33106065904674,21.749082294805692,21.904174529698007,20.67053999100091,20.517586812186035,20.17816398731911
21.171073662682602,19.899861363529187,17.059340486995612,24.483167335223108,20.223967315934477,19.38312836109652,19.97223375197187,19.441587754538784,19.786652789783638
27.752502464070385,12.476626532672682,15.242893507390448,19.283459988220546,19.785003242091673,15.051986537107371,18.32497503945426,17.511391159171442,21.16672988523206
15.008229796306045,29.222060975275436,15.26001539949443,26.72263303622504,19.464612002399264,24.647487112163724,22.17405200273723,20.175026332960435,19.98385942748786
24.921611992382918,15.861600177719714,15.80349407604169,21.95173970504862,19.22586292554774,19.06379849229179,19.09782501664296,18.908923104881353,21.41706041563799
18.930055778872454,19.04360995315147,15.62200911029311,16.420764254426068,17.856401872081072,16.880836686378313,19.1627017899994,17.141229746095252,15.978113693169675
19.752681451737836,23.791722555380016,12.881408606603028,19.204305217860313,19.80657462052507,16.85942187083711,19.5313962421877,15.711778558729407,17.579190923205672
23.37409746083302,16.017210356916568,13.503199612212088,15.587127527432482,19.362304778395952,15.154218193249138,17.31838086450141,14.530667098813643,17.792590813284956
14.386389892188507,14.532451108734282,14.68271850255452,16.32626787740492,14.77602239491852,16.56157436686023,14.815900727403935,16.15997255006574,14.208522202905362
21.912048730920255,11.380262086496675,20.36628407381239,36.91633700410303,21.296562809244136,22.791579543895843,23.83358717766119,24.38608116954214,24.27016001933059
20.83226104106528,25.60498476452818,16.475050850908506,23.074498040135243,23.222057835189318,22.15857753687006,22.832718360917617,19.866198812221207,23.390079755732483
22.462256320040744,19.27406877636839,17.171353243623837,22.444391956026692,21.24110021773646,18.79987922280134,19.176635426760672,18.668037286120846,20.606064996055043
21.44584321953909,36.63635046236665,23.08035210101959,16.507278738767745,27.06102212866221,27.01560914865425,23.71555802502418,21.20583219138682,24.957064420563277
32.276500699554475,17.028224671845635,23.180028599753673,25.278336265124317,24.192193506450554,24.023225992359908,25.07540276546155,24.960105011484654,25.63239349804426
16.81130007874342,17.392744882855393,16.87150022744906,23.397662407171747,16.507210847872912,18.975990478625903,19.554982843498927,18.968632166007616,19.87141019225948
17.345015224990913,19.173035148572993,15.476545957266364,26.526485157431082,18.95584771805481,19.61534535267945,19.32992982375607,21.60139653769476,17.738133508607664
16.88429736787618,23.215673275692446,14.542278745305849,26.332456593593797,17.91891252641171,18.46374921396738,19.501231635904563,19.856541781154327,21.1529212889895
17.222614404198726,19.648983306073443,20.77110307883295,13.083642847609912,17.95595381001317,16.989116415086755,17.760198535145303,18.168181486340302,17.658658037989763
16.81306436346741,25.061661070012562,17.18117106591085,14.560642042920371,19.90721438919468,18.43737275564622,19.880828066323783,18.8255981610183,17.50060909711526
25.94508265553776,17.10705805005673,16.454020438708838,14.984848738145455,21.712812363473645,18.897949532899425,18.663786730664338,18.731825358673206,20.886726022073333
27.102521239949276,15.092041407682094,14.745341699449789,15.224237426670252,19.58589735055326,16.036134583220324,16.777094673612723,16.69508997179676,18.172295837092435
17.14626853125262,13.008926302954462,14.921334363954447,20.29380945704156,15.124888826574741,15.69174738278732,16.452167891378192,16.375495914348694,15.209201308014705
15.838222134478857,10.882129160314015,19.28023276597298,16.73278619161673,15.449714395753599,15.386300732942164,16.466090634325496,16.520134670500262,16.585731926832818
22.35707778193202,19.409654902624716,12.738246936450953,27.290394163050074,18.96887294363153,20.366604630046698,20.347466134664685,18.354220180006614,19.900145638874775
17.238884778595143,20.49509843803389,21.979474775151754,26.61871952832655,19.928571702417802,22.18856436094769,22.841211192510745,22.218431067159308,21.728782742027477
23.164659088777555,18.842814862584085,15.864621424740326,18.97415362368384,19.981047693326417,17.82976749963747,20.07741128546394,18.174343023010945,20.922995334120383
21.0146151042565,28.21702898593581,17.40145622299283,26.82130486459916,23.005392475871034,24.699415725937026,23.301842370749718,24.133735131291456,23.97295134704243
12.42127942501384,28.140151048040675,12.652088167437782,24.952538508960806,18.524732042619256,18.549195522688176,19.58465830700374,18.986711778291532,19.123205041247903
27.737526006650306,20.32598506277749,17.95053624703054,17.197173763290966,21.668115691656435,21.562135788831412,18.9610455647541,20.24097088649382,20.78458794795909
28.97938836547761,13.030394434040184,16.68671622923776,10.963138623897754,19.20753779202201,16.353493698510057,18.62513613807549,15.38580779095637,19.191522858132178
16.93605654757807,19.166474459724736,17.799677604574132,18.128126460157084,17.149996862846564,18.26660817427006,17.67806641933819,19.328768086161972,16.692570338289293
18.061492200320078,19.000893030414694,23.88683559344756,16.42151147568611,17.724288716315506,19.988906782464223,18.942726335690764,20.764238000172757,19.6975019003223
21.429326953624525,18.71432518860971,18.710792183160958,19.82602250058332,20.252619346569354,19.676312543081565,19.12026309996721,19.927116719375128,22.05523708321419
21.672283949935125,18.511405480508778,14.821363263416785,19.356913147498997,20.016956643251948,18.880169241099065,19.04718902283002,18.58395540070721,19.518749632936064
23.29272136336415,18.732685521375963,15.154720357813726,19.252070635596915,20.689355419734426,19.06663966148265,17.97935646877503,18.74647848570213,19.302900396341077
30.051022693831747,20.067291920511202,20.380524743655073,21.094738965516658,23.963678638507986,23.147146460990104,21.914221799166125,22.56300563630627,23.273226427092595
19.11526386252975,18.822294505922216,23.194773163973696,14.149912211665285,18.535734511285945,19.72277547615292,18.768035834323385,21.330632175767047,17.90258597762319
16.00851377730773,23.04161254312796,19.1276720830042,20.64544111027883,19.95028244385289,18.71712110643112,19.079296546844816,21.670769763990624,18.778998325589367
13.103403859927365,23.801843579524306,20.75485097821908,17.241535387931975,18.8959613746398,19.70579529145287,19.060642024773763,20.01153434372978,18.13259638336587
16.345349800290403,17.44677456408755,20.43895089334682,19.799928799454747,18.057375990393563,18.030903454674007,17.9178617349287,18.797702031318053,19.10021320540375
19.834365135631014,28.355326630035165,23.676257653430085,22.82963938092876,25.20287076446512,23.033013710444248,25.268933464381846,24.34031450491162,24.816291703926368
28.97278931758894,17.09968849079693,10.201639309095869,14.102400907115882,20.143164705438355,16.515596492231502,18.28758701293381,12.70239690003287,16.426282652801778
17.411943504819142,13.910996930923314,20.668875757218114,17.87482538932172,16.802444187655556,17.61455118430569,18.14754660794952,18.982378268851363,15.062958616118932
21.118939758194493,23.903890356825258,21.934944175614255,18.525863063884543,21.458500820762076,21.930285952135446,20.76594758480833,20.164375442021957,22.69128718520513
19.91788551963624,17.912959327928302,12.645105175457706,16.942924113717435,16.003477746215466,17.595606022826804,19.26039820862437,16.837780997822104,17.226992551266733
25.94196636724042,23.60645735378694,14.457327263974335,22.59931798453183,23.271460968422595,22.43470137465441,21.212256228109055,21.85850344212143,22.284650991938783
32.63466212936811,9.981656994497348,14.596869005487386,16.118446564798113,20.474095040515962,17.46046036958602,17.619098396247622,14.483144840785759,20.042933596885263
17.345656135398396,28.962279707415338,15.084839214490467,16.778398402230646,20.831685290861913,20.556052961106957,20.249535961839058,18.5441723652807,18.85978046385281
17.55280278740889,25.36146704020201,16.073131796257897,16.16032346819174,21.30209793518615,19.268313935233756,18.982159405955468,17.04051059307454,20.376014232951686
25.22080438534536,14.497617254184991,18.970411252219765,23.368221645755206,20.177759575508496,20.525439221791125,19.69587932513515,18.29192492004951,21.762142228234403
23.40945744813156,14.606114380768572,21.46269860466948,17.03022355035113,17.403170652660652,19.395568234165015,21.322970658068765,18.849993476736124,18.89806667923164
29.23353662868017,30.361329520487637,22.325267831074147,20.840181563534223,27.831955599697384,25.766234750053613,26.665678384136886,24.81294820555402,25.201252322938597
22.919640926629818,18.313100482510208,14.648707755328873,26.9028204049203,20.44866949685547,22.005017304666048,20.700072693615237,20.639313842091706,21.395569012545977
18.203539546064704,17.82907575633688,14.621188005188069,18.70072631859766,16.691994902253008,16.569748937948138,19.73974253763009,16.998788016093716,16.78422669995619
22.953274153461546,10.669739529253587,23.263287360064894,23.44824272013263,19.776979599808435,20.914668398222716,20.894416085016417,19.104831024649055,22.396547810413324
25.543517902914537,20.24610897199223,20.58697574167458,25.685416336372512,23.76327295484003,21.141419335630516,23.003603768445572,22.66736754472479,23.659255620674056
24.102410905986822,20.861401925821237,18.331459367475986,23.108766240161657,20.92994352744092,22.013710353670316,23.88244725503835,19.355187078556288,20.831424802275347
22.53637015553649,25.577465483847426,19.89334670221987,18.93279473608904,22.258404660018318,23.371644985872134,22.39397900289741,19.57931895597993,21.94011396893186
25.333373447945768,15.004607859077623,17.880784872594237,21.568431035994454,21.844485544868814,17.338759645281684,20.562044566223392,18.160282288189574,22.086662876095666
25.846477952228362,14.398566038796952,20.09833873219046,13.850485627458617,19.34125511048502,18.427414720288713,18.162119460508094,18.708653375474416,19.869286401825907
26.910794955187637,24.254813173882383,16.655733213977037,15.879827367400193,23.026561069188983,21.546702422119438,20.97470566331146,19.513538971787657,20.259485488840124
23.243549437948214,27.033650356135325,19.075219737756925,16.581299273472325,20.256277590874614,22.049594374579847,21.072736705463985,20.658153390048955,20.06015733606599
19.164409598415727,14.144238244410584,11.957815798522015,27.962448480697127,15.614997819382285,17.634143764309314,19.746963776552814,17.0545352915048,20.785790517498413
20.733568432166614,27.407570431498705,15.248862820698276,15.749661942978932,21.297954758086604,20.229799213064865,18.17550176341817,17.991539257138,17.851945405174813
26.032544832541785,22.187709207434107,15.291955292838626,15.690092994952682,22.92471886289554,18.494179089219124,21.16644601500665,16.49448383420519,20.38364180755562
15.91532164506382,27.45902669537323,16.502439867172342,14.824316079004067,18.024726565971367,21.70441310573269,17.79793354295542,19.49590960104328,17.44565933293652
21.843366544364507,21.648898192411917,14.293946980881007,21.239247047723044,20.28929423847838,18.895838407089588,19.698443488181603,20.80072720715844,21.426996158154818
18.033305938363196,9.388610412560247,15.865825496707673,19.57048557067553,14.784401246468724,15.531250313367028,15.419340466752432,16.455126960307222,15.27729040676744
20.143724114674086,21.240163088419806,11.942343750407517,23.34703590810626,20.1057989682802,18.00606437911884,18.64816422890671,18.77520751275662,18.88726043482841
26.392259313036494,27.30071909335635,20.194801905579602,21.685038664309417,23.736780395445777,21.58825270512927,24.58298889220596,22.523841972288213,24.539322089860466
20.955495340099517,17.53126990458143,17.669945924354423,13.47844061310373,18.95349000196298,16.522639065572434,17.403598732205968,15.093861704940764,18.16593981602495
20.232182740780743,20.06017515546274,11.179169568895933,15.770888919958518,17.2701577617299,15.124811057180317,16.142905336125597,14.394223018089356,18.40838724359815
13.200719295100404,21.11933248224511,14.660680357813307,24.461314993103286,17.21739305841316,19.357978248882752,18.51450731224332,18.281220518081863,18.92753999124241
23.731267830136105,7.50243060065759,19.346405710248668,18.18680702169278,17.500129208779203,15.831397847593198,16.495641064017274,16.682961283239674,18.29467432534259
23.227420905705376,30.35673787718738,15.827912214456841,23.75036727207205,23.686829821394323,22.736861323868787,22.75283406835399,21.23497110484208,24.379382610955954
30.8162736165273,17.49312160051413,15.212234159447613,18.401276208338732,22.934832225757937,18.590785980357992,18.983463307168137,18.23328151660779,19.93572682139637
18.461108825234994,24.528677162363994,17.701629291967695,15.129374286845914,19.839962700184287,19.481223957430792,18.504888398118386,17.521141229305133,17.64355482612966
21.095751638319694,21.566494319258958,19.374390140712865,17.786956889333176,20.42901636610476,19.34234852716084,20.450102773300706,21.676441271388487,18.56619290090581
21.246918418553776,28.2880952817968,12.254590171843358,15.127800817801216,20.5924775340866,20.430104214609834,19.266476090456827,15.857113197296194,16.335264653589142
27.887266398817374,24.030280612140405,20.20051392487152,16.737788950390303,24.155470812927742,22.49628875403427,24.029026140528043,21.583634561398068,23.07583324971594
19.523522338065238,20.825378642395126,14.798826873570494,19.803702826260984,19.2192017334309,17.98088090193048,21.35067514379427,17.716214849430155,20.35269376788849
21.395107628851697,17.5324245374036,17.928288127000805,21.04642036147608,18.518927994228907,19.976752449223895,19.01134176736232,19.594035124870885,20.38059589435609
23.039482548582697,25.989253506910693,17.858319437233963,12.639234706982808,21.49868519173398,20.297955857379733,19.04825479222325,18.94501201040646,19.853203905998235
20.93304561578179,12.632793480226916,15.891735527040904,18.930527969963606,16.179270248154157,16.551570325019377,18.22684219461225,16.81275908954966,17.748940315586538
17.767831927247357,25.22945210137946,13.905361015477142,16.65353705776099,19.082548887403522,17.162082828326724,18.724253767498784,16.247508388920156,18.208517164844636
20.97044996449154,16.50477624222564,16.857253807630947,16.40634076416475,17.759365491552945,17.41288102790292,18.820579471643192,16.730764246825995,19.580666660345447
25.36815874929886,28.2614183097832,24.50132123630078,19.530738476532306,26.249810235549145,25.130145948309426,24.814239924183294,24.01794484656587,25.571402042845733
14.8674235029447,22.806497713313476,12.553299878145477,16.79819250924315,17.652124919482024,18.274629302073603,16.561995554235928,16.215253432272423,15.986613745595214
20.66484837073438,25.220618839250545,24.7692520764195,24.528551979386698,22.316082049727118,23.283747714821907,23.607132768229,23.353743054525335,24.664796630820597
16.499395925304135,22.409944069123597,16.96111531569387,23.75224750500424,19.08788205909946,22.139755124892424,20.338452482147513,21.33326124317552,21.1791323755883
25.975233144624212,13.238114524295016,18.141485668354555,23.72731317576816,21.00107264563428,19.91125763870233,20.059422732545627,17.126361013476014,21.837077264393262
12.384065476081126,17.69635418302331,13.65315675446109,17.02035921803879,14.519891397871515,13.766326344035496,16.40798515109895,15.094922963644208,15.478810308515742
17.205390763642058,25.36194668805691,14.914922333290077,15.150004660322711,18.260507719758635,17.708941677111493,16.855728871826745,16.38257999020281,18.115265384947065
21.886059375322603,22.83327908679922,15.988361399847923,19.32811971755246,19.64248819984884,21.310327128785975,21.223098530941648,19.131207646456204,18.64656746362286
27.827620146171704,27.904949526528362,13.81722011648835,18.39860653485493,24.960105154788714,23.005125372072737,20.113698333094803,20.42694778297909,20.641618587270692
19.67124869463506,24.01637281518586,17.164328170516512,16.56470735030654,21.06546083982871,19.619494986259532,19.499266544022216,17.198573894622168,19.890218398433312
17.22400236653401,17.1664905464867,16.371936432772916,14.297062213332154,16.535694019573363,16.51565871280897,15.933830159157894,18.347196815348,15.063625486383476
29.40578534720295,18.01967931139683,25.403124569742936,18.833928122927713,24.898373243068267,21.51017358464209,21.399273634166423,22.55779129873301,21.76718945090847
12.75993049791878,22.514586952616185,13.336103257278156,17.383722198990107,13.29873062642167,18.10538034258542,14.438566310022068,16.71019239301888,14.137763347362199
9.005970216899591,10.429779669999473,18.410762066994348,21.75338814815208,13.916367866682991,13.816267107334014,13.802460355406206,15.437119891585805,14.5202087951822
22.20007225026666,30.367209428114926,18.9913851276073,21.660424206085917,23.797566369394016,24.424418769110602,23.350457079579044,22.34156323518487,23.40420402476275
17.489728878236946,24.208733681887786,13.71871780539265,23.40319922169087,19.48435169990822,20.90886343483483,19.102910768022344,20.070841334383466,20.308289540748323
14.893835914346434,28.13517298524436,20.747309981811355,13.962817792479846,19.623312313256168,20.48423118570148,18.393835267299323,19.814109091170693,19.28408781301813
23.541782236496765,14.096980295954154,16.406691948473487,20.60423323077453,20.38327617802461,18.94791613290475,20.014703010847118,18.05771660518918,18.953040415873623
21.219003568855996,28.222825801776278,8.030441393667731,16.090137175065312,19.10881954035983,20.18544801544316,17.158417306912767,15.753823658549155,18.55067477518365
17.179606846316357,33.15749455513874,20.63939844841826,14.11834315675566,23.833265437034218,22.66662670089224,21.9528280832067,19.462721830389967,20.994581656856326
13.598478006645529,15.395608223113413,13.532236463590545,17.28559105220516,14.889350988475973,14.679865401349378,14.063981428006457,13.653832675321548,15.514767684822255
24.362286641400722,25.857008974518834,13.808900215443604,23.27481992053847,23.213943599976666,21.360341211825055,20.702948004816847,21.282963648023532,21.63944470056597
23.251005889793305,22.005549723436467,20.751608331569592,17.510726585718064,21.474257034505072,20.236506008932007,20.275884005706466,21.162358547952977,21.079596330311336
19.504120681103085,14.277830758758778,16.6113540703262,25.26181863983645,16.62523098022138,17.454359520176528,19.533697084710237,20.059336612410764,17.623387353771587
29.233184980238327,24.464419859259348,21.671088602206,21.195514062081333,26.416879842058574,24.36879911072924,22.76958611934817,22.020472085577886,24.3558344598599
14.649576168369236,26.16801602418674,22.840664381461274,17.42363808407769,20.332140310493074,20.95329715003451,20.557928925030435,20.90435023831317,18.805298346128698
12.372374145376305,18.994367236655766,15.420286158710809,23.640193715625635,17.456959890760793,17.85447876766163,16.646045316420743,19.52808362604194,19.205277750357954
16.540459650593778,27.829582601276115,21.17304998382012,20.781587088457144,21.084051026014386,20.675262973486486,20.800402960790738,20.695003280620153,20.01991642362719
19.77206991822251,13.666182966054011,14.978156794428472,15.269762446213178,16.112059081713305,15.509049575844744,16.32218462027061,16.412517444221663,16.358096246839047
21.21669724661346,14.52621926775178,26.932463668528705,26.43521054232206,22.26264670354917,22.99810428876171,24.45113051124848,23.14394261569591,22.158476172298865
18.79381971071835,22.682986977943763,15.228171981875139,20.037915292345907,21.28374406777753,18.020770411582504,18.274706500733192,17.663389446679908,18.673527213395296
21.760276982571483,22.12692638986136,22.104349763840016,19.075184767941966,21.67992431591493,21.453001610347652,21.986565059710706,21.13379201234151,21.474225631415802
13.74230287904778,18.417132557879473,21.3751601035263,15.577869320377536,16.102122374868863,15.947112927408387,16.96540383797481,17.16407972789266,16.336306865803866
27.218823020366298,26.04797217985943,19.264351288435734,23.71815307043095,25.737137189624143,22.475630236374826,23.587581434976304,20.85576958001504,26.195548025550142
19.589244108037157,24.654471571079746,15.317827354333268,21.069101709445228,20.14849419017929,20.931019728798432,21.229037195474003,19.4137098662355,18.217370620941338
25.586479157940637,26.290695354670078,17.39441003223436,21.516952721180964,24.35164037354305,22.216933698582704,21.853611505646615,21.7639025863575,23.49922143327948
21.71362673188852,21.38431782323866,9.385647548221792,16.969874625896928,18.415587037582306,18.789762748533764,16.20925345551672,16.508737817531934,17.67424872197163
22.283766095768918,25.012901339891705,18.897680153529002,22.336402287640272,23.994567117956723,22.529651235132363,22.59286326442656,22.097924338430403,22.117850968111163
22.84883640116102,19.77174848485003,19.39846132411354,22.647254374283207,20.515987303119747,21.380876762667242,22.761358942588696,22.758191363849193,21.784991702355725
22.238542800086574,32.269093450432976,18.533997676245487,16.32488704487551,24.395963057423128,21.877131257101055,23.09162494820129,22.349813129792583,22.727399929311915
23.21361379933772,17.93727114939007,6.10677531482977,13.332039441276036,16.73248390141354,14.13723921054425,13.740407545471866,13.089216319813122,16.037578315760378
26.645762650662157,32.52648714729156,12.937454219640756,21.325492237355697,24.85478471069528,22.500797205635653,22.743466019768626,21.211121878943533,24.48549470949984
20.98260584850735,22.17443973544704,15.00763606860535,12.706612201577041,18.905507039155257,16.82702461168201,18.697421705111005,17.57828880292863,17.589582606287475
23.54501878794256,15.122445552156286,19.166635732756184,19.608063111351118,20.487482704603675,19.58123389142861,20.941651013960136,16.715042104404795,18.76963112647748
19.551321528563868,28.840396752443006,19.157355622571938,17.21101958085077,22.943583834691783,22.616309800156092,21.41873469638182,20.069402585366046,20.53910889608625
27.200586077247365,22.629506941974796,17.319104832115283,23.874660843155684,24.078112393162385,22.598570110475084,22.176792139515488,19.4775191349518,24.46522238542822
16.61803848970365,26.25562049190119,20.54098214641583,17.42862443693117,20.266976949682828,20.020246183596083,21.856835230606578,21.021005769382384,19.162638177425585
29.00470216455408,28.119279592712967,13.895030498788401,23.429091888015215,25.299760063196317,23.421781873061736,23.5374324508625,20.36830202350703,23.05019662716128
19.799210246778284,23.689777770725126,20.440940022775983,16.943162222547894,21.706843225198263,18.675011430449914,19.612463991552463,22.996854397035662,20.468309789864804
12.84612448940976,19.038795775935927,19.898968419359566,22.999964020238444,18.059190201648043,20.173556229226328,17.92103063806089,19.434022379772742,18.87799091275612
20.640522074553946,26.87856688834625,19.51021893135164,27.241366175347327,20.255683668776978,22.194863220252188,22.372650170410935,23.522626175152023,22.871449950151888
16.594741712625595,22.003777537272978,17.271838275657377,14.72781144653504,17.893956574244413,16.92673639327277,20.483122672479347,16.98504188875295,17.018831467495126
24.203217744943622,25.429289093042094,25.322975299325048,20.168142886923633,24.167224383007966,24.215243713653788,25.20186412151919,23.196981340766012,23.28019014031841
16.736880103488044,11.231347131042693,19.972782753959514,29.99512966364026,17.727478261990115,18.91180047916837,18.82774159698235,19.661087553401927,20.26681084272448
17.769082833926102,24.23490858504926,14.126656546985764,19.266355307611686,19.063301731532793,18.842808569466282,20.58107674511512,16.7743098015393,19.429510178687558
10.552296345272346,18.80707087427485,18.993221902943937,19.247153080918594,16.305582870021325,16.18984977742153,17.433237724255584,16.008585492562375,16.094690118096366
17.738468403754617,30.266548185892653,21.009933508296875,22.153995789404078,21.514077326838873,24.494785340491887,23.266344473156202,23.422790920497405,22.921279891151055
7.880603366855217,25.115436739445475,15.647565604302763,19.164323456379016,15.992872350534963,15.951936866702068,16.23406526162959,17.394824196681444,15.732589255289001
12.080485882571384,23.199288729246483,22.357088987724396,12.17109602171779,18.380714024969652,17.033960705500654,16.93786272716907,20.37569896175418,18.053057527727933
23.802073280721487,24.431549966751106,19.528134822864043,23.529149499355754,21.634453347504163,22.54716722094551,22.780302857839857,20.89237591630747,24.679157577377282
23.92900079325416,17.00779573561641,8.630086649338612,10.988206344539229,20.012420470517135,13.410572161200795,13.17322338624698,14.019270309700856,14.746332293688052
22.127287808924823,30.116283452640268,19.198687909351705,17.332833395446634,24.649707013643532,23.90914092574781,21.70695299819179,22.687569989146734,20.475528572223993
15.165119284353935,31.956852092084524,16.375883382349137,23.829702996626594,21.312603619965063,21.12057046311329,21.836379070086974,22.884189765280414,22.343201593013216
19.7614432192901,23.96456755274108,20.148719258166945,17.57383028542886,20.052666326475872,22.258067896426514,21.67165898537398,20.33549193183818,20.28112288338211
19.981987304547157,29.952017842868194,21.776859361007258,16.225214030142382,22.78120839962131,23.795225593872114,21.367472088572676,21.22870452725457,21.759604048283634
14.208176554037287,19.154259006637332,18.780648188567273,22.51705562066624,17.521185882997536,19.96057432900967,19.477172953591506,20.795113115295266,17.9497958942552
27.51699150883575,18.014432168875096,24.66100893577878,15.595540852662454,23.343544683430878,23.31224478664905,19.38649954646685,20.106188271931163,21.33639394322397
24.386811452878355,22.204623743644614,17.28517246174602,14.111097121632184,22.78491675821718,19.627748500615066,20.663956370448027,18.29771161065054,19.1024976406209
18.89517913085168,24.174705191839493,20.4992712922155,20.098055949973133,20.444044593890087,20.187865365561503,20.016455924108186,20.90983630730908,20.936966806609917
20.134429194972654,20.030066593784397,21.219770294549388,18.268306806349635,20.696286233241782,19.95249039099595,20.04341619148878,19.09643953528277,18.525068163069744
21.04191403973776,24.68884095184242,17.610616124429068,14.025307543244633,19.455642718057995,19.136615834068962,19.748012783992692,18.57184527937158,18.880723444124875
9.791325657878547,23.53194741036707,21.11509723191113,21.54781015997948,16.94031423431645,18.95274928374134,19.206724672389917,21.337742240212577,17.075371238971265
18.764113087397014,17.008466123544725,15.621308051351324,20.857950422308935,18.19495857239274,17.86419839121684,17.956179662496535,16.853184671242882,17.89701011079025
16.590078760011007,24.593965087258606,16.309726323915125,17.56097993357747,19.723526779331564,18.789614947862066,17.52217124081726,18.830105590207967,18.32870807804105
14.991899950525422,26.317641212607604,12.75004523865475,17.834671975500214,17.4722961126088,17.533410636266836,17.084023676032505,14.984109738286215,18.16894259783768
18.594498535570224,22.857346587951955,18.965636465480188,20.881570968036627,19.735496084501463,20.196706424163754,21.321195082481353,19.23248970669024,20.797737713443837
28.988432634247612,27.763240516308464,19.301006703417375,23.761445679008265,27.62124775275943,25.218228292772633,24.356153924452013,22.842982028877927,25.998727755082793
23.20421430633505,15.91298103251524,22.717052634316918,17.868827159562702,21.54778189473629,20.760035599821894,19.822473189818986,20.30782407569825,18.56512911029192
17.144105051086015,24.33975211065926,21.164560017423533,21.61875397203258,20.762812271372514,19.80094152985757,19.574706530709765,22.403125875453693,21.993806528675538
22.862913906780793,16.148596468016127,16.860817773410268,21.260800868338396,17.251342991412336,18.424366141123215,20.14185561566132,18.72140094531077,19.1941978283304
26.99677718293001,16.42959320883456,13.287281250662893,22.517229170835904,23.14790055072855,18.676520403127714,18.488237163175754,18.62227334606584,20.22578519985677
24.623168414563843,18.84534583131105,19.731401610079896,19.157236794973862,21.344943555074973,19.146585252097193,21.505250971334267,19.71053578697329,21.11821859970671
20.29815184960087,17.289699082128777,22.443012689658566,15.350697943734568,19.017275738762823,18.92987775716259,17.78267863063726,19.47491760327794,18.30419583799789
16.76531611147213,19.26002090629431,21.020739895215772,17.150003387200123,17.8809211083862,19.015287749727506,19.563528105373358,19.43374183328113,18.59257382961869
23.491116568067948,20.929248446444056,22.337910099429152,20.37141386312659,22.556311604557997,22.271488195281865,21.792615159573263,21.07252891917099,22.359583404539862
21.967426927108747,26.185772431656922,17.15244187520703,26.273857513526373,23.08715921590555,22.72687920581788,22.336117290427673,21.82165130663571,22.37685253039384
24.475966100138663,20.39420480647149,16.133524127297417,17.063921507214886,21.7923727313044,18.385346791603826,21.11730589072874,18.699150846742814,19.583786016811445
23.175859008409848,14.071871466152036,15.052394591072805,22.219149774109596,17.798236774486057,19.828311601243186,18.56096371711784,19.630750771374796,19.289238890422332
25.247763576596675,27.7003392324758,17.776414133545618,17.68777419729296,23.42077256867857,23.059260336205956,21.741260491721782,21.688560698070283,22.934284587686
17.32382394219716,17.814549331924802,17.685636816124724,19.441875023544544,19.785754965259905,18.555915382213065,18.975589206045818,17.072993438000527,17.664584052126994
26.586970328171628,21.706397864476855,18.826710514156463,25.06158699705437,23.64279892639843,23.49447523564613,21.564959314444835,20.92355517126552,23.092493406496963
20.987998023461998,24.232682534703557,17.482810171857967,22.05717032568173,21.194758663408887,21.36829065360768,18.662999659909715,20.019980126966356,20.235031091549267
30.376304363126327,22.998052092013914,17.465489081092915,14.034802909036173,23.004897714393206,22.3075846918865,22.37664208495421,18.932798697741028,20.506526423717652
16.55406090955216,27.470897737607377,14.893223788111424,16.710099904753637,20.01848273902148,19.418940570862564,18.070768506354117,18.168161382121674,17.101466806081046
28.679819015826247,24.395015716963794,21.766476054205963,24.024885377765436,26.57723428707982,24.391135870343447,25.581171466576862,24.901321356915748,24.34064586979847
20.989553917313238,17.69345210151446,18.306072248974846,19.567512170513982,20.196410510035808,19.54649900150344,19.18530998135715,20.125441668625125,20.96058970780474
16.74290998192776,32.89281086995831,17.30222426285887,14.404639521536545,21.207115194875108,22.86437798682894,19.171656694942893,19.500800318204462,20.074179220107084
17.58057082972839,22.971667316691168,15.010282987003182,15.724190220105116,18.85945642967339,19.56758591636431,18.428960258056158,16.846064230783007,18.865164717934142
18.3982634590284,21.26329886689247,12.672347558435657,21.813974090844688,20.125821401099312,18.815989035833052,18.126800803569225,18.222363802196604,17.900649812956782
22.120829732009582,26.819627115277854,23.231856770197375,22.97764112487052,24.909237786085185,24.551751195595383,22.710148349282317,24.825244761848147,21.5921072658681
22.6141774401775,23.24725472965036,20.21855483252723,19.071421205928697,21.186537739871103,22.072905008971,20.236555679874197,21.27215379471487,21.515223505246635
17.131499980307105,23.996140964696636,11.504328629720131,28.90125520374441,16.69642846322883,20.84231282847193,18.650467440445343,19.352940400590704,22.76351836828237
19.878227038695087,34.460919993003436,21.052569202838626,22.296609453822555,25.026514106413284,26.387745996669388,24.825106304272662,23.37776335804509,23.269813061588277
30.71135179305932,20.624392858724768,21.689924680932435,18.0260757214684,25.411019209922916,22.205196680798856,21.827535519101037,20.169202621398654,23.185908117572087
28.637715850503557,20.41119552991302,18.497504489203717,15.737175807602624,21.76243898590307,21.86564962719365,20.786175791600876,19.259652076590488,19.52467234503196
22.18161834837016,22.58289256006232,24.392443583007037,15.100462781443834,22.027260579989772,21.89201218295491,20.88263182370847,21.644976712805136,20.60789799129822
20.190017390841,27.357579677905193,18.866878568491533,20.341685281921478,21.827126035725332,22.624609630971467,20.747483548610134,21.874619879767653,21.279414665794235
20.600156633591308,14.467329849048005,12.33270588820324,17.044891820346372,16.855578290058407,16.9509697334969,14.588371333658412,16.151791904308837,14.560477327221472
23.06758986365208,12.172220542617474,19.460676004193285,25.6949750159337,18.79563852355839,19.98944419005106,22.632576185729263,21.714275602008062,19.918012412939273
14.886037174007972,19.06442364689926,18.979589206850918,24.865247211671438,19.246695523838287,20.279456296413777,19.400291783879148,18.977932645345113,18.41745775378739
18.713117312883274,13.830385204703564,15.586812604887381,21.53226618998891,17.052920507173507,16.4848175101693,19.239028280876077,17.736556104611992,16.377328095646778
11.657079630612053,19.87584326237181,20.2942353475097,14.284015308172417,15.233816545110797,18.737554114471024,17.692730170893284,17.98303483637185,15.091489520051558
21.996115613026397,24.51249848064645,11.329338935236553,16.311124509790382,20.966638181024564,19.10968596040438,18.216104083184533,16.45323777604566,19.169309886686403
23.235979698513706,17.54625568223868,21.962267309771157,24.022710102964403,20.088805460336058,21.43036057573907,21.872767835711795,20.996224491152613,21.446129080612124
17.58406768850313,14.865867116093288,14.48751318557819,16.74773520081959,17.35015774496197,16.77344905525909,16.073211579715696,16.995535861282892,17.318706197179456
27.869933816450164,22.34668580857674,14.060215499531871,23.488566935678097,24.00393848684984,23.78160104061874,23.785551203991655,19.33838631282911,22.32617082420779
13.871171684988294,26.312717423075853,17.544700910770093,20.898415692139043,20.43084094760678,18.942218473757315,20.48658511938673,17.744496865630815,19.528578048203297
12.6781255989509,13.525132807416936,19.73189171217454,19.20687153925275,14.837609205724009,15.55037416059489,15.47823266842251,17.647729553134354,16.714383727422295
21.12225909279986,26.10116199152992,18.65569625437372,16.188668748258237,21.13314438049611,23.574548350818596,20.86856535829516,19.413473766927172,21.678529962724127
25.235491513060772,26.08653101869163,15.029363336910487,18.623024625900992,22.87235280173709,21.533166376777363,22.047916965061223,21.197205350392366,20.664623767728614
28.419638457289345,26.77042551078314,15.975642835232446,19.758591819499593,24.4855339987916,22.65033623779403,21.555755606796055,21.00357758202217,23.445042259728123
17.7055786856553,28.09240107435843,13.467830610490152,23.130155593204485,19.863797192424613,20.519830619564367,21.09314083573244,19.409954258763392,19.616139868070707
25.39340416715648,33.01006962329808,17.10128039348052,15.457057597464981,24.472721078168977,24.41193335892931,24.085941901555135,20.422128687613892,23.999504220836567
19.807457652496463,20.219539756904723,22.30008485804364,17.948732629895538,19.87736237540182,22.918372749773198,19.211481072709947,20.120903940978955,18.79109306356629
19.136863500295902,22.54785790038929,17.982948249424496,19.17929252772914,18.7636179864531,19.157284509815796,18.9924219768752,21.587358362759375,19.98468426752692
24.41829968743336,19.917807833759873,21.43765701903781,21.65071343074466,22.873228261582668,21.523565352285576,23.016591998091265,22.171152240471674,23.651257272744495
23.2616143920671,22.009884223779054,23.82160535090477,15.366142649908893,22.156249221561392,21.12427115223248,20.760575341258463,19.459463047023085,19.558103331359867
12.118039215078753,29.66436677818156,15.647925923852132,13.73372082845114,17.941104517867863,19.496904796135365,16.809004772971797,17.279523947119397,17.41308376020624
27.38270174862948,15.274927580346656,17.253706987778543,21.6958606068402,20.045532270853837,20.79669627918207,21.284072273932793,19.179864220095247,20.23651565290355
26.900456770737257,17.69475163917212,26.684771444249982,12.928203540213186,21.53800986525039,22.900521772549837,21.62890008531898,19.67379744120783,23.152867161708436
16.872186492452354,28.885904682522806,23.77737364791978,24.139918859048674,24.52002666794902,24.768122852053263,23.51323982798198,22.43436924538522,20.94491614787695
21.979017667187044,27.10018253451045,11.31038189675059,18.376295610068368,20.394110304723338,22.113564776073012,20.816052055577817,18.250543097128386,18.27139752585792
22.470150931413695,20.18434176591461,19.548593264243625,12.809875670902215,20.844597516488133,18.401132846303238,19.94887565131309,17.1416504575545,17.40907343677708
21.303368829119535,26.272010005603597,18.002239969358783,17.078319122386024,21.873864909339428,20.124072030357123,20.5811615727942,20.957902227051974,19.280036731702104
17.2484742307729,23.706079212460168,21.305812443435048,20.516494532276948,17.548836936853817,22.525905542694744,22.66854149228897,21.15153103523426,20.852738926173963
16.641883160309742,29.50137304500494,15.02008493005978,16.86919564978009,21.990552551753932,20.18148547413372,21.091524149715635,18.158986771728166,20.757295510882816
19.872229645042772,22.372547969133862,14.641566511837311,19.08011899529739,20.181065429430586,17.518763748944103,17.007317330437225,15.625661211509595,20.243656573806227
25.86364509629682,27.12816056936291,15.295717138825562,21.960313462821148,22.97141082907002,21.975892052642685,21.531841643393427,21.940695367506766,23.065865396127233
22.71800077297216,35.2100595524631,15.712285815206268,18.19123865844952,24.583432699384403,23.714210150682423,20.702604380130524,21.3496247440525,22.46682379863677
18.14692833956947,24.99049577523733,21.261296667236056,15.251769294135466,19.38417296385608,19.909029021575652,19.587907524319828,19.444646725322116,18.663605489935918
23.858493553241722,22.24664082897422,13.27519530740448,17.804064010512636,22.479055610982247,17.974401666569893,18.0848802267332,16.596183459654398,19.994207486937487
5.757286896849623,25.612234926104897,15.509544400162724,24.65936054583704,14.646772462946103,18.21223414989174,17.070288293498894,20.8988928077534,17.140546274810006
25.743828501860516,20.173595708980574,10.843950437994234,25.740257381332736,20.56934194247584,18.53754760036938,21.71597615432489,17.604539680906825,21.83814590035769
11.301431106109503,33.939838527623664,22.028471293649492,10.9202953042309,19.4706867117363,21.86996926743026,17.79267999816831,19.636940466562095,17.119274955936994
18.18779529298434,22.900355188479907,23.08412039772456,23.36411163676591,21.178839317168382,20.161919214918544,22.013831370019492,23.211477319171074,20.460638593894767
14.40165052686928,20.635333398872437,16.691706276544853,20.000590864141426,18.659977072271868,18.168985108792754,18.055996709087413,19.694858142345158,17.811549696183526
13.526592621395471,17.82155497489982,16.808202540747107,22.6959307164806,18.17771156992077,18.152941810377595,17.630680925828607,18.232710781324755,17.796078330008527
25.804133936892597,27.486100958032193,19.81288760913159,16.798046958929483,23.810869935663668,22.619591509565176,22.606071047726243,20.307385742394636,21.64451911982731
17.661493993440544,26.335937064138694,23.89792802951302,11.926945961994056,21.31591790103776,22.081070416253308,17.723294551855815,20.063852604019903,18.156794912543834
21.73251940865358,19.513228142929535,19.634442990255668,21.337955154589846,20.689565732454483,18.98783501840011,19.744981908309466,21.235531974887824,21.309082884684205
19.76539710560408,24.882256725612113,15.209832230099542,15.236090954869132,18.954802136988032,18.326834797432024,20.316395119303607,18.737146119446592,18.97381240503867
22.385204136115608,14.457220158935717,11.52470971205424,13.446830274060591,19.363428246539808,14.63095119708134,14.256619984781857,12.398738263393199,17.822546453890673
20.384109455301278,22.924852875365783,13.53949494934605,13.726394470106134,20.474397643906325,18.47412970190434,19.31032375109401,16.272037961750556,18.90695056901945
13.585038879057151,24.263781760383473,18.292877801249862,21.403655129661338,18.701207002665043,19.983244256279818,17.979515980809552,18.515242490419357,17.814097638360924
24.9813340972357,30.536649047796114,15.378689907196822,19.557809864116788,25.766923414583143,24.825796461510794,21.086580096674034,21.508499312373832,22.353985153514465
17.531217084193436,18.145905986356553,18.779870823963034,22.129864087498696,19.637325915844624,18.20416338046041,18.19493567823883,19.955594362108627,17.918710997433745
12.217090506701245,15.608236855988379,15.788303935055064,21.67630101798546,14.976459489368326,14.802651643669721,17.451566047219455,16.240382670334732,14.608089746545172
17.859424195170437,17.52286019537479,13.767414274822354,17.316265741664935,17.21170077113957,18.21130931135928,16.070370272008752,17.526505461071586,19.00625096273343
27.503798953171554,15.3171574984254,13.291873474187716,18.718105704490178,21.63897823845946,16.3962316393839,19.053140896007857,17.081005976031765,21.06867409559963
24.251108710567465,28.683286788794916,24.24941803749292,16.954249884869842,23.904584535721344,24.803945878372858,23.60815277744849,23.173002889740477,22.318344628459275
18.256739327960705,29.743196475120182,21.555950996734573,18.158688908538036,24.026404461242393,21.694159846834204,21.874181744358054,21.665188816729387,22.42783410427318
18.253711478407855,23.601082889744145,24.922071807311834,15.130981048075736,20.654209363871214,19.164566563565828,21.751079898492467,21.045672828802413,21.111759010001382
18.391824743913087,28.10647472842574,20.15980360302041,20.56193717549734,23.401503497094343,21.895852089502696,22.576528003701185,21.311497512511036,19.418920071980153
30.383739917804206,22.669791902901178,16.280034365540644,23.300482995927027,24.53526211323005,23.321292425755956,22.01560909838089,20.33328252113877,24.745835784824983
21.909677261157768,21.52444176149617,23.29336368995975,15.733547880716053,21.790837181448484,19.752215575338465,20.339686864740774,21.762396506219122,19.76487503169475
22.150208235955347,20.334811904731193,17.86772799455293,24.125078581605372,20.91227196630016,21.29191406144221,22.862896499242044,20.173855387178875,21.906189053502686
25.15141727015921,20.448045043112174,18.88336708116141,19.454085985911767,21.385218813009566,21.483387849682725,21.303790634254078,19.467915326144727,24.257795597463925
21.193945795132567,14.260992218454843,17.828702483697924,19.964315905623252,18.047993172747077,16.58687060927769,16.804143136635826,17.96307469822149,20.35077985607873
18.704789270896484,23.321273818036694,6.212383122863942,12.202281921569927,18.320114073667952,14.813750032051102,13.673143130964972,14.104885997168351,15.050640616910384
19.01825075457511,21.798330448929782,24.41894004917941,11.770950761737064,17.8935185398461,21.600096275022356,20.14176331217157,20.691518307133663,19.901888058511066
19.641993702929682,25.72680362038938,19.964015783831012,19.57646545111873,20.28632232436193,22.20153027203954,21.92975695674326,20.57325767367138,18.98159048842028
19.813888817450792,22.46761748219305,19.31929224347404,22.15892849852803,20.02012036082774,20.66914391631987,20.018566185274143,22.077093250690393,21.452799971003717
23.6381477181849,21.18648149215454,17.75289575091776,16.31447822542019,19.914885715209873,20.08763384289663,20.470630975643694,18.704733008670896,20.301139954724647
20.259729429036497,17.644034849961848,18.653711281544524,25.680375602332358,21.20586165356078,19.392081537255237,22.158854927438057,19.8769518382055,21.74727376700244
23.663200386077897,22.360766184108808,15.610884256615009,21.939743897017262,22.747338228541732,21.625779667221202,22.351507520615346,19.188620799177325,20.766726627216105
19.59641709945709,25.69118615408081,20.466317409229084,15.36663499316806,21.767881476564316,21.953121552120137,21.884416950806216,21.26765027168765,20.10239011057114
20.393175951580453,16.283305044580697,12.771606622403471,19.12339466821403,16.871118617830952,16.740693539140203,17.698359346757467,18.224484917068896,18.521926216129607
10.008996577339461,22.437368768403697,18.744273729882188,28.90771653489365,18.70948752771683,20.368541528390082,19.84692908349986,21.978214622588855,17.588380555011337
24.58163837351241,23.16521475764742,20.24629388228442,14.029743988801178,20.646323026040648,19.746932189436592,20.103242670094517,18.832110376751828,19.949539664550066
21.732442379489964,18.409676081908678,17.20532346470839,21.113079755660422,21.910235085024247,17.901567863947367,19.597743531829018,18.94631529923827,19.073344282519006
24.99005054929826,19.06071847546,19.483471169884098,17.70902178910663,20.69720237806724,19.726466617342677,19.434792191480383,18.654799572768532,21.180699181083938
5.518723109031553,23.153054243831072,14.034662431063,21.827585163674048,13.88106129750051,16.538174947318165,15.774207512380888,16.727860302273534,17.019274136295298
30.441873523903638,16.332894908536886,14.136692916416143,24.069094585273525,21.881522073438386,21.105697466709334,22.52025873183015,18.471124078449435,21.83535530192771
19.302051859224132,23.749618576246963,18.946868484105572,17.45505164515453,19.307477763801636,21.082794569599805,18.254326632745308,19.416048040861735,18.47773492826031
25.540914083687582,17.523228131704002,20.714198618484208,23.475649086828696,23.888851829302865,21.459373547518812,20.2728277544847,21.507792244609778,22.469618246626833
14.800470364372345,27.31426846516608,10.500537377993156,27.884813577087844,19.791952149390664,21.072037525612593,20.955553050573283,19.360398613112277,19.215335339276596
23.06386952531285,33.6891387269415,20.088082540443068,19.265098949376938,26.49188637331369,23.655473896338925,23.676374510835114,22.637654464388326,23.227701818870088
14.73292218413172,17.696215991490902,15.827193998494652,22.139554749976742,15.357758673735791,18.50885527109573,15.67332870646517,18.74577106460793,17.434542854505082
16.881155196520975,24.671039311873372,17.22877565077035,16.6382369191869,19.444290521247158,18.483394197585223,18.79346761324746,18.276095793165535,19.015883373842794
29.57015676933393,18.366290475589903,12.641928305739851,19.07703723612485,22.295067924502398,20.271598965554922,19.709731611883527,17.245140454551038,21.110997542658787
19.046587996183266,27.20477086898895,14.593531039253168,18.29329962916703,20.798859153487168,19.99412163277271,19.35346290690677,18.494455006841388,19.72302358283196
21.087164365898616,15.673707954573924,21.864501302121244,22.187743702634382,18.56827931235131,17.91815771417741,20.888985357788524,22.18886939209473,22.126964783189393
24.35033865344377,24.402933792138562,18.13145349592085,23.8187037430277,24.144676693636658,23.124281829743563,21.34266185234112,21.22259852022299,23.227319703640788
22.47840943986302,17.635055165553236,16.468886393161768,18.561380603530164,19.553345747381705,19.248686235793915,18.798918315386643,18.527116822362242,18.71488754864877
20.752094525717883,20.965077054508157,17.53404658947586,25.134491382931692,19.65565534718494,20.270474220436537,20.88545489354596,20.07381322020581,21.170610089955236
21.824805012331126,16.844873624263464,19.956847298657205,25.120189766246515,18.431521989014918,20.058255654197712,20.97450415328628,21.420195906847905,20.67953786773165
32.01707792619138,26.111752354478767,19.761977984653353,22.387414972719604,27.438160484512693,24.48347240163723,23.337369651374054,23.591307140980454,24.47745764883565
19.711906014832074,17.815098227802064,17.699891998412795,16.935893873113088,20.913315395398822,16.058905232827218,17.518048640399996,18.7791944951454,16.707995591141366
21.005495233574837,24.759821296659137,22.371836443586673,16.55268473304039,20.944525971102767,19.286405142301643,21.192228617752487,20.58278561074353,21.828017984740473
25.25327198003806,20.279509858688336,21.881850547626666,15.750474581239846,22.30702636768401,22.15078307228047,21.33243637819612,18.945149198338914,20.01508899235959
25.52762966478992,21.427638141005687,19.653488116521583,22.796664280952644,23.960204638708834,21.165128998996117,24.197751556229957,20.754699802313983,23.029428910401492
25.9351515278019,22.738779537000642,18.218447131640282,14.152927170042542,20.985024349451965,22.16004784973753,21.067274730360364,19.639069636985866,19.918002709127432
23.19365111014592,18.190876641705756,20.629284380478158,21.707350616444028,20.551358605225108,21.99665045311208,21.39144588782688,22.80321098896689,21.20510872715787
14.284975436347583,23.051835567704433,19.257069687204734,14.675562608703547,17.088352263900266,20.051974499752717,19.08883561727045,18.97881472668132,18.303743582561093
28.167157661505478,29.651672821772056,22.24320028722379,22.294184479367892,27.825100111339903,25.010431408406273,25.285231365924073,23.07044635941649,25.694033692423233
14.26827303490656,18.109526070836427,21.59824550695323,19.068878330922242,18.69222653905048,16.971360559572073,19.81515889953947,20.209347100828744,17.02002497542774
21.513177326195166,27.859050716369225,13.926984394329086,24.33455424743931,22.34087471373032,20.618474541342035,23.02771446114531,19.650496816835247,21.547413955443016
16.22862074990321,29.490488167438922,13.656147317033174,23.565818313285085,19.584671975934004,20.456423730826376,20.289390846272635,19.704021512145662,21.427604843804296
19.679308267035037,17.91922505485978,15.195001822383695,24.740261648008445,18.317726414621685,16.4449523133311,21.30740437380503,19.239086137896766,20.43189488739671
21.6438120515174,14.72472697454724,21.904554760267686,24.843274873156453,19.30968283809356,19.810776216255082,21.226027479778875,21.679499821586163,22.19439574517088
21.606786077251364,23.509804500858824,11.694764012915018,19.57452333595279,19.014792055713468,18.59595440926187,21.289438457806238,17.47834420851996,19.15680509327206
22.109603771176424,19.262962386165636,19.579029556431973,14.364827734301581,19.872980708218346,17.65306291228819,19.132288116302213,17.603500850164444,17.314684024748523
28.068556345293235,31.34301609581501,19.450172364371845,14.789907780010486,26.57417910219908,22.769164264870966,22.85098328686201,22.352458398118543,23.522824918319735
22.2676715075699,22.17403770249916,22.65059223474477,10.65260588273625,21.644916393428804,19.81084593805361,18.668690188534118,18.390026945078343,19.09382810948261
18.779216823546758,17.989002959824106,18.72135476265555,14.665336666287626,18.110959871956297,18.058304563021075,17.182984348345574,18.618377924629996,17.65444647860671
24.820435841441785,16.264202444941443,12.627162437664397,19.275294630818596,19.317450857499253,16.595732891233585,17.675478896686887,15.208957546654139,17.625248476890494
25.947352444623203,27.449524795454153,14.162580157407508,16.761383276699352,23.04090198054719,21.317631239699278,22.351598725504747,18.993617591470382,20.49482524073484
13.861960924315039,19.144080129579066,13.272017912408701,18.279457582360596,14.473146210151265,16.289959121919313,16.1104048926156,14.781505594787443,15.187276909458994
22.98700034924929,22.21914399730214,15.848224134667438,20.970861677845605,21.287409230591276,20.258668704028242,18.89228486720371,18.538994359613376,21.200198877612582
23.50586371155449,26.779013725562404,17.268393730304293,17.78373896773697,22.084476659670422,20.820128648761724,21.547256849661228,19.43585608977732,21.630156369180924
18.51218248320004,19.578708240345847,13.338233895115772,14.512684798349664,16.050057505082453,15.146676500913046,16.610965397363113,16.976664348671356,16.447360720325033
26.878534066558096,21.770355856299197,23.882647962609155,18.787065329746273,24.308462076125043,24.52547300483412,22.36104318263417,23.53912802798552,23.797865301320147
19.249722064837368,21.9171579508874,12.698874512190237,15.40603805290862,17.74368488251153,17.946267678929917,17.585540167190178,16.884013779967095,18.81064618450927
20.627882267357712,25.41662255758046,23.384413695449922,17.916854012083746,22.572461735774418,23.35498978485814,21.79233369998906,21.90822017027382,21.67668450711665
19.13464087858065,24.953721677551627,22.74065212575736,24.371107857692014,22.97285188068785,22.92583220340831,23.43379600227198,23.499860580350283,23.26167041146789
20.077895237907338,20.89943134372586,21.59321019875614,17.9179787836153,19.461188695248218,20.18294182478899,20.697107829684377,21.466832668954307,19.35574047512857
14.518624565523991,22.318245307482588,15.224933570012999,26.083830213390982,18.24841443586904,19.874104299757057,19.90131127050171,20.53193929627821,18.96394372755394
12.799745587028529,20.141104942382558,19.369803516707606,24.72654394775188,15.698421933912527,17.523842094230886,17.960443594697576,20.492088561558727,20.169812437991787
27.97252531612486,14.611937965402777,12.890515465797527,16.68277876568383,21.35150557640794,16.067153376368683,20.15845610639456,17.367351520733482,18.02233965378103
15.765193258408361,23.288004286990645,21.643628140134997,14.555504934336899,17.717688214032446,18.74585448865837,17.257096951635415,20.07275245575755,18.779599297246904
15.043038252718464,31.460958804165337,17.704060873854925,18.789783352319226,20.36047378994252,21.06150380187185,20.620751143949402,20.75747480718167,21.702321583654303
9.233049431981426,17.581404296544687,16.36271914165326,23.613311053587555,15.939895899209342,15.872813449103026,15.603187629592929,17.60968999499617,17.296214711413814
16.805191261552487,18.134851451986485,13.105020613374922,17.039236375085245,16.252936774319465,16.473654272186714,16.667413087159908,15.112026321135074,16.320370245584943
13.38455103296251,17.64636114178129,8.089975525483933,22.632361193048556,13.331562293820733,15.005730679844616,15.576717948126381,14.55725054456037,14.612016738867183
28.210075800681846,25.622958893615614,13.845836571856976,23.833759956544352,24.83653453066979,23.6422704808384,22.709391721054487,21.09105286025939,23.670212611408658
25.04908544671317,24.2424272709822,22.451192782451628,15.903897398549576,24.0635231184764,24.67244174219526,23.429423508611997,21.940823147346087,22.633714998657986
16.559248274111383,21.207311537917718,16.388666286100783,16.29579564684565,17.260019253559356,16.586951891248525,18.721251353421,15.897300497937655,17.19674879821506
31.262179026721544,17.409904691805174,17.32268457153981,21.850648128508027,22.852518224608534,21.189647424017853,21.63423876155211,18.145868430550294,23.901859927089646
24.90882743495797,22.46188395819962,20.62221743315381,19.607390198566282,22.35186969731238,21.973999822317857,22.704214398135672,20.162873761375,22.336709597558105
18.37584308245689,14.176889363320978,25.22267551246506,16.255753893825286,18.06649057316856,18.731990788227584,20.072470720855506,19.231081940668147,18.56073261662844
7.5029714256321345,22.717132834287465,23.300018619782556,17.59127820752165,14.342488888325963,17.73917079188626,18.879195311348916,21.08706182024642,16.41491691897612
31.45471286295371,26.35762193043967,14.110659984735248,18.717921789090322,25.00167203905137,21.257814059318733,22.524010556337235,19.396218035021313,21.689402948031685
13.05213766618202,15.74400431683161,10.229717714250373,12.740582300178158,15.047972332573332,13.191066214512748,11.351309597931023,12.622849754710014,12.507449558463508
11.77300626521554,14.337408615851682,27.438457036400415,22.06257242593078,15.808403773478178,18.35452536059766,19.227508990769465,22.056841404018964,18.07279241365548
25.112852160048202,29.897189458474298,27.075966446637814,17.085231244243236,25.554520521843695,25.69083542455893,25.461420162744876,23.423108199456756,24.629497028395896
32.19876203169636,18.941201802477075,18.75381438571713,7.865135104807605,21.915524077849454,19.075334499213454,18.670111430891023,18.329071681272456,19.542947752517957
26.92136409255259,27.67973922971911,12.918047017672713,18.90451612676219,24.158690348542887,21.486169821201788,21.628461883734694,18.401852014316905,22.950489336497697
22.819545600261797,21.230011674010843,21.852906135575758,16.033714964425968,22.6739718240081,19.742226985379098,20.401156784802566,21.639025294352724,20.55391475482315
22.97377170832643,21.19022591529336,17.56806525594956,25.755288769210708,22.816036225207185,21.530768689214838,23.259548548000257,21.163059085570637,21.866026554370595
24.26707779390154,24.192063497483225,17.548075507573557,16.658219916320128,20.891876671058647,19.826148660084776,22.5201753544097,18.944313359199153,19.810741337594465
23.794642948933827,17.5800057162678,21.577835372420516,14.609426545685556,21.06816035400349,19.588861834187288,20.565692116127625,17.798638367164514,18.749414375954114
21.405957119846878,22.662485717478226,19.337498987493195,21.031730679848064,22.7655514628799,22.426929093869575,21.02386244299048,20.91489694563061,21.292072216895637
20.52100551975938,20.092552925879538,13.25674035594022,16.358210527969668,19.03300031736275,17.64161504410781,18.70484357933502,18.535152831954775,17.360830262362224
19.687034360502388,15.397532782974842,16.701032259672104,15.88217519499107,17.90090723387071,17.06528180627583,17.565731855365367,16.906863745413375,16.014036588449738
16.23017705566662,23.687410373631995,20.644611714645386,21.038005531297625,19.359374251779926,21.570449661373612,20.325151592428668,21.20018299748941,21.053575049766938
18.59662461566613,20.68346096561042,20.041008889620073,14.838130768441737,19.35581281451143,17.500733688917457,20.632196598837886,17.797593815280088,18.327631944078455
11.535215929023073,21.214875857776462,19.048066297433902,13.170905367202188,17.34157110485557,18.739028479531175,15.504247422976407,17.5589786422036,15.73914431486976
19.50830186602625,15.94919528292921,21.733691817903456,25.903992008377347,19.853425864136454,19.33173491251815,21.377704219418607,21.762961379986002,20.337641817918225
15.057044464245413,29.957001838814023,16.55313204873094,21.31799495040258,19.204069486099094,22.107709046562025,21.560853971102162,20.450921644059022,19.172940862947602
14.482053413921145,26.38357093193058,18.71467910087629,17.94316286002254,18.789103077039172,20.761428251887125,19.093367737163906,20.088534810464015,18.58497889892252
20.899470755767393,26.820779420859893,4.4976835992896,18.986091161192256,20.413447503431065,16.47048492793202,18.36014442215663,13.133157769002343,16.20114575965909
26.960011431722997,20.47277648779159,16.201399224628744,21.023457432464625,22.593206427549983,21.60783262333039,22.109908394373136,19.477628867926324,22.509689111704695
24.591583030011563,13.354085552482898,21.05561163430258,22.893349798453684,20.462378262698454,20.317708488142,20.718291924340594,19.223197161636172,20.42339591201849
12.147496981884114,31.764586912447555,16.43842213153143,15.976098834739952,18.71965364302149,21.975600520920764,19.554146778493546,18.964764082032424,17.809975809787307
15.051859317148313,21.69451245997066,16.135090433131552,20.46458610386273,18.99117334239754,18.645548703474166,18.441943201477336,17.71330105248705,18.647773503176357
24.70385593994108,18.25600101989973,13.834188192900726,16.973183295159046,21.48491124786466,17.853921279337566,19.239327223501856,16.091376213120853,18.69651453548406
15.087563032308452,24.08400787241557,22.01346357091658,18.244075021949502,20.750516914044354,19.98080651593303,19.628298705203722,19.270724529879743,18.05061124917198
18.876834250014877,27.835603940016487,20.193853094162282,19.642771469859618,23.34705426927469,20.369402982877357,21.325467905120462,22.540841862874405,22.66747348260889
22.75026049512276,21.88474721957267,21.30165839129234,18.973285707789312,21.464482372192137,20.98240335909076,21.24804810729342,20.18687806401266,19.621762974510595
15.158277725681824,28.39287583969687,11.09514415216844,21.94226759321029,18.494260334562608,18.990616667079138,20.33081020188767,17.590902255704265,16.79122248665613
20.5268775307298,27.41499969258434,17.358199826937465,20.948346236462378,21.845380335601767,21.98906279185241,19.81474267300751,22.294086564475965,22.271807370183403
13.329872525408977,16.61809406298971,16.879555968999973,12.967323162511288,15.028593981087882,13.885631036298491,14.039342113266668,15.8665828342588,13.129257522226503
16.99316178024393,18.631049471702617,16.87771317360579,13.568707171738232,18.550012685628595,16.525990372802074,18.793427947608084,14.212584255316722,17.52309608919049
21.598909670712686,26.787685816398838,15.535889825128177,17.521133260962827,22.701047643795057,21.09733267081532,20.63609306007493,20.37348421041297,20.57761621218638
12.035031332341653,8.43693718094781,16.61558291287994,26.3145010497673,13.838129762028219,15.861172180062635,15.443477072021473,19.079364691205196,16.7983674592399
22.202373689801995,21.252721534175055,21.398579130826608,15.59363266999359,19.66465826349111,18.49477629532229,20.9066785916876,21.262679217400276,19.300033739974694
19.901811005366593,14.845843991876642,10.348594586608684,18.16710916154899,14.612885588589393,15.87852221558194,15.0308126861482,15.217109725031289,15.634163314310271
22.762449772085738,19.617230992832376,25.109179072121815,16.85461589217391,21.937909355127466,21.094762239216696,18.98308002010847,20.19803781234494,20.454147539840044
21.119570670323306,20.50589955485398,19.935364500105845,16.78382246364768,21.14531648657217,19.528046965783588,19.94096424498009,19.173204009791576,18.582052869678385
26.82070214986922,20.20877811046246,17.83067241735915,19.71295897562022,22.248777625134142,18.354052013588536,20.412494079282936,18.3215371943261,22.775656448138015
20.626122513239537,19.238693739436957,21.627336585491705,24.603109104782604,22.72273985968191,22.799226583640905,21.6252052638676,21.07620230934074,20.999226788877053
17.852972294373735,16.51428175185593,12.192661019326259,20.823873599522358,15.533951963343325,16.52425089514517,17.175347956108038,15.101493343433043,17.850789582976446
20.611487515161418,33.459556334093435,15.341196379395944,15.785876154291632,21.720936848105353,20.388238121414716,21.441645265301382,18.998270961191174,21.68456737166517
22.71649014518194,31.337310020806754,17.515698270437785,30.012918043212828,24.327939548249326,25.576985699968784,23.686608707797845,24.713219630029972,24.708239574747243
20.24430035162852,16.189670898718585,23.46224148172871,19.3142928838445,18.87620178180594,20.151770802075816,19.828907246567486,19.996636723585894,20.174551865147865
20.202958456019413,29.910583756517838,17.81401367549377,16.691116174471546,22.812558730591,22.918738308634666,21.59926995699005,19.647491164154502,19.719262060442425
16.490041560966223,20.002672547635736,19.800218684740585,24.648385498710358,18.59998882365286,19.858864012357333,18.835270309788978,20.67324734440964,20.12858064054512
16.68549541224526,22.64593736665855,15.641684016255489,17.123717528224727,16.76084746969058,18.2601250719068,16.505035021999475,19.090998559077732,17.34165322227317
12.986973641001534,21.68363020051542,19.947368275869962,25.65165461994977,19.146096090419327,19.57421739486797,18.998382098479773,23.473622602886955,19.222347669089018
28.747883715934698,18.70125679373017,24.70895837189783,15.517428836133334,21.8431131564137,22.474075674094745,22.665646668184245,20.703155550119448,22.119423170661754
13.780683823043574,26.919261718030732,21.982106766696457,24.720121555685477,19.38526733052378,21.58708127948892,19.85222771937649,23.30687410179169,20.116398475273662
16.53547401102046,22.62943265288329,17.674176048888484,19.804190657126778,17.29556710501968,18.46602502708075,19.990592193624106,18.349083585815485,19.891847053074354
16.40796367215401,19.617242883903792,20.70196338906188,24.164208930809735,19.212293181996966,20.14239886470253,20.614900467272584,21.86194428372034,19.153955333753895
24.474621884722207,15.477052780997637,20.31006781842885,26.60706283480618,21.341732147505773,19.726609352429794,21.459699379206803,21.1725686605574,21.214840980161668
18.52525160853986,17.532024931404397,20.0263506867891,14.469570837914985,20.038389665002935,19.468608393288253,16.15766985376167,16.999236810135205,17.157825321960225
26.238710363368668,13.793099421989515,22.447813443441635,24.10308728303329,22.44711204508153,22.867900116651615,20.84921008306706,23.59412974883711,21.97821951298983
16.63254687878066,22.061117742075847,22.417910815349867,13.36438438229838,20.533020858777032,18.889504734021706,19.400894006636825,17.69588863413109,18.25044229606491
21.39497081111901,16.016672038578022,17.491365612500463,14.811262579007087,18.630998967720306,15.9070629667916,18.685292962144505,14.329929152841844,17.648309972910447
15.823264733701214,20.672197437407295,20.567516245911076,15.786362160830251,17.246172768877354,19.030431522803866,17.180972326821195,19.41451135361409,16.10347032139445
30.72574563886694,28.850509268051855,16.467620315360826,21.014546544711443,26.468537355499137,23.461394793770555,25.40646895203154,21.366460096101687,25.572280396336676
14.062007904852436,27.996497864607928,14.30771041473769,19.13206350773944,19.39092196243214,20.50475789885009,19.560445155692502,17.822207002369815,18.141723623106216
21.549103551135136,21.838615529486912,16.922024977184055,18.331455663348656,21.092584023323383,18.817157399368142,19.653462732523902,21.52253915132976,19.957755164279433
23.168884404660492,21.56457636928425,17.694887393041668,19.584941116089443,20.761986118758404,20.873117455276205,19.76546719112856,20.313467578949094,22.880195628358994
22.068995487257492,31.39937274710504,11.353676043288033,21.36515835717389,23.143447537191904,21.626738995395893,20.96541063742612,19.37927792510866,22.86729819126508
19.073561705611457,24.603780601793556,21.441330237666882,21.67299249576541,20.5330961890513,21.28658258150009,23.520838876363626,21.198610494988536,21.64351769151615
19.35089650133287,20.360967700617387,6.930698309590408,23.376667342460525,16.52917771277178,16.97306240031296,17.683249277713355,16.23835056566277,16.90353252146978
20.219057359895547,14.869909414397739,28.859267757945286,26.28013925106976,19.83267853358809,23.29712503237082,23.88696178783799,22.690783868173796,21.33925944765409
19.264989991857558,23.969366090823716,24.007516535185275,18.914550510234093,21.6143901706074,22.115821407276425,21.7806637653133,21.481642545523037,22.211283013337113
24.819395583974547,26.146618862914313,16.955965103310746,16.915644151476336,21.676664973197596,21.375067802083954,20.75670799982755,19.531243647949722,20.739212966560086
31.052615007956756,18.841742377431782,18.037705442255092,21.454144516740755,23.40177986666632,20.692402822991887,22.930642016531234,20.738427339903232,22.95950256348456
17.212541074960832,23.456013775690163,19.21188749434913,14.422980734941518,20.10941268646932,20.271679540896393,20.7336908420653,18.281674744062112,16.878768328843258
13.150985102104611,20.182133525424856,15.643358448044232,16.285183471553555,15.043094457155199,17.67942788491554,15.671298476295716,15.801212392250296,16.441800194660175
19.558589758243727,21.079838004004987,18.770476590347744,22.99752378557116,19.696922967621337,20.0557578983823,21.515475937989255,21.499936494097355,21.87830980244129
32.898546688271594,9.560889712188343,17.424000089193356,18.503486500729185,21.4344655336529,18.25158511873167,19.787239729883243,16.071025032961806,22.3411380427979
15.981627160151346,20.891092981419323,17.622909131076135,14.167230166567844,17.848170502890618,18.9981927717828,15.716196843431348,16.79779014268471,16.299307801284286
28.195584027220338,26.846846512040273,18.725844253922556,13.040787738539304,23.882244598333102,20.78551076189332,20.230391790090703,19.073571165939917,22.130328148799595
28.388504070382204,18.84298722216721,12.745888806584023,19.19486671757523,22.26382229661253,19.597625357575637,19.341077957238625,18.476106489420506,20.497699623351046
17.232058791460027,22.26263184107658,18.158278896534593,23.56758614787204,20.15047976378583,19.727588436018635,20.652627503376728,20.0504365560074,21.204354197167937
22.844915395926378,18.2202464665404,18.653790986469907,23.514183110124748,21.826073211000832,22.112108813864957,21.68665695945387,20.881975717303416,21.278569841823636
28.141983115642688,23.802208381463863,18.515398485423656,19.44352201157135,23.96328573459104,22.2758298141744,20.90486494454415,21.14690278165732,21.915046815358856
18.104361295062564,20.917384012319133,17.136676978255384,27.03563767638451,19.13504007555395,21.704596609601815,21.451212510662533,19.12415668408047,22.47296948254328
18.982098199488192,17.303792296589965,22.551431103877487,18.580718536238148,18.469703021159457,18.70780301882437,19.236129778518244,19.888108896779627,19.33842885508962
17.09159543025678,28.66275733832564,16.585389780473797,18.445729506410355,20.904143798265565,19.433380440648993,20.19968179539919,17.866849953028684,19.35936715201645
14.926216346535666,26.644660067661075,18.90930362729276,8.730256361044,18.241615137664272,18.16322419280097,17.89122094666622,17.35563722587032,16.38551468515659
16.753612274669965,18.975466180359128,23.189190135702184,17.21054820335514,18.18380783377089,19.704912448370248,20.778309518638927,19.17897344484907,17.88553910173885
13.880298666188718,24.48894154708889,17.68249543991875,22.408060139633978,18.227819768303977,19.398371175250418,19.91859074861368,21.267903970743742,19.736047165701407
20.17041734129613,24.687060014101903,18.857853069870206,25.255845347438814,21.087749604342694,22.90703388921359,20.886056960467723,21.89358046925176,22.140561680618333
16.15013384470679,25.21150617505588,17.61446145474041,15.67906146533086,19.313324940643383,19.00367578313599,18.476698222029263,17.63676133877304,17.31915721237184
21.16892955895374,13.528720520024612,22.949479174254396,20.849009317172193,17.788401563612915,17.265610521742285,20.476168665747714,21.45699039094863,22.27792093465004
12.220521768981865,27.03303270516314,16.96910175365482,23.18751612929315,19.01370677527693,20.83505989649339,20.73758648618979,19.500664093472334,18.415545933504248
21.654401161072286,19.15150518537134,23.133418309152823,19.044832612783598,21.61492770355219,19.94278674398127,21.411863691185317,21.857253322025343,21.020038502477117
24.167644808044624,20.210860332793665,17.58564842141174,9.866878169891079,19.653254386150106,17.784259840172243,17.447726777696207,16.920788040913347,17.82645518309309
10.031321787142723,35.189408761300996,14.562161106207933,19.98915999829701,21.402736503925222,22.482698520879982,18.57518761561987,19.497194750347145,17.930861232788363
21.87028284923786,23.50936690360506,20.717492682296484,22.045722496243574,22.166615307837173,23.82407066898784,22.62522398866967,20.45363768192282,21.682842830729744
26.13834496236646,20.06838762276412,16.781328664977377,15.210308419926164,19.791807863664022,18.749152127688163,18.3353555579106,19.144798554575615,18.43198771375633
13.951794906543974,10.97352813622047,20.482003596396652,17.983381876502452,14.486272404076635,16.40148150702626,16.540688145341072,17.678165176767248,17.938148601377023
28.362861934188516,28.948820669731777,7.082382460305064,14.378015831484944,22.946725194740242,18.8052620017231,20.38630958262221,15.000460040172547,19.76054633087262
22.095095046830227,15.273951645956988,18.020821047579787,8.71940980567859,18.345296258173217,15.864459799664193,15.559626449780367,15.333056879204504,15.720492708689452
16.474940721207957,16.98280548250248,16.161578804970077,23.108017647150625,16.970504934832157,17.254131545014932,18.069372373973632,19.447253883486997,20.448967365863847
19.72115461171147,20.343238504560755,13.746965253874887,18.985005864792594,17.62775675760266,16.243949542435022,18.397768925854482,17.34706981726792,17.60591204023005
22.79163456260861,29.082058958501463,15.787035992640803,25.390699986819932,22.44276809169176,23.192250618962095,22.64804270182159,22.26599847371655,24.722928377617727
20.380026957062057,25.866199933328797,15.705187422829393,22.42928876762471,20.64223783897014,21.321444738730975,19.713495736101187,21.254108025595166,21.749598667560573
22.693779962231847,21.2108124507987,17.808056820597674,17.583160953338204,20.202907817066944,19.090047219221788,19.7847332696947,20.44697427492663,17.907870905872073
15.396632034603169,23.541460318194105,12.530694154860177,18.667277359582364,16.458983311330513,18.7222199321905,17.599048577289796,16.740816961956117,17.062512989160748
20.84680412018039,18.99807153564447,19.265095121038854,21.26470956308069,19.28481992817764,19.465172516561992,21.454717448639155,18.632302771158272,20.722693427579006
12.9314275154751,22.698268447826756,23.46485914082315,22.867533667022975,19.621235259844347,20.37151868823557,19.70853012115914,20.776423883972967,20.007885700655216
19.4438696932565,22.366683723890684,19.123713987791305,20.290682522968044,21.989776652019355,20.920532874857614,21.374733655757744,19.463421253270834,20.25670527097961
15.480461792676051,26.843849478406767,21.235954436916035,23.422372581157937,21.59022941996242,20.66182605939111,20.598590093362763,21.50301809764377,20.679646353108744
16.322350287051165,26.835890612194746,22.37824981845518,17.813325053302115,22.142550853686952,22.49805622896844,19.492851743052036,19.61224169841609,19.37065819497619
26.18046587605219,24.469886911028226,22.945958048736706,15.011425812857254,24.877605082996112,22.060962668317007,21.85107171745932,23.041659936294273,21.53232977478281
25.456550602971344,20.18826221226949,25.48055477128522,18.740762985755477,24.042416486100322,23.529393889205867,21.52562363246066,22.9258575692681,24.354266860873945
23.045690604535885,25.70911147195063,16.003192006896278,19.820739562944734,21.775925778015946,22.37510760297935,19.786067604203435,19.270092429650656,20.29471417522133
14.538436176637106,21.54015766898477,15.126064059355535,14.193858421042853,16.862931303712614,17.386478880395227,18.29395939731984,16.037941459123758,15.470727044970603
18.41795775152599,16.590428156434335,21.13386259329894,13.653111663413512,17.515775890085813,16.91952781517957,16.99719240481225,15.922960855279653,17.195025443748033
26.065488499895917,19.983561040445306,20.8330648786296,20.78954518589371,22.447724044073617,20.365162806395993,24.229218487972382,22.330672463207346,20.756681629589572
20.708584568199523,22.422634918921624,21.102701198462757,17.374572594518305,21.036388902487264,19.240159604423646,19.407389521126976,18.259227306801158,20.561962595431282
31.596647699908473,26.551078918323725,25.55712981700101,18.33663637735199,28.262638508174934,26.722030137750824,23.801826636513304,24.703751175305857,24.113622345249954
21.96658919697186,21.082359139214233,18.045479635193978,17.561229337196707,20.899885662826605,19.50911522695599,20.95520404607252,17.06126924802834,18.596671103478293
20.960245582450156,15.954006443801969,19.70462623858474,25.082403607052846,19.45763651152853,19.306897848085764,19.69866383571218,20.279389329435897,19.809267108371248
18.454417678987493,22.283708416484096,14.0784469940661,24.04704464158,19.342812200403113,19.276856935739666,19.85477023097824,20.3903645135669,18.3822887389469
20.66770452391141,22.567280200282763,26.54128449590383,14.050585239843327,22.184044967008017,22.756848570561093,19.601080129972452,19.77796377112045,21.505527820944277
19.23765081809728,22.929188144513766,16.653820315163557,16.86882714767821,20.258857986451407,19.874937916417846,18.88425846443316,18.08307008086273,19.27013384546997
23.54054338344295,26.59935757977215,16.76713628735668,22.400017071878374,21.4704584287108,22.636566406911765,20.955137510755442,21.728556166532098,23.37785414193323
24.78351158397292,27.094616200449494,16.61300043596703,21.40774494841297,22.427775111859784,22.98842235482854,22.400810894489638,21.42896755774228,23.43016332137827
16.070052697460252,19.028945638091667,15.420416565422649,18.834168150680856,18.211515432503557,17.495825186179466,16.864463223425375,17.30139746851604,17.193028500973533
13.34383523221111,18.919282709755283,15.082251804609403,14.449599180143059,15.413859614816158,16.061260294076664,15.679009962065818,15.981784053397046,15.108816365938688
10.818973134483517,16.799006445222634,15.9051828684419,16.26983981538582,13.751235149220184,15.450044615224275,15.573941936992277,15.073899738881096,15.681194321677237
22.539956634562717,25.494078351402383,12.53681628779622,16.93292972981484,20.60136291686049,19.30378441900754,19.617025250093263,19.380212623132685,21.086473946595664
14.483166969130632,29.244100541688578,14.858728318947048,20.1079773244764,19.28533504081932,20.902451400743377,20.124539830722814,17.662403477280684,17.93981841938745
9.235547035237586,20.424590360455383,25.795852445790477,25.81490861878895,18.12019505479301,21.23750607887946,20.208691939668572,24.233357083896486,22.27918880873711
21.942893022654822,20.792847176375034,20.942620574565474,16.252479060847488,19.720766988991517,19.278999710875652,19.547391257045067,19.795145222404443,18.490053976753327
32.46499758716395,29.33391278449488,21.70361670691087,14.89585900977904,27.641259859070882,25.31230455233297,25.069715204876754,22.88059593267778,23.95380782848791
19.969645442300532,24.52778926607504,22.70883514966766,18.565654092688227,21.99064512539548,22.125294298099867,21.33153317180468,22.350298702702336,21.081983035419867
24.19245387225821,24.181178524005276,25.33653825744956,23.126955922056236,24.707606266365907,24.930610462214442,24.135971861828178,24.883811775086816,24.265271008949146
20.409146792737825,16.045417470131365,10.914309794224625,13.212468132957188,16.704256726485475,14.708034250830773,15.543080512959612,12.76844077031809,17.442262017319578
19.505551734044285,25.393640346397095,13.080467538853839,24.81453660349979,21.03376619597162,21.217990346851252,19.665333457676233,19.419561549786536,22.00275514480579
24.595382414938843,17.354318297451208,14.785105356421258,18.311874551537322,19.259960830590572,18.161869938590815,20.191281249181593,15.886416741954998,19.71289671157494
18.548627279056742,16.32989907032521,16.12108081404161,16.062719990746505,16.207106062278278,17.381443105871238,16.516225207986253,16.089595138799886,17.909093466511607
21.336961570359513,20.26614211616644,16.797722437659004,12.599242852951363,21.691100479071185,17.449928734859295,17.87419886025415,17.008305406026697,17.93938650770393
21.608489030980067,19.07103638275655,16.212089788775838,21.82608309368251,19.488468109768178,18.884598222293278,19.634905126118163,19.61484529862111,19.41158176719947
16.659547731784755,20.892001528074804,18.877235652528217,18.31531521903386,18.353943732890805,19.527796267554756,19.338768186757527,19.281278250509143,18.93194478887602
24.960211747682614,14.795091827375407,18.141181562980865,19.682821931018026,20.696970850701526,18.477715359102266,19.734008438235065,16.861269003310962,20.04771804070041
19.125201216522957,26.79408153233836,15.108660819287001,15.396753035954545,21.845801705957786,21.680996250731273,19.05625020415622,17.371652734200406,17.894278948263246
16.221274202535778,27.638431472582145,9.29780489204972,17.723615862995906,17.867433570563794,18.43629390927492,19.16903572367776,15.52377094112114,18.833504532437505
22.682549217852017,12.26328762929593,14.028525178485207,17.05367501458105,16.264263244895208,15.859712174975154,13.303663650848865,14.138257090169427,17.12477428816591
15.507660091044814,26.89228902833275,15.803045386749698,18.59762757848717,18.048969229324797,20.44955863518998,20.44282990162056,17.9937968419133,17.650152513065397
20.140905786845643,17.947356850891868,17.011682252769123,16.32179069449676,20.068191111512245,17.299570617390263,18.775649301441806,17.306051238689122,16.967961635546143
19.95440501677898,26.28487768491393,13.481330162757853,12.863276157251114,18.81171197400142,19.41641340834057,16.310155622623025,17.91771947171759,18.333541957115045
25.42947782915789,21.657767536667922,16.03677413401432,29.913998981186428,22.840320181069476,23.272293079937068,24.18878783797389,21.310346309002032,25.191383667247425
22.373491164399763,22.14387782040499,13.476050446057656,13.546383010649944,18.66512337011496,19.123487372728285,18.943418055937627,14.991595327133323,18.381600189963958
19.87486520627428,21.074511752893905,17.496722593806666,19.725836027770157,18.295871811957927,19.05070101947048,20.10474738506731,18.51935627341537,20.08068865790518
24.088831496001436,28.06064602116743,13.70763468654954,11.911888686303831,21.69406685759741,18.5078949946384,17.88316277882414,17.415099221430705,18.343548761398893
26.951037745086566,15.802059937374858,14.604381374518141,11.0118102535281,18.605303713162364,16.104347354088283,17.77497504519114,16.224519278207858,17.56302721195798
22.789051531759313,25.039201693675043,12.765263476043444,19.39130596740907,20.427935987332518,19.49578053477648,21.003402523223645,18.123733764861072,19.88488997406327
20.051763099216902,27.506650824447753,17.385997217720863,19.697470351073214,23.725752063089985,23.08485270356036,20.588263878333812,18.92426772126954,20.708333463918013
13.440818838249202,25.581700402702054,14.534208920190407,24.045995963209535,18.787175140641736,21.727147786287237,19.841814887073856,18.254821493124304,19.15743404829392
14.674431684623137,33.62349457161709,21.627137066701717,20.598187364062824,23.273536714634997,23.974375605876816,22.27760477623174,23.210734507345215,20.971976299048087
18.47387647822666,19.355266186376504,19.623401066771596,18.400757125016835,19.78554593590887,19.077917504611726,19.848702204614742,20.083282843987714,19.60979009422059
16.952438989203586,26.786524112967655,17.720592527265428,15.201599023739984,19.780350314319787,19.433034764184427,18.85178197806642,20.51700736438334,17.538518795176685
19.06514348507277,21.469546823292898,14.810058010624847,24.996048272934196,19.088819511057743,20.520810151987583,19.505081685135167,18.44086056439332,19.175650542340396
20.283249624485535,28.167030381763347,19.52208122126521,22.715404984200894,22.98830031885747,25.09504579463737,22.632645010259022,22.424959403851894,21.652215992631813
22.648463771783653,21.961555021393153,20.762803557394548,14.014682089006302,21.37033170544344,21.93578763698257,18.505223989411057,18.136838393871507,20.427210580018706
19.647506109704544,20.06062109068765,18.57075364880652,19.15185491284254,18.937719574968362,20.4872612389635,19.219101957277953,18.252106086898728,19.705241817327693
22.43250821913101,28.530361019358146,24.41480742186772,19.576208926105988,24.50254180091085,25.408596492529018,24.100564133973958,22.604796940088775,21.40840692781961
20.3223720740506,19.54219030490535,19.838549272299264,17.617385373577324,19.014724606213143,20.234483248941086,20.200083525574485,18.8270494246045,19.855348837030498
10.122667168230643,14.936371205497219,21.654428870272138,22.087401943227178,14.898146266677731,17.371963199313836,17.449174035444994,18.405254003027046,16.93267266906908
15.303323030906228,19.415765584130856,18.534261662143912,22.32693255339271,17.550321000852467,18.17451106820142,17.46246907055703,22.004115907725637,18.46169945441664
19.279562221391924,25.095164732942663,20.702657813027905,18.238057208779576,19.93583899931733,21.22205656049753,22.181131632265284,20.23979367328709,20.172870315263513
13.951526285794461,28.960193757935457,14.8128750693233,17.876523016809365,16.66773774413185,19.91987011082975,20.336438038839884,19.463076423798164,16.96939961527416
22.999643649981024,22.55564687648256,16.166406547148824,24.995833850670127,20.760352967494256,19.762077628501352,21.791949986341415,20.116878839720385,22.316294734858914
27.65375416171849,28.590985336170128,19.397454213929517,22.731355569448947,27.595528329855536,24.320603081897175,23.841445699168116,25.295201369680598,23.445669323439237
26.093809258486584,15.209125392612032,19.368397926229527,19.289441559633538,20.493203280350777,18.62397480468522,19.458575597778875,19.52446262417177,20.180473878600193
18.93278564534896,19.783682675910484,20.03044729177299,12.483163843679787,19.53859306453171,19.241270049178937,17.60399746645997,18.444074899058148,17.03890046105638
27.45363068424976,20.557124414229495,22.401571569114918,20.376000425220145,21.542058811220393,21.903826614740595,22.97575022940124,21.339139196876946,23.71053795446392
20.743337286010558,21.4272028626374,12.300115312738352,21.792333859670673,18.356466153745853,18.95355001372996,18.761262048754507,18.793961189227453,19.54590922796635
18.314570144409803,22.420471941250984,14.102189809558816,7.981913486406508,16.31610933332928,15.516074958470625,14.846398811505352,14.685890398254573,15.899468480249558
16.9329866822953,25.454554786960962,18.918290564297013,20.007477793272102,19.991666991105905,22.29764582645179,21.351337340922782,19.974791643446952,18.760965815842095
18.487651567559357,19.77596580914755,15.102545472786158,17.33323205281706,20.50363815014219,15.92697317212081,17.932134613651634,15.965054687115398,17.614167193909257
18.059115907293858,22.69514343476563,31.511072965157446,18.116582879481793,22.60630121755482,23.972845054176016,21.543106774238733,24.146800816620452,22.224269360941395
20.85208111187744,21.77438554837974,20.062878476680545,15.370476188946718,22.118383956773766,18.518432999242982,19.8062657877569,18.75323598959746,20.476519135059238
20.802869905249324,17.37055048054425,17.68667660427937,18.407242838385432,18.655935983271757,17.849858023689187,18.728705785893677,19.020268856447586,17.635293751609918
20.015230100767074,21.431666554592823,15.938122907664564,24.567966304725324,21.444882592545195,20.3337628234602,19.770193554993057,19.801246509881032,20.007965478435494
22.184690848731748,21.281702350514408,16.079350867227824,17.21440600473794,22.268954525249274,19.343492367333443,20.385087277413966,16.149328000004083,19.797226679292553
25.953231373931708,21.17459717498477,18.12056264526071,22.862294235172733,22.53464458822707,21.780919908989944,22.1625605637648,21.583335949549408,24.115282943469055
24.747770677206617,22.158797282907255,18.44792773048503,15.77467512448156,21.274535803072624,20.438255805330822,20.06567106168795,20.311276735778886,20.56395855941129
12.575510157750482,22.37836770306693,16.17320342122595,22.035024770624155,15.864046598337723,17.84573406108935,18.20704476509146,17.146945871037616,16.98351398556475
7.230394325490225,19.83852410446335,16.907391013920392,19.006623422487806,13.816795247990985,16.10712476202192,16.18965001244527,18.960418299152245,14.129844177600233
24.67159955619637,28.363573669856322,23.377138300938384,20.408099315157123,25.175846190339627,24.569787381688027,24.132919296006943,25.009811607666744,24.006897275949257
13.165606507922895,16.152596853984917,23.538019850604137,19.02861302438995,18.753440549273606,18.541389314598167,17.8906653861866,19.039991204014942,17.953965829094074
18.87617299053658,18.39514945765052,19.00813591973951,21.566500929764835,17.732317336338085,19.243839924470304,20.527454892748242,18.522692230591367,19.39218565427818
14.149434869703203,35.899818121117775,12.63496109105305,8.729659528264968,19.889339448950704,19.865843064229335,16.43506407504748,17.320766863019802,15.491613468976213
10.9900978120999,16.81004322505385,20.154012626556174,13.320698746169722,12.987616370894704,16.044763037287876,14.06715996287495,15.149183921156078,15.787465371968363
22.70731364102394,15.231226626451207,24.217129766444103,20.668321992034578,20.135788767998648,20.710960012101907,21.482961366480396,20.535984615363244,20.55364215496053
23.795775801513233,25.67238372500609,23.479124407849515,10.825846584415057,23.309830335530542,21.28712456873082,23.35913241677961,18.838328322110577,20.743753510117756
17.1174479963664,11.61440073113063,20.93770341123867,16.877678577411164,16.71919111056316,15.512214630851878,17.513303129188767,17.47891769306249,14.935790862796331
7.0447885392754515,20.823630450137806,23.689691821143285,18.7826366358534,16.27022965820744,18.673510647142567,19.44939565767521,21.445057806540568,17.85204641272317
17.268777758737585,32.72912462538244,18.213537089916088,15.687439449548414,22.33510388693467,23.081488000209696,20.540348117180404,20.639266206132532,19.390587350649106
21.959020027012734,14.275320389232999,20.51241187933482,16.233754389224906,19.372483882460692,18.518735794548284,17.608045492863543,19.1441316477721,19.760063154032036
12.605442156129357,12.090177571306434,15.27689773469928,20.086328800614368,13.77898168984763,13.930982841935666,15.471244738933411,15.463434988403561,15.893683872101931
20.91679959889578,14.504093990211508,19.169061824622847,23.03717982311924,17.807612077869287,19.707482654671917,20.360432769039374,19.668580264078635,18.49208502704458
19.923450754135022,26.49179784173493,23.318136975882098,15.16620247498077,20.24551033316893,21.62579402331431,19.91334611040085,19.941382411958024,20.73440967789781
22.896457498005443,27.623883599929062,15.642306354052437,16.699767215250517,21.69749824977922,21.613755909325928,20.502385293979533,18.98438924744417,22.18863815033279
20.597901842070765,19.437056015107455,14.554226282142855,16.074956106691822,18.454002975395067,17.163160414031452,17.63901789385917,15.845408622436711,17.20219649436993
15.134655295592221,25.416062020005345,18.38995575609479,9.314480992490886,19.54205177188202,18.384939030274033,16.384918300360436,16.586734235369203,17.754269984245248
25.982857508322457,28.95127663755995,17.093351185104,19.566847161270037,24.353279272588583,22.40483194409334,22.336361296518366,20.86692362814888,23.25957050910401
19.20735213486515,30.936732072149127,20.59659088428168,22.73887098331397,23.160596716561837,23.35618901409473,24.212955819711674,22.85393939860919,24.23088928068856
19.86347730245034,20.76832359410076,16.18696189621183,23.066572829263528,20.105464788220864,18.106330306340816,20.441018386597435,21.642326056259147,20.429557901774764
15.33366020463402,10.492641411650066,24.873758462410855,15.516934494237045,15.537689659803302,17.29211372115365,17.35270006509245,20.004022688740797,16.204482460843707
17.783588744042447,17.895605387951566,12.841295608155777,13.993207805919429,17.260239015172488,15.946599243644917,15.965299076890076,16.108102918574442,17.517581997502123
15.575986429865495,19.86597902532371,23.014939144878937,19.08642219036674,20.681151945939654,20.223199891368186,18.512575020756184,22.257755730610146,19.696308129335332
19.135269700382885,20.705306017108047,14.940603086767588,22.31709474626587,21.276315291476372,19.25957618162425,19.69767143947027,20.145260481324563,19.329569121840503
28.558542400711715,21.0607029949564,10.816069061663907,19.619401793241536,21.96382247767303,18.436370422453436,19.061586160265882,17.257865667590302,21.25262458780665
13.140494285343218,27.594472989653347,18.951500625395468,20.157218543495045,19.67745395515734,21.589233914775875,19.649168271937427,20.335800234632504,18.733663121247382
11.932193010616295,28.372142133437908,16.981568055944464,23.567323710944933,20.616421946934764,21.698795701219225,19.177058072917674,20.965872313931058,19.82848096150152
27.355851637468042,21.141631730376083,13.561562528387878,16.043453763077185,21.45152603318907,18.302581892567652,18.91473712275643,16.990887731384916,21.156052291126652
18.95338161424067,27.492424380259095,11.274492433138944,18.12011965330788,20.575182553656752,19.57689928887908,19.050583367591162,16.299610525291374,18.71358010304344
16.654636306700418,23.788306833155445,17.966556850914174,25.538422047044804,18.810340017828292,21.84006196133791,20.529489904958385,21.567879607327257,20.13436912940586
25.19952343698038,22.32252986431286,21.90334756649527,18.212755507609494,22.667674249871016,21.48012074481669,21.026376683825024,19.643502911888238,20.9019765012059
16.97192230131568,26.53272078554982,20.339813972345777,13.930652136133716,21.365727780919055,19.946239625614208,20.581574770418328,19.456499257476317,18.718897373048517
29.130048567734683,22.36126024118958,18.22682659535706,16.322575614998822,22.91982474623442,21.80106429572248,21.39058603744218,18.577987342577714,20.945851510576542
23.389629356696346,32.28905588548881,19.91539029287094,15.247280595115031,24.422323447681194,21.878386074455896,22.182410986109858,21.256075538079582,20.59922116695684
17.560442959271487,14.807944166027205,17.891143470488572,20.42865034280508,15.513444516292862,16.319027729836044,16.58964612394611,18.193889062708678,16.737957290242846
30.786541066327516,19.42414550453991,12.281103027878515,15.416211985644885,24.145470176542805,17.76235016225045,17.60500551095456,16.147934542982785,21.37697532596545
16.97142538498331,21.36740551523025,12.316424059106227,20.08413701144498,18.933518391345046,15.719944986761105,17.462800978960068,15.28192350574971,17.711062231228357
23.710476860046533,24.197263452289953,17.187325884061284,16.055739125837402,21.974508435254343,21.45355977226964,18.909482627038823,17.71413363438886,20.264546489688488
21.49646290203246,28.339802435515445,17.3573868545357,10.506485846407088,22.130164719097795,18.121614722511584,20.137070968983625,18.370750894722793,17.773713278867053
26.50870644699399,21.878007163819216,21.403930714027062,20.226479147927687,23.86621689248491,22.674729145769582,22.533772062790515,21.098545913605484,22.095449207359355
27.807555983634263,14.888851752468964,21.02921689509899,19.593854726187555,23.139218523863736,21.067386130989973,22.388230618485576,20.60921887753748,20.790282298960875
20.160020745328833,26.212569482275022,20.420532063035797,21.071031262835362,21.600188639333364,21.942544910812817,22.189112661605883,21.757739466684384,21.419166774447067
16.232910648269083,25.77479383070982,16.878869147691276,16.308051123338974,19.964448970320962,18.635923623110696,18.07199839024264,18.224380935936598,16.634622293204192
22.299860714695583,12.29070670310297,12.477391319559441,15.881822098562495,17.768233269429437,15.299608420186978,13.857437606611674,14.791274157604207,17.497799414954468
16.61142315123947,21.980979331646004,19.648284548264094,20.605867433926182,20.444432683511486,19.93407028160064,20.518182480010694,19.42351515904183,19.474614807227365
30.066936237633115,14.04929084659851,20.100677253048673,25.076078290123924,20.50993414482323,22.277098197861978,21.024297396315667,21.780041099412745,23.574984063218587
20.682676655413687,18.676744512489687,8.445874150089256,19.04467203802531,16.87046157146762,13.453734197063525,16.304347316314725,14.475860757002243,18.25706672461208
18.173392243439455,17.485955365186,14.662647253669348,20.69834038418858,16.498336374782408,16.500219835034084,19.42917205817576,19.925376873144895,18.928982859287764
20.923401529324543,26.04632349120993,15.235782490424416,17.71364926229717,21.151367368978086,20.6736188367307,20.59077254236274,17.576077008897276,19.272455508280917
13.264368552351517,22.58415087086092,18.473400804493746,12.82547791250526,15.042190414833884,17.585682238352213,17.176714989587804,16.72302209489237,16.64293169928903
15.141929807446743,15.572044996219862,14.786558268937224,22.869717676616233,13.927045952348122,17.461944635556588,18.036885130425123,17.087233593595855,18.069393736156684
26.00206953972213,26.400329814786712,17.84746172470144,22.633656956344648,26.323879792775877,23.26350273729947,24.127929327794263,20.457489132652658,23.756257188334928
16.71552860514302,14.830970880357928,17.157860238588032,21.843096100700777,17.369073752215613,17.173637213611233,19.21781038815161,18.77963255132986,19.026474313084933
14.7654450865903,23.650568952354718,17.363402113849087,18.272218246630324,18.422260210974198,18.60943554341176,17.91072924938724,18.204960537578124,18.913625374274343
22.68326376263643,17.92994665354222,15.134422825197015,21.38822439895416,19.98166915389104,21.058663491815476,18.90728025665169,15.944773935062006,20.561689957478112
25.928520773314986,20.1716145873474,15.44405978373329,22.575047189551324,21.915550284981183,21.92036217792898,20.10742595442506,20.272441636705025,23.039486386062276
23.594766553325336,24.52135374019192,13.67893176087723,25.48063473982683,23.075513226097364,21.7706710070464,21.786224062171357,19.743341748317,22.39133694554414
24.980238429029082,24.607246995297643,19.520269762295328,22.95410441858977,22.94128967245499,22.903587490250075,22.88323217213276,22.008911049537733,23.263575105161998
16.216024557152696,28.6848453677798,20.284410514365472,19.255284900134555,21.260888852155137,22.323171205454468,19.35518909752256,21.925743784913646,21.254447531835865
12.89094666629078,21.588731501642734,14.917528199498644,13.766986978302514,16.22062372267683,17.110299357133982,15.137147579339121,15.339241755225723,15.120178208546234
27.506668259777435,23.532254314816704,24.082560384068177,19.622633190686965,23.794261035779982,24.129131385462856,25.125145571536287,22.60403516036786,24.14336104706346
18.38660080578932,19.811313387978377,16.741594210231803,20.026309583397232,19.92596719815838,17.89707423391381,18.985663091736267,20.970155301608663,18.274347329383758
18.745834917724764,22.90994941311399,24.120742495186242,21.836119101273216,20.933402460287265,24.010109144014173,22.618560099911264,20.501960354716815,19.301227882074045
26.640970709245288,24.197430240042557,15.431491304673587,24.415567437293703,24.460894030183873,22.346192320476657,22.550820254963103,19.71488438536114,23.840619733120423
22.7811500470033,21.50845076272812,9.893688893602258,18.619397951772882,19.520585547888974,19.714681527044167,16.3135783895788,15.031039165293276,17.15191199364247
22.27943886040804,12.981247579537518,19.608791299649404,27.403948759252444,21.101887786288657,19.900836674565507,20.439720702882315,22.677917290492815,20.72390793433307
30.82501172450542,23.657354481654476,18.99418042047595,11.962851919837691,23.380953221855943,21.107379847382216,22.40154619413936,18.355886506881074,22.18667781173779
16.782408848099287,23.822807386777285,18.137575181230332,20.6773674898465,18.47029873899317,21.464210162037908,18.66935593524444,20.14125155645714,20.461772012900017
24.639200640406187,18.599132618260246,15.431070086224043,15.805918431263887,19.196530311007436,18.59927158375707,19.365869370782228,16.623871948639128,20.114848150085884
20.285065624485423,15.57806481963743,17.861711098056723,11.37111200124479,17.630194665935598,16.496590934963578,14.572156716563416,16.303337908303043,14.165086513841544
21.342961394316283,29.379395752519827,15.954962168521892,18.192902494803366,23.902754362445386,20.307115948493852,21.237746690772674,19.837317358073868,21.223644169419874
27.64234213206266,24.45722755447201,16.790601734672997,13.171309206316174,24.662450004898133,21.1972968595551,21.05988860702759,18.57641237606429,20.235976025395907
22.53917878144812,20.854594845391453,21.366529023060302,18.354288407868733,19.070816011157177,20.351720215442988,20.46653524017276,21.764981350111025,21.700480895980046
22.691480395248163,16.314835584262564,18.736868918120376,19.139076992377827,19.88203147746243,18.433831619166106,21.693037012955585,19.208855468187792,21.035868038324995
25.36253668654901,17.890925857893272,20.439805549327907,23.4741656373438,18.734716495072526,20.776011041539746,21.298667995689893,20.597543373711595,21.008242015709815
18.175236352285573,28.51295198393116,17.07252597349684,12.96965946094425,21.330483070672404,20.343656384569663,18.604177204986254,18.552089308785376,18.47644697664168
15.803951663304968,22.68830970434023,16.6319306167809,22.63378066258309,19.836007181133752,17.94824228793826,19.6439852036073,21.979616301033715,20.22799991147719
14.775954029894832,19.24706466499647,13.386069876445426,19.392321801119177,16.260702892165693,16.412750185909562,15.945379457276767,17.06410329590646,16.439111312429123
10.16821705311999,24.54844615612328,16.519853549727213,23.115396614438378,17.131312616969012,19.957491636376197,17.146640749536903,19.620980995738055,19.944438761051224
30.28103564970161,17.928009062768382,4.715541777643445,17.27299529987549,20.234863757167634,15.05820257269896,16.451725672575016,12.31126772578316,18.39344990683436
14.483958171391585,29.504215151401894,15.639112134777461,13.67102165294622,18.355330487486068,19.346873111655952,19.082563537177183,18.430608727879342,17.17495766788031
18.89373188207114,28.764002674483628,17.672503291236644,14.130002695136536,21.565900268256005,19.904299284886783,19.560120576856633,19.82240272832118,18.12111411065345
18.615933500555396,19.667129643986115,20.254694617080624,13.832770185331537,18.549320233714017,18.062594896031776,19.794652937240343,18.359451328071774,17.872896610646368
21.537033489045506,18.856648764845698,16.925288489900172,20.91125661168262,20.67828309350983,20.879391456959294,19.11632059379596,19.082619600432345,16.872676147605254
24.078686062696484,8.9093340065386,19.390694168979998,24.907688088858798,18.559555335202827,16.63679409942163,20.03211093650077,22.25085918300094,20.108153533051738
24.302367441798726,14.592096142243161,9.280845354439018,16.740193893379118,16.767741173129895,16.13602505421184,16.739717687426875,14.938480031542252,18.356326185815192
17.08461280715531,15.30265112521122,17.7726525911722,21.516541193031134,15.594960427097533,17.164893646175102,17.462963621962444,19.57304316197896,16.798640594059066
19.164391431067944,22.675951704936928,11.281988828346385,12.90623176745752,16.151498201267568,16.073842814544417,15.628332003786287,14.90317670009181,14.794472379265558
21.412899752441497,20.3688314777932,13.166785937362668,19.721284996709198,20.593804375412446,17.175959831888633,16.935646842150692,17.26656172672256,20.163602255364143
18.756544369082263,15.273322562923793,17.251337808544555,21.674250465348507,17.244517771894785,18.597456715600295,18.79198458115487,18.9652282902175,19.885873380502083
28.036727880099964,20.594179787677213,23.10505595149422,13.207500898892526,23.673280558612895,21.167211861265912,22.434125862091125,19.99423853360795,19.75742825985363
22.454874758191256,24.526685738236743,19.484827053880235,18.184466124080583,23.83859753967615,21.01365260029481,19.57278274684297,20.349661297564648,22.726850848169704
23.674388930249087,24.639196749577934,18.072923988548467,21.863668561942262,22.099661919579045,22.031084649080267,21.692099622582763,21.546754088816925,22.636293160128744
23.314406343337062,12.501648595705595,17.92187844213159,7.2649174110820915,16.759647061199875,15.072635736493183,14.583794367871336,13.667187108034758,16.307246397383945
25.867369287426627,21.358682597580845,15.145484427182131,24.34181224680697,22.085668852006705,18.99239853452209,22.229706290069352,20.439620108233395,21.571718033591182
20.905107793518535,15.083296115141948,15.824066346509266,20.41471750356419,18.122749672028263,17.045349614934548,17.728144251730818,17.64129593857926,20.06647906269717
13.515840260220767,26.50864348570137,19.70950418188319,21.86691059086937,21.375072395518142,21.83743536144172,21.72320520008649,22.06421321063047,19.590438532264166
21.998439758763208,25.920732081767493,12.458557926222023,17.349122883220943,22.368039995696144,17.876683066681377,19.047319971526566,16.96083608953284,19.168091871641042
16.743215531040853,17.509863868377707,20.372216201132083,12.109110073738577,17.85647503643668,16.045151241952468,15.4472179590364,14.957981924076574,16.71449161464205
17.356916591251217,18.169773987998,16.44597173152459,21.136251825267806,19.245932130728455,17.656566003762055,17.808423208799592,17.978275776772225,18.07907454195741
22.931820093775467,19.693664747508464,21.302228299478262,18.66963869833395,21.03001797892392,19.893436253880758,20.290723359615285,20.750983910895478,19.158910005344485
26.19141535716818,10.736033026343303,21.844373828928333,19.12846182172928,20.278261565917333,18.810212010219377,20.001170954036933,20.20674367623583,20.24381201698242
20.106357883680307,23.679840867202884,11.30766394997704,23.350427940795814,19.44155735316928,18.09453185837046,19.237553605048525,17.58195492126635,19.71629367599351
21.544165062994818,20.635777268299346,15.673676947091128,22.04825549545039,18.857591762071355,19.22346585249681,20.4155652068593,19.707619247073808,19.57170573008808
28.51107472317619,26.850875412839294,14.577889248237504,26.68494966835845,26.247640071399204,23.419839745030632,23.365712991063845,23.193077520306044,26.085087404624566
21.203765897442842,16.507953910187236,10.749088139707428,19.615416915493995,18.07695058551405,16.98988959376374,16.72437953591322,16.35747836541839,20.08948993468572
33.008415570901974,18.90438525875034,13.869866895162357,16.23515024883553,23.29024368332558,20.92577819622091,19.71942021670003,16.709575338110117,20.40879498752733
22.82754822815772,14.467373709804423,27.76502338106136,18.246332612365094,20.846401492341023,20.622948141510857,19.979927893171013,21.07291232607336,20.966084755096944
11.196186204220911,16.978547182528736,20.43803958484976,20.662653490154426,14.219697031525875,19.484804210334442,18.59369017272247,19.32434338758872,16.642529666732415
23.766708105522664,16.090090019658906,25.669151874423015,23.06342607597191,20.796407897435817,21.709894823978967,21.432214447434855,24.406717699169928,24.689288009265738
21.90579192441389,26.979868394232227,21.316393760073343,13.131864194245125,22.768895629588428,22.325285018280006,20.48587478609338,20.06683479297313,20.662284051844278
26.448763770413727,18.508690756243038,15.032627355966099,19.034150460716674,20.512940585028783,21.0904860146156,20.800662545784313,17.904582889561848,21.280093604220937
23.36590675634979,22.620878423723067,16.47291521330383,25.438166628153475,21.75331289391546,21.628261177244656,22.72446815165407,19.71176496903425,23.64181329990929
19.307720080081133,20.096182980690976,20.35374472096123,18.03916451598992,19.52195225725188,18.230828608132338,21.09041029109235,19.13896896750358,19.42420477398845
13.878508818553172,15.652673669935936,19.750024813892146,22.724047419476417,15.78714656411101,18.032224649961975,18.484115544968596,18.5203716133245,17.8749232274747
18.954883713569874,21.158497884141788,15.690631937166664,20.97247010886402,18.19695792896617,18.4285668226744,18.59372152124953,18.722381129894128,20.866964425643864
15.7473977289535,24.995516659317975,11.960027317683172,22.82344242609992,16.859606164598045,18.526399197138577,20.938740681969538,16.692062766727023,19.74024921811116
17.097382750976386,15.961203037283239,31.151044749554956,15.760957833600271,19.287100465835003,22.690319335462004,20.57472783740898,21.762093678062644,18.43405222447069
22.94289202210305,26.045563953656895,17.435401310628777,15.778393319737678,22.67435413664809,19.565783224429975,20.395867312729933,18.202146167353312,19.588367291525433
28.34952252175703,17.75139539261152,16.69704442726952,19.081087568489153,20.26911112656914,20.12112078631941,20.527228027232326,19.728604677991413,20.72921781751963
21.973357649114906,19.585080369635797,18.453337855621207,12.871112851038754,19.61859820166499,17.50269828728611,18.400003760803383,16.49784847852228,19.220243352313936
14.020584689824078,24.65341561505024,17.029085642755884,17.92103757355337,18.483322699042777,18.58541688881641,18.16921900550657,17.94833788351108,19.392434407141057
22.223013341100703,18.68281921390256,18.490915630821934,20.01150663006267,19.203804486052558,20.343866782854512,18.4762081020548,19.640809944192767,22.256831259384327
25.983157433228257,22.18787429667933,23.147789144465676,26.138542427799088,25.71517914551623,24.343202948021997,25.99106187778967,23.682853411280764,23.99493935387496
16.95108547840309,20.426545856059537,17.501806081254305,20.610872757079285,18.08413107109948,18.66586495932904,18.850743467024287,21.323854601164047,18.994464382313687
19.32991416663541,22.646840033519094,13.349158242688954,21.50091388349241,19.244681025140416,18.31516476762335,19.39020309428661,19.182812042770088,19.04824628707039
20.073440973645987,10.096304472382513,17.353424822085557,23.657903388200022,16.733473533812287,17.297265852863237,19.873412473473,18.08255251544955,18.427003491058453
16.075508434588798,12.851590923959586,16.142392874360358,15.141369644419774,13.257521767746386,16.64925747245107,14.369430206114544,15.545338456767876,16.093739037746285
23.241402169219295,25.07983503023419,23.695595748987405,18.339669350516058,24.402349533291105,22.047491595089927,23.244610899453342,19.964823140082963,22.183528601243125
19.395259256961094,27.185907028245254,22.684476258950284,28.70165036721557,22.365417331350386,26.49216079645177,23.699524544273068,26.29271811880044,25.71900721626492
22.097662219535138,17.447566482342395,18.430100001723197,18.683511110461964,19.391185428501874,20.11903206194425,19.485731116061114,19.18826952201703,18.893586848568088
15.5625391109895,20.77985823914433,12.885056580722974,23.46572299512883,17.98021773307457,19.27448023476162,18.374799977747763,17.83280726682823,19.18287794655348
17.812708498382946,23.473596264511507,13.096430946240217,22.85495150869243,20.53284704496845,19.412972545570195,20.100022901597093,19.136897616598834,19.071546826750623
23.611906789138857,25.46608800829352,18.060493046338216,13.087545142449244,20.925509959759328,21.568994478217036,21.264676964245297,19.292718285685456,17.87792748997955
18.135834239541165,11.861613641645757,19.345291877285124,20.241917108023735,16.259584288975162,16.02879064274162,16.81664312542427,17.58022551826819,16.733238041048875
28.634819256167027,17.569798765108114,16.50150872269578,19.586989888820902,23.366286695427647,19.197710167490246,21.989953998921873,19.23430417552466,21.40493397140368
18.001819071926988,20.337103100750625,16.079321663171065,20.31983515136174,19.013420286041814,19.355072087754646,20.172000685363916,19.444006279506475,20.70127904107245
21.12342362875943,25.515700986180246,15.628803067285412,15.98355008083576,21.49936672795011,20.06059101318255,19.312884056071702,18.7169665544791,18.90140537763543
24.662954159365448,34.492152418607475,17.906424159024215,14.532321952351364,24.196212680592232,23.4102489371351,22.891880590933997,20.634386161735797,22.069109720141903
12.908171335334842,20.85997136595141,8.46895059170774,17.095959999916595,14.445436532326008,12.296893963740612,14.338913203278207,14.275830405039708,15.356693550902097
11.19595594009612,14.965112689480057,13.59469348492116,18.608820011663187,13.379901448652586,14.093422994634055,14.285704317696494,16.515380592995676,14.053972700734542
12.371718427149526,24.01134038600649,15.491796618210598,23.739937790401264,16.76654783200103,17.89921856447702,17.700222650191904,20.14211584533632,18.250365194576467
26.31292051713591,28.60497894770355,22.83001277980768,26.26924327890243,24.625019149343302,26.440464588772542,26.781824653216585,24.20199878257606,26.13376196219059
17.240709270537767,22.540070604897505,14.744745432284283,24.58639138489271,18.55539455586689,19.359696413673397,17.727685280628297,20.092584450627225,19.568527067820536
32.79099642834126,17.466757274228534,18.721872567324827,22.440740843127376,25.699162550967195,21.27463586259323,22.157996927492814,21.447580282739832,22.024254247621233
17.178762006713058,26.789969707400097,18.906171003723983,14.98263895080164,20.247167276290707,22.78403288746447,19.418223366090125,20.297243752592983,18.137478389625155
20.922756515985185,25.317728092492175,23.191666022643048,17.36441530004202,23.713486682247915,23.24842707444024,22.998938813218547,21.67463178209658,21.802950054393186
27.710549762839378,16.86959577902188,23.0503096278566,19.83970420965199,22.918151899608354,22.541894557917878,21.322295275540554,20.947668954727863,22.895060367252366
30.030464440795615,23.90712808767171,17.769988124820333,16.4702438476953,23.620638482765393,24.005491666127966,22.472307796348314,18.465375651393686,23.62186942940498
30.307517883181987,26.986327838294365,16.098061035242228,21.308822610111804,26.84701898605245,24.050776543402847,23.594198227257365,20.565294146116216,25.35731593467971
26.041831152965713,27.909450212794468,15.344667588697238,21.88194443301715,24.259021626733684,21.790036448171215,23.739592247340976,22.096469092991796,22.127768611762097
25.120312629057313,21.66775512345272,17.035747110136878,21.145160250261874,23.031955868139704,19.97624889424898,21.61782952718457,20.20138569342877,20.874925861402783
22.962634746005914,20.209602769103405,16.2638665827056,23.100538418230325,19.74243371637697,21.119578197144186,21.464370017051035,19.674104373545635,20.412364726470415
23.89180538083319,28.136369110406314,20.21450963743293,15.381635145147705,24.617454617071033,20.300597449772773,21.355444903300445,22.01237254127462,21.300146286843795
17.244071418357333,15.949197485095574,19.681239269940818,22.73131481636879,18.960656424040845,18.606428642446577,17.887430853282293,20.695739259087794,18.49543310543511
15.909005582888465,24.192896454605027,20.367204764580062,16.217418199519216,19.60642108676136,17.622190744680612,19.538759569451557,18.70584166126963,18.375420345379776
19.98312771294524,15.149866863177854,23.037134845744674,15.236256189428458,17.862341646413448,18.598820801541006,17.863868383784798,20.015013272682836,17.331018521274093
19.149076887375358,27.326881361298014,25.451476485600708,21.128464536745525,23.01482808542163,24.743085889605748,23.294298689604872,22.24083288558194,23.42333942740121
17.733859753363625,20.709772421944194,18.49865357363023,23.863494248795924,20.003846914772595,20.361414133707868,20.518719939697583,20.933395105716492,19.37282777140341
23.481937237283578,28.342916178237346,22.397855085582613,20.95205394550404,24.704996179988097,25.04713897467411,25.035598142306622,23.60284357465395,22.480779690977258
24.776526042852552,24.457063781777634,16.59335926466314,19.083216095090176,23.07580575222372,23.05190228318069,22.014111939485876,20.881155807671547,21.888236369862092
20.442034431459238,15.88389884969035,22.740027934332062,20.240615304406028,20.52629645245072,19.58016954511777,19.145634457197946,20.770190654384134,20.65188024818811
27.38765040527631,29.123138660386218,22.246036628703376,19.54570767226912,25.447333199822058,27.605074985514843,23.430611103901196,23.080959526963948,24.128720099227056
14.291554429332475,29.756226332138645,22.033663879771964,14.496196415458424,19.34476646791468,21.507187188701515,21.851791368929824,20.377162444857206,19.863291451072424
19.03170270360141,26.41143246299608,18.376279364766095,14.029519420220339,20.5767798339424,20.99772303578336,17.879573815921635,21.43807332167518,19.67269660909732
16.415888396985977,18.1920606748189,15.326567344036444,18.68469648210618,16.6280135193881,16.464642666909967,16.702300376795826,17.09867730489041,19.133039857622236
10.6673169146347,20.469930228212956,12.421886248538094,19.319427343077216,15.610072231489257,17.48420777419838,16.364885003937857,16.522376131392015,16.307312707283057
19.586596570786504,22.727136087028796,17.839851169915605,19.045329513470936,19.050784250094647,20.938191592477434,21.438489582250494,17.332464436526408,21.410178361447574
19.39126245808358,18.481448003342834,24.13205016899673,21.704406454599653,21.318171937673274,22.474634536806516,20.737630246131506,20.97220095230083,20.913329479695854
27.567248716210656,30.461732862316026,16.760620394543707,18.13809313534264,26.684964847168843,23.362278769142538,23.25926677137415,21.51351558713567,24.555699382946543
23.154058422773886,22.721632358630185,21.14050634184022,21.251916727619424,22.431710982090888,20.784419075836496,21.192001041118505,20.076987345503948,23.514986666717963
14.879065878353975,8.483259764463213,21.375805602075726,18.421652930694208,14.674666819746424,16.078260811396724,15.916562156031985,17.810775494433845,15.819414976212107
29.27046283167094,23.6967790637811,16.86525511629131,26.293435848145865,24.0520669586454,21.58437017666157,22.881329235671426,21.575409542465863,24.093036058681264
26.105168477626766,20.259213015913435,23.265379350078078,19.322854906905786,22.562531757556865,21.80679658308201,21.487868984412362,20.731516353092854,21.820649660372723
22.91048851734308,21.62536721940776,6.365357022077985,28.36289044610271,19.352829341139746,18.842973501767133,20.579916355371363,16.942295984649643,21.39528270142688
18.86757950575084,20.1569031710715,13.1089988850473,20.408046364363457,19.699647234905523,20.212120083369268,17.70180516469635,18.811690906261703,17.286161164129634
15.202803816382602,26.035232083033435,14.33747081456616,18.145291317647136,18.501843660330245,19.099978508027768,19.3474484299604,18.23932044085583,17.6252382540726
18.138966119644735,27.598438892766907,14.721139908530441,15.402208094961303,18.697393950250177,19.54364595239345,18.811681127326736,16.932266404667498,19.723498361922573
25.44374309852093,23.415265811293267,19.345051804743584,13.228445703769225,22.649286256233996,20.499500621233793,18.989286511710937,19.709321757447057,20.82055412933984
29.422931529673043,20.303444064309204,19.160151212215606,15.034230862415374,24.02194928446891,19.38842015661011,22.148554692864607,20.00705005353187,18.877228762737918
27.716217641360945,21.79331397595415,19.575962288700033,15.48157476334404,23.062419814083434,21.13616720035026,19.826441082287904,19.22383380300751,19.900545909855964
17.55575289106863,22.097998082888143,20.384325976529947,20.579280081648708,21.255707224491747,20.474586488505665,19.552551749173244,21.46186294588641,22.095861083406188
14.401912833554944,17.987849800675818,14.199581723417403,16.89533851575925,16.464078937150028,14.94707123163709,15.67147163641371,16.79294512318363,17.006229117544628
20.70443123455602,24.894643242856173,13.127295732770724,19.74770821021799,19.30126670436735,18.310263967214507,20.624348225759434,19.075934495547255,19.15710241383319
11.157803172185742,24.30021161930233,19.58527872803145,24.127913449506742,17.531599032825557,19.741219745770902,19.26631691956632,20.374556133904587,17.874380886146067
21.615838570923906,29.702206198883367,15.479071705414244,18.648766593460586,22.74391456988809,21.672237382738878,20.43475360470044,18.709231864297116,19.866130067653692
19.261987068506656,28.276748901442375,11.718099818528117,27.316626793867215,19.596912902901114,20.856623207084464,21.806038717146485,18.77090912850959,22.481714945547967
17.66981749065879,18.57162541204935,21.885377138165925,14.29675607864321,18.782522392846438,17.47954002927346,17.8919283066527,17.868969871187534,19.65830093779056
12.026484663666022,26.101491872544823,23.58040762600919,18.39766580650029,17.435307105827075,21.27867219560377,19.559121893140922,21.006598674859696,20.97688255098779
22.568000532848583,17.24523308452764,24.228643558794637,16.842748305556086,21.754207136376774,20.863179584846847,20.43764172691958,20.163692499257397,18.542314486696664
17.336495801690443,25.47966050470425,18.74803088589888,22.74602642422803,21.50997897648174,21.40610957158687,19.87395718873727,21.105398441986313,20.574523668975008
14.15041582144856,19.41692900619946,20.50372838389161,10.040833478535516,17.094855415986206,16.2514643631472,14.306136131553105,18.245157329712146,14.384458552242197
5.638688933591753,16.883733883122076,23.479472893447642,13.227538843288755,12.663365837039418,16.477048609579278,16.946088745630814,16.9610893071177,13.86945999534732
19.862425474746818,23.400226713487022,15.434336839906264,18.570612710196148,20.079169667559242,19.146439413279595,19.42108652794564,18.362432322603762,17.965763353920952
28.86125798334872,8.627164359229296,22.44271073621637,25.205510884037974,20.628368249240705,18.94523259476589,21.45834187267036,19.332704390929095,21.888187302126976
28.30629607273935,13.24512212797386,19.101584936572834,19.90336733614923,20.075893510967322,20.38218915614312,19.357103237681738,21.31926967288065,20.064979317672883
17.714518717068643,21.112540581128584,21.654846609370363,13.593810182943065,18.771176989563003,19.445389956418513,19.416627866121676,17.418134285868536,18.46958069402348
16.988939698191096,22.412208833174212,18.74437208350374,14.211333629239078,19.38751184534545,18.46773863479368,17.555728300881185,17.235629954137817,17.0765393102017
22.34387128037512,20.153406149209054,23.18502683899201,25.691958811379813,22.23358579868091,21.037643709976578,20.057418082208464,23.942388783760236,22.707257930408595
15.008072804058543,14.102818506412007,18.894095050166147,16.515460804815035,17.115149688196176,15.45892050961295,15.5630784508543,17.0798396814174,16.567361262549344
21.50895949909733,17.910540789307472,12.06408376213033,15.228146510200943,18.67815797935761,18.35837427967392,16.396519562259567,16.770267835982715,18.658577551201454
23.830401391923452,23.95604663618697,23.807706529258887,24.909490242523443,24.630155691635213,22.56876221464244,23.955827595638677,24.890192806617836,26.290493628134712
26.13466611942154,24.908908853141813,14.209877036111552,23.044388022347963,21.464026763722664,21.320097315488216,21.875448345011133,20.11123155248167,23.03348609576238
19.499229617600236,21.918884412020294,23.012232840975656,24.096238573067183,21.102269065992754,22.18209305167865,21.486731743939565,23.811548421318857,21.97628991599014
18.98163124911517,27.784168905184945,17.63902847423871,15.199832478936735,19.91131970350877,20.783728748849033,19.15964421716552,20.231865985193384,20.655325901090983
15.610087066217194,23.98698511729617,22.704043940790825,12.899577435942557,19.08789401380425,18.212070682031634,18.502194723269657,18.649737775797913,19.058269709276885
15.8655982298007,18.262721730208938,22.53907445946706,19.532665957450824,17.5928611746983,19.494367950757702,17.404539007195964,21.07756312620817,19.661649426619533
18.867605540492367,20.597489732941913,19.720571897261486,20.340504532294656,19.326849015703342,18.250935041146743,17.923946631937064,19.7743774565322,18.246704916662665
21.83682753408089,14.985669213960726,20.034141270508524,20.458407214819328,20.344263485778065,19.06241889131633,19.426816798262006,19.228517361263936,20.900707924733926
24.567923131166246,21.459305048042918,19.690514468770264,24.91273574255601,23.16958716389486,21.588679710778823,22.772354471898847,22.241613116029026,23.43236292409036
15.984105246598276,27.560503096106693,9.944700974875689,12.064931639967007,18.86434081542479,15.995499331689961,17.267960819440912,14.327090153480793,15.022049569960647
27.46344284479761,25.42645042355484,18.473320875592808,22.438780205191062,22.951171351607176,23.985193158409615,23.194933276913307,21.51800563315916,23.078745117351147
18.644381994787157,29.01004662959561,13.53574329571242,14.613499823410729,20.387240124892763,19.179707097868103,17.75729072276895,18.44951563895472,19.068554819393768
19.89316352825782,20.485573781005034,18.684748574982653,22.422941283443365,21.048886370342103,20.688028474044113,18.43195997672425,18.758274018702778,18.017257270920584
16.263941604260882,28.73049897257129,13.428229814467137,17.10017318191449,21.026685529447768,19.82726850472442,17.990514817346586,16.812210889842362,18.315507028890636
7.878798698635292,21.033478867760152,13.260192235095701,15.744112816437953,12.139924478752606,16.282637122826507,14.901665398539794,15.696620365495718,13.290545115911053
24.42022698180525,29.357925412849468,24.419738007015606,16.56038917220319,24.76397129903921,23.121164515140183,25.1310187968773,22.97672027605846,22.292776618616024
23.684219485462165,21.890716262789383,22.27778955249676,13.217559196893749,22.85244317721517,21.549923143576784,20.321656537182026,20.614461433193707,19.447041642235796
18.593362214408934,25.536156869021383,17.983429660223383,19.16171575933387,20.418771141636608,20.623353175960037,19.10507623541078,20.26638646525814,18.551040326555025
20.33495358612436,29.375561821549276,18.739074600996094,15.909306437358172,21.37497787067984,21.305118351090524,20.209803509001905,18.84332483548453,21.548685335369704
22.579696088520496,21.032861857093973,17.008335897027965,22.145192923601112,19.407924285806086,19.20808660947062,19.842815767496568,19.974268635439948,18.89781140983561
12.187270715567287,23.09194493772087,20.27950550391809,21.56022432413167,17.065713766076797,20.367525001974343,18.873747768769668,20.95153335899686,18.967826142038355
17.354736613268525,28.44431712603151,15.29578253380478,25.752628211611164,19.420707442475205,20.82127834159294,22.832761546173867,21.502478222071737,20.832671500714557
23.971323398109135,21.334984180349682,21.97496105147183,20.46530993416431,22.489008273893383,22.398116822978288,23.135554091180524,21.125432403091427,23.976557726046792
13.728552884153753,15.395538587469193,16.987652635943558,21.082711068320293,16.51219454970166,18.605040930485764,16.626357899196815,17.297897060662525,16.942703868908932
21.467789660833148,32.71503527292455,16.320612016675085,24.600399247311255,22.864814015368168,24.9043090088681,23.95902915954961,22.03806544577088,21.504253320006192
13.217090976882975,19.651177678314316,18.086852073939372,16.489349215893213,16.706224771835732,18.654131289381993,16.063559593384003,16.108293146093693,17.006359084802217
22.332149912167633,22.793780254687714,15.635412680297557,13.04696714870787,21.048044321649535,17.88557651544565,16.742169054611484,15.497486694037955,17.206996994215256
19.821792588512583,27.780033347255635,19.314729397985932,19.800376236513575,22.103002215981917,22.815595634709695,23.467571246029674,21.5942115145452,22.29049225764266
11.924340920472453,18.95753048134399,15.850549642746401,13.309466123142384,13.347357758538454,14.344970490813694,12.687984741332768,14.445541516828415,15.149480803435887
25.823696772285857,16.96066043388935,19.874094411275344,28.81575469170156,22.660282745168875,21.74483384377228,21.032711259623476,23.144464363479123,25.231381905615184
16.327042116009753,23.268686483874166,22.864026155645906,24.82199316831577,20.51178039476244,23.810892904940246,23.616842836121045,22.283582433677374,21.75828486358893
15.948737814928094,13.034618010438052,15.122713252767305,27.65590533320632,15.923509064375892,16.560285802162007,17.957109007505387,17.23450569793429,19.532007989927997
21.002845986154714,20.5604696156604,17.477698170819316,19.249787906652518,19.442960458228654,20.573333298678453,18.446785512733694,18.570450526846486,19.726177881580526
25.743186747143575,23.22519332157703,19.84532285214169,21.202294374806392,23.44091412951356,23.325897809505324,23.18670295500648,23.61254976474641,22.108093781058344
14.920890905108015,20.65024051587418,16.256570580074374,17.162098272189425,17.640770368486237,18.563382414464893,18.020503374357478,17.177784128189185,18.07201390418461
20.30839924923986,14.282745284071265,19.85728224330666,22.531699222347008,21.023457790149205,17.54302597640948,17.91234585459345,20.235678314097235,18.449551076026246
22.144082501652864,29.970889781020063,20.22159544260696,14.137827151795772,23.419333807055338,22.839328463793514,21.08575334279934,20.707376338874894,20.886762720087525
23.46552803631572,22.517690769745876,22.333047105177215,8.827627242100885,23.00203175070826,19.757253852243387,20.162219152040645,17.02639993611544,18.089528586330566
20.882207776386124,29.155760588808704,15.576039815660351,15.837157522045732,22.15629008596058,21.8519100385562,19.545885679354736,20.349899324301383,20.80426373738129
18.164860804583387,20.699818749097776,14.228899039078101,13.178106097530737,17.53995203648363,15.092208317148746,16.850084911186332,15.353619465344423,15.441952983275092
15.862048896756402,17.59994009154618,16.769690441745023,24.91170694463814,17.61845789669053,18.833428217331875,20.21065878003771,17.977068603355633,18.697220266451613
20.430719415231874,23.345904601275798,14.128990641811601,26.262709820321263,19.406391887177428,20.807529622876913,18.649596288119014,19.73042855615603,21.546921321325915
14.639304940071966,20.921064368358902,20.25799281618999,13.388283710347556,17.828328491561248,15.969118148199637,16.96041313941334,17.56158151228504,18.131811084050774
5.393247582526964,16.11119271004321,13.352994799294354,24.166862430084958,10.085876984069742,13.865857899228674,15.017710379054861,17.10229947250579,14.228354198487938
22.182799020788337,29.34892129393748,27.332065673010753,22.805539934003082,24.5620967666105,24.171811667925905,23.625282094491507,25.181789229661277,24.43180700489774
24.519674205430977,18.88864888553002,23.183711446295003,12.720893261124495,21.49313905633666,19.343466290935694,19.298620559342652,21.939795354488382,18.23844061362859
8.185337822290808,12.798668076022157,18.050303078401257,17.438929876273527,13.66167142820942,14.92876197070504,15.16280835738875,14.892898609167466,12.874079776696417
14.951346476450311,28.64083026978666,21.469577971991903,16.67934511150192,21.96526217406309,21.554626365772627,19.73095980868881,21.42693038608073,19.92427037715672
23.095771305025988,19.478509920936883,11.452792542756834,21.9919815945088,19.335071586652774,18.466341399608623,17.520437404921367,15.410017868733739,19.74465487179788
30.287477348558493,18.960880536921877,28.09349332559823,14.084882596379945,24.986159344788042,21.95103603881234,23.987515275026897,22.1600872851342,22.770685904185683
20.10396853837704,13.17306206485013,15.639141551198042,18.60450949736207,17.9661477643637,17.505807183472804,17.32467210647725,16.849253015817684,19.11619906547435
16.35998529385433,30.704707432984954,17.518010344402562,16.25626198420153,19.555141042544964,20.971245110466086,20.140884972356222,18.54143949518129,17.757139825723627
19.0855177944758,15.552597063951563,10.576266851246253,20.893364733540572,16.909323585894597,15.868139492420125,16.428544783695525,17.016632833840234,19.53725918493415
26.874382095740923,22.29224740352825,19.94514921896358,18.132831873248282,22.41184722310658,22.61306134949152,22.8394351189752,20.99827359102383,23.127918195749896
16.770179104377323,26.5631016127022,13.574623371691565,16.859017184238418,18.906003473647026,17.775811005348743,18.736258643261603,17.159552272079896,17.790510882589263
16.00403996674873,24.108584665015485,18.406623046264116,18.14681369747169,18.671174114709817,19.81328081609989,19.81212749014355,19.6524917590531,19.139530428373227
17.58628238908984,21.70172844003904,15.822902268301847,27.144171331360447,19.85938720149221,20.626942448193745,19.87120471239071,19.978072071708887,20.24121717355655
15.233356958706437,13.49167070856292,13.689024260278625,17.332401455522444,15.16219266766851,14.12179202320439,13.019258336960863,16.148379880758988,15.525099727479521
20.613351579973976,17.95137582116358,14.78255399294953,14.835979126864853,18.961940767012454,17.562418466361475,17.667728830446443,17.03072425929156,19.331428573446708
28.123392292347802,22.93900169021261,18.903152136342086,21.33373427662386,24.393260107398156,22.92119463239031,23.925748020547772,21.73491077190878,22.55928052775041
21.615396365580146,18.06412965006502,12.874036108524702,18.425901322308174,18.65444856515622,17.188532552877156,17.52030389394703,17.063442454171273,17.96801684986609
18.738232489368563,23.01679729999384,15.004753315905692,13.33906427653411,20.589213077018726,17.68977364781553,18.41246842924407,15.003607108156913,16.470732932352828
18.54094365542228,25.408717044075708,20.653093525057912,27.925985340809866,20.437850744287015,23.63547662785782,22.79697209816452,25.04181589336796,22.556327201074772
12.184045956516716,26.812514429000508,28.409919499497253,17.59008421765341,22.053974893100868,23.310027253396537,21.1584418643485,23.122542725281395,19.574031806614972
24.415548885735795,15.869103210936583,19.91035527821202,17.488522184154597,19.96805188276476,19.177551678129298,21.17331117814702,19.851119946718185,18.63222743012288
19.61081401493599,32.98323027489477,14.330953431290851,19.63934140763239,23.140311101832545,23.16447565677621,21.34956472848207,20.931753474803312,20.97427130119383
19.09760043204687,25.837396722770652,16.531543319710757,25.920467076835358,20.96295488068203,22.372821476951454,21.496182495287513,22.4757116062376,22.033440657010328
35.965537839224304,21.99142923165468,18.126356024610313,12.281018693924018,25.134475349948968,19.89618293378235,20.221105924146016,17.881924698015744,22.094374105892292
21.49376454182843,27.447682915383204,16.602300197457172,20.10394339768216,22.647242263400216,20.12963982421209,22.101995923068735,19.39051679323109,18.990213655205764
16.24104474952408,33.82703885999987,21.612232666947733,27.34908864717451,24.74401326453103,26.53204335644566,24.04750986545724,27.487406676704403,24.010576617028534
17.868212018972283,14.806399494715652,18.869893932056897,19.514914722958594,17.787682869678253,17.332740244947043,17.91208005318855,16.631191017058338,17.902925085889283
25.742228545983775,20.87368678754323,21.63140953963948,14.05866408278608,21.749029984180105,20.87588324670626,20.261458151555424,18.52151289928993,22.33882874901099
20.56635205268882,10.107841700633358,16.742224838809484,16.52641258815739,19.87132962065884,16.612863407661237,15.53991507958032,15.776261253964725,16.524661420322868
12.808610108413166,22.963257663240125,23.302000878885025,19.827530119027163,19.85414820088328,20.400394390753767,19.607620202529723,21.18755165808011,19.97947984918979
24.59614467287602,23.826971209625704,17.334057662873818,24.32321566255945,23.819024635076076,22.1694483384263,22.47924496242434,20.915578395997628,22.48231416677447
16.65927957230503,21.8041894227862,14.115240523448033,17.642656622335757,17.439318191938852,16.7674869900067,18.731420594853983,17.581737909786955,18.772641186293082
29.366488881087726,18.72733214500845,26.709281524168887,22.306607189729725,24.312146431455336,24.33559782214421,25.79763929169128,24.959893521297435,23.644708407746744
25.400240328573243,11.752427419058375,10.700089012155534,13.258524691812443,16.87185555291622,15.054020152408134,15.928535465341486,13.129934896166146,16.593121993477236
17.763390521706246,23.867668417058844,15.045045098780289,13.225126521619782,19.67858495011067,17.293635626414087,18.74686355326215,16.266938871892048,17.919463197247275
26.405081808675565,29.277172419576626,15.491888592678421,17.0687972452602,23.15983755532909,21.2034727361578,22.914882487294417,19.791075085817162,22.689582044132898
20.339277552637018,19.04490772133284,28.033225092226253,24.75211488749305,20.8628360131949,25.768007587288974,23.536995415358113,23.984473010694266,25.107194104931345
24.263868375611096,24.200299645115724,25.227435536586047,19.275498558055077,24.478221740262892,23.443285471395484,24.69691846413543,21.441833606446348,22.36299245808036
22.423664086472375,14.159278432899747,23.97571257456879,20.159244782266477,20.3475126022414,19.27338673637904,18.87100033812652,21.01320499674219,21.81565417239669
15.768216725045633,24.28606531846257,16.67736535049467,20.11231838229411,18.169497655994473,20.171722667447387,18.52652924282501,19.90451210483122,20.11249178871892
16.78225083841269,20.033088511276716,27.7047120153671,23.436831930346923,19.51624890644098,22.314362676517174,21.168319296994763,23.643849893023624,21.662751343970687
25.149804087905807,18.187910246985428,19.473408015363884,16.559117229848585,22.50478502868402,18.55441341899357,19.541171978386465,16.644582651382226,21.88420108792107
18.326123339467294,18.198181793919346,21.90905348121249,21.75314043395293,19.70403303890007,20.531076908875043,20.73252512022231,20.19009717007972,19.89866803308457
17.981757683790015,20.03194208983495,18.718781524424827,15.67646934457948,17.15015307608137,17.503741520876012,16.987134208470568,18.900739671357698,17.869929387922042
15.224387103253235,23.912166578462678,17.802133714706994,26.933090623683043,18.223515084067504,22.52224363549379,21.470743701837595,20.06740418646876,20.98461973866556
22.117995327967307,15.439183994022411,16.992885304294482,15.79843558281324,18.095861976083402,17.80741160140358,17.000064133870122,17.532205150266698,16.58815744179194
30.312624596215727,20.014423342160736,17.16144002632335,15.470442787685517,23.84155093216537,20.032492062799392,20.392668634909388,18.094439846518945,21.931606923128903
14.662335428728635,21.79264111000426,20.433966594712317,21.1986792539522,19.204396550938693,19.949532265973254,19.722321260283206,20.33917702826936,19.809024087573178
20.12109728336379,16.504803877340706,19.468799195101553,19.319153725729294,19.95723382514219,19.583419244649487,20.534711659445335,18.210436788780058,18.922116597408518
27.061102777077146,30.983326008375087,17.874114519185266,20.307409625043736,24.234652972224016,24.31689589225308,23.34414118016618,21.00906166495201,25.74457637361569
19.601793043771423,17.73252259969329,24.038095970795418,19.90925518196927,20.182865399552224,22.5555046735283,20.240323305563916,22.528945235495122,19.770218124424765
22.26185898124867,18.652815431832547,6.1329877250370775,14.638431204770246,18.61693921985503,15.951666500660195,14.34329811012508,13.617312468508771,14.29745027256852
14.688032359265602,17.10846025088751,20.03954899168478,25.453435716317937,18.893806119417345,19.660303755449515,18.600421613194236,21.187066627175398,21.374248242591058
22.141535486038244,30.992400435690588,20.870954826635916,22.574168823556438,24.94485215421799,23.565161567108404,23.05742345805582,24.441821695665155,24.79849165254669
19.064278674977256,24.764526142997408,22.587851473020677,24.435799805068463,24.364238096654983,22.758840876912583,22.957899111982524,23.727928499128517,23.146540729668917
24.928649978399314,17.31703996878179,17.740514235786556,16.886676443558304,21.012627589923266,19.359206515814478,19.643528926120272,19.06261287475864,19.216663400586096
25.936930257823754,27.531157794299844,18.83168026953583,20.666094178860686,25.50981154605403,22.40659489072945,23.928514971853858,21.16852420013447,23.5955665448428
32.94781821009307,23.00349347144439,21.943793533258884,19.789473848938766,26.492329335791705,25.325071388180298,23.667495055027437,23.987526970562413,23.55026672500496
22.898165866067878,23.28626710555751,23.96466561712072,23.51201050480603,22.508305359154868,22.483157749200206,23.923220351933058,24.87497046554572,23.14809647147514
21.628981582910832,20.277613956237737,16.79785605928493,23.640992527318474,19.583338083845742,19.53941012865676,20.69946110968601,20.410343098966084,20.092388692985544
20.97192150788668,18.252920065215132,19.067903132510242,19.77220321183246,19.837060785198926,18.782772718366555,19.4584844821098,19.01860383250048,19.949283319175173
18.23416853594656,23.688830495273006,24.71429585739503,12.928195472626992,20.424493274852026,21.49723516814825,18.649949762802688,19.101830718745624,19.952802931611394
21.692419217308455,19.274563850022048,9.503891696484596,26.118647548350758,17.20339426614851,17.390813649913063,19.30063407735958,17.889963409038515,19.051385952824123
18.522992949304854,31.083778147875524,15.23994960074166,21.223949734760556,20.878921932783246,20.04653029097918,21.702624228081813,22.217134864898483,21.913741035711478
20.84230488134807,15.653544473784478,23.863343914411853,16.56625183443543,19.14387568694639,20.42481669537731,19.333089720537195,18.569315325636076,19.325692952761976
26.5879876780398,29.680783864274726,22.370151334433213,20.62616855306678,26.80335672862882,24.613725520728135,25.21632361473084,24.74894178887785,25.25828629069912
14.967287173601793,21.443405756010996,20.089780843706777,12.955625806189907,17.717381459442286,16.976030943721735,18.0586205539468,17.236571073995506,16.441286448519843
25.699392805645225,23.49542867010553,16.20561250756352,23.221412269884176,22.81958524129036,20.939614815204056,21.05743825434189,20.331595913761014,23.320465160859403
26.58557533669933,26.165788833147175,14.472726004058323,13.115153022883387,21.703114660720573,21.84846287226254,19.8681147127687,16.439892617524848,19.342114910667974
19.409657365044605,18.84875352497782,15.635137523030505,18.11666203185167,18.380348791364554,17.19338749650884,18.518320212790393,16.647277133700754,16.472421932147757
9.390725504957027,26.321241923493183,24.19203288327477,19.977817798422198,19.80795216297393,20.904322997329327,19.702059706661792,22.52026151359205,17.45928594703201
16.960890064527838,8.462280723094114,15.486229243378615,23.155358847928376,14.891397088966487,14.760884410147044,16.97561327679408,17.300772071558335,16.321810345860648
26.484972732805545,18.400052333890304,18.405691856958633,19.426178705737495,20.23044745377292,18.991291001529532,20.76940240404056,19.75449617563992,19.52197078195982
19.88565968850559,17.379685963294673,14.985169420553015,21.5398514944502,17.067665903641732,17.2518402894985,16.492669000577315,17.41971351330591,20.45099699671023
15.003488838525445,15.732469938141191,21.371096120396107,18.88733236620179,17.47287785477509,16.608125651500142,18.588025735013826,17.757923827267522,17.505128410376216
17.47612539385891,20.925225809605244,15.845094878614235,18.87125619622287,18.099847020547653,19.256453800162912,18.162322342719985,17.99383097842972,19.177551195401524
24.203100132522763,23.928749840908473,17.609624439382344,19.34190900139319,22.241400563193924,21.271393175484032,19.501135020426403,19.68752815338825,22.158245951742195
22.7336678410069,25.513299992496528,11.266471467828698,18.2437683165905,20.212394084361748,21.71209643179137,19.18701204419386,17.566927287146054,19.655602281101245
18.80533950415153,23.204383786002037,11.546527055180242,12.253719027674258,18.521540463464607,15.92817423372925,15.184127964637405,14.494899538169603,19.804431382657558
18.165877940926563,18.671532675532266,18.030692773286024,15.926706025213488,17.765702422963507,16.97032418172788,18.45183363933374,17.245518459392102,20.495865515474506
18.04120925478089,23.845082189125836,12.699371379208952,19.979099364446792,18.721179349207972,20.101157562701303,18.605349566744454,17.805576410433336,20.106875778172085
15.387949077507487,22.62142847425425,26.420346557338007,18.003515986045123,19.174805691688256,22.448802554256336,19.684564658984453,22.38446648599406,18.920605919592454
28.07687844734721,26.68028083968008,9.753907551551002,18.376763671272375,23.944984806423115,20.605749962864262,21.53280568442553,18.782257424770584,22.65589717643332
18.3883976539433,25.88468351465758,14.799298805343584,17.70658532224514,19.6301496176514,18.31049977614977,19.653266990043647,17.91048325306213,17.216758915401655
26.085792604127484,22.152382069603146,18.0668034690702,15.545606429072729,22.85583333237301,22.13703173596998,20.22688140594303,19.474953507735552,21.93000323570987
27.606580259612258,17.513734969193717,16.539468248816863,17.027602156094826,20.113814895941854,19.070694288774245,18.426248968893056,19.79109502518724,17.64477358689658
24.9915544907398,18.735249220839595,13.583418173344324,17.77267302244562,21.845030637839834,17.817770592397224,17.92824993330574,17.58345079354088,18.974045196655297
17.841898436409757,19.25105320180983,14.168288642018927,19.0205725621674,18.9251643582406,18.541256489782338,16.71299530089544,18.172138703025713,18.95173390320122
22.018650451683047,20.42366833041872,14.037383690003047,20.57351337787885,17.8895910859284,18.83445325078518,20.009801165760305,17.4529788613482,20.055059531137125
19.879021968045418,23.340252137948767,16.85311322071975,18.277798836457045,19.35014948132874,18.523703682869165,17.906649255148515,18.16018192327096,18.00714431058334
15.48149069634936,25.57587195064029,25.807716358069694,14.881378977230323,20.99267342407869,21.52795302682751,20.389379679009334,21.291449567775032,19.555877246750995
21.621796408608017,21.74440653492311,18.311749186232838,13.407671840324866,18.855428889050195,18.241391564562598,18.52112160175012,17.805122289222282,18.905695532218516
14.104801044200988,22.080623939502363,22.731601957550097,29.389748829500896,19.619808791827886,19.133236601172943,23.112232960464002,24.806994841306825,22.215595588305927
25.93839694230782,22.71653152500002,20.027905383312568,14.480739878941748,23.070605084956618,20.02544824459356,21.02362999006586,18.762846167056985,20.26734837207608
17.676913513508033,19.420473434338298,22.455449591928883,16.92549999494247,18.895821441605243,18.955524038702404,19.65479441882309,19.622987963275172,19.610990107206625
21.005798279364196,17.37303871178522,6.8001427896256565,21.06800121005574,17.619898307749047,14.511069239014203,16.036385243977684,15.69047029617366,18.601687734434122
21.41643935773071,13.22281051344645,16.782167915407083,20.443442438262725,17.24086681943203,17.948716419968783,16.73521686870648,17.847649519502685,18.404770156556225
18.705475131479613,18.524253209615637,23.228541692602853,21.08346277024629,17.549339088853614,19.706178293681948,20.059957225109606,21.181036692881534,21.806895184936238
22.933469007376374,24.365727266338936,15.713056709002664,17.229131721871298,22.330745609004957,20.53458153928647,20.83750856207375,18.858952175634812,19.90827628607604
17.62548171688738,18.485442809802162,25.04989265947845,19.954232282558188,20.57704194344964,19.34322370430498,21.053652998333312,20.338310980697145,19.491166938416416
24.35648648728622,20.810964812870303,23.935560615071047,19.245374656963456,25.201170269774465,23.053548778314877,21.65650907193206,20.801925140178177,23.386773456286043
13.270101598766257,24.332156437061585,16.123477135490152,17.75147452983485,15.40034393277218,17.064522770819252,17.008558620639654,16.380060908801852,18.718022576067906
20.63189789773206,24.603447482113342,15.987345923814573,19.98163896708536,21.580258594545096,17.958414985350785,19.244403442779145,19.579991133216915,19.68211093993261
29.694644995291423,16.602335739169803,13.945576630582124,23.221462187002828,20.00113812660083,20.984857732547656,20.729378285284984,19.753455705539817,21.219163732999395
14.998343376972127,26.985296782268207,15.48162307254481,18.9111991062587,20.838864192279463,18.6660906493589,19.230666756230292,19.528489139650258,20.430631616074482
16.611275147375743,27.636750446777427,13.069643743324338,18.9378113854257,19.931111913886973,21.078664621790228,20.537061693701563,19.24130650961532,18.703342836435972
22.569539248294575,16.350750713907203,19.715244721732024,23.27264413950394,19.25142542411054,20.55282720945954,20.600375463478308,21.849217417208767,20.969139837883485
20.89790890969799,17.88081565179423,12.175814026614265,22.845441439275252,19.22333768326928,18.55592229169845,19.063761000652573,17.53455944824509,18.882083603025738
21.753150496367795,27.955453415730958,20.414932064760887,25.335745763853932,23.15141220488704,24.97436739665797,23.084352447274174,23.468494570069957,25.122356811408906
22.445935650738317,21.265732393723496,20.512314787600996,11.975079062081694,20.958480941692017,19.53029644321042,19.09146647846525,19.7711543723259,20.826085347633356
23.17360734280885,10.901110262740746,11.35518237926431,22.62047673267756,17.27882088127547,15.959760025537339,17.15267263490973,15.124783561660939,18.25947038034302
25.548499209781117,15.001592476336569,24.19927442531336,21.406320181608717,23.444532466184256,22.43256397296725,21.39839104541556,20.478241620470136,24.34434125449809
22.049093284642563,20.753151874137593,20.054437177660887,15.457390408986939,22.41713526261569,19.85493194996354,19.55669938948707,18.67565224448311,18.85895536923003
18.793711726907286,16.18478674857699,20.998792085779478,20.00635167199538,17.97604892641794,18.186909483290865,19.12212902593489,19.062007548982315,18.793932750113143
23.362868506013655,19.93288114681779,14.96533919382891,23.20448699103199,21.696633902315817,20.368695761765363,20.847430772517402,19.31867160062711,21.62293831076321
29.499409674476077,22.161981068417894,20.489516473892476,15.6833643100584,24.469438071670435,19.718360645215053,23.127685925124972,19.433133372562576,21.268140974039074
19.33683126808713,29.311273020173644,22.505573798888264,20.77024971609123,21.693572077666808,24.88602904411446,20.715434159170357,23.39897530998945,23.055705978515185
15.127353476646793,20.547730418861054,17.605566403981292,22.485414702924068,17.28868688703352,20.308981818731965,20.055253764741988,18.841020363516147,18.395995138469967
25.53540334643486,27.362708997863795,26.007689836993443,14.715921749874049,27.432250279918797,25.25955133784203,21.69462286647356,24.07213842033171,21.205351715862232
19.398094180232007,29.14380081018385,18.17625853965175,18.43085723021941,22.338569747204907,22.921580049418658,21.596015511108504,19.373764661546787,19.070194271312047
9.136652269929819,29.17154834676038,22.563143201809897,20.203873506569643,19.938920982536505,21.304337294529848,22.624433300355907,21.69492141298781,18.825305718282557
24.23710838575211,23.423772966927842,19.17203522903462,15.81547397782818,21.925885375601943,20.682576547011774,20.619557351459903,19.18700742534557,20.952548044097774
17.323359070230385,12.18355426080513,20.34208613142747,15.483387203625815,15.661223938262427,15.089401282670165,16.51311580593684,17.181787295513264,14.985962215244928
19.547333588479198,24.304124327019327,11.314670929460911,18.459821592548902,19.246351586279022,20.035110864860737,18.096227895456618,17.80607755662753,18.704497028100153
21.659901652845072,27.241999439067705,19.484214952861453,22.206558867614767,22.687955314945892,22.30613824864444,23.315431075362184,22.336254600916,22.686602754585067
20.952498398895333,21.594664472822913,15.060099594970936,21.57493600476844,18.53565928984444,19.84180141082279,20.157758170504145,18.78211217552181,19.92154106890177
23.5472590856952,30.722919350376245,14.614406776889249,15.554349083254632,22.110770245640232,21.675564754924388,20.433686329274764,19.702632252142152,19.871700694329043
17.822568147150783,26.299167807337287,24.976412737863914,21.608671540462744,22.88281181709279,21.928502919478905,22.56235200301886,24.358281702883076,22.32472493947461
22.565528990880413,24.84136688576392,17.144919007750605,15.656240895333966,21.092538864062448,18.495564721174034,18.933577441155016,19.0488659446456,19.721452306216136
18.702266612080415,27.43190355602919,13.986792676098013,12.559320808026262,19.78947320969106,18.683512974526845,18.051129491826156,17.10671251256746,18.64395881368894
23.694052404437514,23.666849256304392,16.5634734875645,17.531425715811075,21.87843605825754,19.86043632959888,19.944578029112634,19.634227747769366,19.12090146478335
23.076837420065267,9.535947503023232,12.798199084312344,23.491877486342943,17.313396833248557,15.924550098238981,17.362256325026664,14.737789396389744,18.55140872270294
15.322806489777022,19.504305242648172,23.73553787278508,21.623842208565495,20.036485025434196,21.426698304501713,19.336709056302006,21.06370429773456,18.460120149277923
25.42991058087516,27.98584013623927,15.21727702333394,18.993712770507223,22.411847139870822,22.070603968685464,21.692253437652695,20.301417657029777,21.730636447030598
17.32018277442976,17.96204329950852,20.117199735774676,17.33317806563577,18.643696576886597,19.112967619362795,18.191923744025328,18.279652767570905,16.916776870707633
24.040288991405724,20.882637473815304,23.4244268568413,17.440951455534275,23.064915149148216,22.033695550760562,21.525493892355808,20.894465683662247,20.388505767069194
21.836436567006704,16.775818430484644,15.999389275141082,19.435139623443185,19.896563752322116,17.770543356537864,18.785979689724748,18.14400648268692,18.932668248821503
29.190918383975614,30.919612976008843,20.128089729091144,14.726250056616685,25.037576598457925,23.095941332455393,23.567050121142085,21.96977031623622,22.819064773550906
18.88267008814074,30.407462287090077,13.87965578038228,17.60757061919481,21.466814157726255,20.848901429822284,19.40764603477028,19.27095231871433,21.271190659229244
18.253416019409013,17.580655524296354,27.783078276454738,18.137722154560926,21.662026882198074,20.971240394365406,20.520791266329834,21.10379720203004,21.169253008773556
19.902901970561338,22.73649000194542,21.74552053846649,13.595702166194009,20.391661593964237,20.959480326979392,19.316295843696054,17.896703702135834,19.7507356267628
18.484101085828623,18.59752976117976,17.229574244956776,15.6462069964097,18.46692961328199,17.423292748566134,18.513998664200926,17.957994640076944,18.18946868679376
23.99970950971025,25.074723195156892,14.908665076444144,20.642027165945525,22.948632088899732,20.626022271495945,22.307022737724562,18.828574262875218,21.519462561481262
11.91844695781706,24.548415386211644,17.544013788641493,19.038047359763976,16.519041048296756,18.58952823219055,16.890150437671522,18.019022140137547,19.01023015718139
14.73158790426823,26.058527858066327,16.640065110593923,17.764952835226467,20.648526553768598,18.39015940349157,19.415937975456487,17.768624731433576,17.994638031407142
14.660985392104035,23.659592238539435,25.811778215998025,15.354290249848145,20.159557293556766,22.29137620957213,20.68940568521232,22.280045489607485,21.01822871997108
24.75153795986788,36.67703103194234,13.097861111140391,25.307399302356867,26.57353946018705,26.08388384998553,23.61262605546273,22.85395104962494,24.030468120807765
28.553066862909624,16.860381174946305,18.539205693160813,15.648083141282726,20.08996317239764,18.24707623231256,20.47965703698758,18.680013539313904,19.211436782021426
19.477753907312643,13.446983227817428,17.92664773346516,20.006371229046948,18.205707999081326,18.112862457629248,18.610393942176845,18.499293681622365,16.724989565220298
19.155891384049948,20.034548996492692,17.530358798620522,17.04852364770482,19.39005571844151,16.665350280952552,17.492684068838404,18.006829021047643,17.153439429309206
20.350260815565907,14.160058672198662,17.56553338024663,19.14511717055334,19.439931648712683,18.40204244606846,17.568900886520094,18.649474781926685,16.564375974128552
25.809391513040953,14.537688649970036,17.535716759518067,20.830438967761488,19.963985234582804,18.25363726789924,19.86462890839286,17.55509211945422,20.620726751517577
15.36323432904713,16.993426729010167,21.492264265328398,13.518973643168456,15.906013638105986,17.682049450422937,17.412432801737815,16.501999572034634,17.21562247640128
21.191844913673926,17.38905547284186,20.43593778596974,18.97353502338605,18.995756672080347,17.451064275513804,18.509153888520288,18.32266174167344,19.648750043991427
24.87598814891215,17.2269094902497,19.675646445491147,23.762914595919383,20.924910620322642,19.599843098010606,22.542371367958708,21.353782167483764,20.586891101819496
22.505470849699226,24.591094752227058,5.864042551418924,26.046007573968012,19.03807951509702,19.31553984307665,17.722305801762705,17.834603024371997,20.1867915051106
20.947908082993717,19.46905469457332,19.199179496652654,18.479944106979477,21.19786997536395,18.78513251197965,20.847767144225294,18.739674741255435,20.403488445521262
25.005230462835705,21.1024271256376,11.37744255931967,19.166724828867636,21.852679180507927,17.738389093455652,19.71322371195507,16.789564595010475,19.405631746138795
6.483838535003814,26.471163872504675,20.5852806525433,27.845332114406133,17.240682216562146,22.37862918484848,19.724632282471678,23.798399124135713,18.911658736448032
23.38937659765454,18.16838737609287,23.89798947028206,23.539697126396792,21.547074536501572,24.216687009995624,23.113268485313643,21.8992838650628,20.97821315622289
16.72962158436288,20.67727050647639,14.295043549645797,16.530861722979125,15.59164275459583,18.08080481512454,16.010400297263917,16.78112498773691,16.549864063013104
10.846835515717716,23.828799930464577,16.952877110629174,16.524066196455507,17.22631748250145,16.616802883027706,17.153080742710618,16.903098369833142,15.665043300916395
22.556012997624904,12.292160996898893,15.602577179788012,22.826197847149075,19.766628827617982,19.20838295477857,18.557742129173818,18.898898050142368,19.107237733925164
26.86829272581479,10.075472455247088,22.941727103027205,14.955851479817078,19.216694678227633,16.708556448960277,18.946470754935557,18.99379623305957,19.627062576024258
19.31275742686154,23.730586643988612,18.380111541088294,23.350907005355413,20.738607446918003,20.861450887891138,20.35387309720812,19.635788363521232,20.938767654334463
24.764372736014693,24.460071402834494,24.913317522265334,20.337199855004034,24.694445466525426,23.88710896272107,23.122663206672062,23.174137489927766,23.58995675871125
28.061391289943227,32.321100674262055,19.65501681178955,21.07088305610829,28.683396746834553,27.34332795886454,25.403842824176596,21.37462411433212,25.606910950533713
26.57457226792024,22.79047437933405,18.969800722543276,17.973064786079785,23.25801406592004,22.350269078914927,20.850234296002757,21.095847408510913,20.486537185109217
28.199822646856965,26.098698586290475,18.272827130411347,16.48070078301436,24.607604055040156,21.783804706185293,22.534465080919894,22.340372019934073,24.164503469416704
23.71063745535946,21.02263678207013,21.271968397029347,24.84797132347328,22.709555329677823,21.455147038716643,22.099177521256475,20.35832873780315,22.285076061952477
20.377168194507963,23.486136107925432,11.049255207018627,18.0130508777861,17.782831732459474,19.040853862745287,19.231402622886776,15.131462696242117,18.940700234382877
11.990170940514158,30.33628420874767,18.34137582208204,17.35625969370455,17.85406411878696,19.9392251788723,21.06870761683304,19.977022256314985,17.403476929551328
18.769687559350256,11.380035909371822,17.71981422508814,18.679451728480764,15.525798645302482,16.436522985769166,16.339783180915486,16.826278336099424,17.164854426916285
15.783767023419042,24.0680812878584,20.901675308631063,19.77208853087177,20.704365684575897,19.232321600545884,21.051661798665176,20.27344447082242,19.807439940157913
30.85471358748907,32.677933650386834,17.249193576503853,14.876699493122207,26.74741712417868,24.693678639413662,23.70233053529889,19.246125350113342,25.363948684932634
19.120570937838316,23.410171096046714,13.84506226334932,16.740514023172352,18.584739510134153,18.837482145768423,17.342648383360334,17.477717255259737,17.976753155223882
20.61602403392243,30.25286481616424,18.029402699678798,16.52787170437577,22.033762164647815,20.671839340754378,20.93082307298015,21.169811809756318,22.099091773852425
22.75742688020234,18.853939252352788,13.668637884526627,22.381121218427392,19.593335348062162,19.81610587366141,19.5008510496335,21.075307506583894,20.33653812636208
20.218012231862268,21.83976252918143,10.298951149650058,15.456149728000444,19.946646788331034,17.33119230386477,15.166261245246481,16.453467029419492,18.982098341937856
28.475255202153765,22.16762351194294,20.90848992594197,11.976928568967786,23.26858259083244,21.75329503836988,21.507731063697115,17.938808771729853,18.970778518633136
16.88675319132774,10.912044603206146,20.316246290778682,11.131621748375384,14.418428685111358,14.593483563385945,14.897687307358353,15.325177869436324,15.133339843051877
20.973037276186215,16.159110860749,19.8683637759743,13.118479461297131,18.547714499105393,17.805502149800102,18.530291801020816,17.804092969995995,14.760055135744931
16.28764707150976,16.51562460308007,23.211713687783245,24.446152811392444,20.31178783398536,20.12834033270476,20.723422097212737,20.862159498774727,20.10753815311927
13.399887443896471,26.110330390162638,15.3398724387843,19.064826397936205,17.664686503222242,18.77983321229639,18.59867748485879,19.197463718859645,19.05044718872066
16.941154545473573,26.360765528420274,12.275543428914979,21.00499634722881,18.059294788790442,19.350626143906897,18.789780027159946,18.88136262590298,20.55672393797832
19.81481601475794,23.620182213532665,17.719880892767822,21.145950908485318,20.169561069634653,21.850615290335178,22.098069229088924,21.374615389570884,21.294867251836326
17.8534888774137,26.12051448427853,16.60999880117636,19.22473567356928,20.35078696018967,21.30974953453699,22.1220571459455,20.223114760405924,19.37900781283411
16.53789510063072,21.17925293639113,14.630817132919725,18.700874813394766,18.45342577991839,16.608914326129497,17.423060590774273,17.63737304463538,18.278773825661254
12.968412681640832,28.009658347697716,17.680603386048816,23.178105719272562,20.45107740478491,21.92178401721358,21.501488507367533,20.286514260896038,22.498383723340947
19.584472136856526,22.04394221316036,15.55357941518166,19.58398365725056,18.47036849348978,20.30409102007206,18.48474469664697,17.170783925072403,19.345419754493264
12.476398129844988,22.289320237133783,10.655978866572674,24.596389917053656,15.317344753638961,17.146969667139302,16.916835833962217,17.565828520310372,18.671932670434977
23.80027981844801,20.672036833687944,16.23529323682496,21.483319781159466,20.793851343579036,20.637366044873144,20.1614874660316,19.049714485949863,20.537193604469792
20.412198764672517,25.422252388182137,13.454499333184572,16.528814906075887,20.819829604265045,19.545229917862713,19.63912403563513,17.15891732152713,19.92808224920376
12.712242502675348,19.894005916935434,18.92659228644369,17.011463904520255,15.279555726239277,16.740954125778558,16.061162858304623,19.045892010307544,17.587287521179697
18.453954614750682,26.88215688599034,15.37586096703738,16.09014077418288,19.52308827210544,19.2042681461667,20.75049253749456,19.568137471548813,18.20431852061027
16.239217972047083,16.339254296419966,22.446525896564207,23.870192087802863,17.681044136426006,20.408426308716848,20.66166982058156,19.79607402520194,20.56728517815541
21.5958725520959,16.505418726359032,24.415464269071464,17.37979618821779,21.152795966746513,19.575576409860435,20.63565313936493,20.230364958660132,20.70166111346855
26.70225223011572,25.43713377563252,20.717525492047624,15.80610881280147,24.56441776509016,23.323569548149788,21.871940411646644,20.353289648500997,22.723382882679527
10.624137651771278,21.557278927084937,11.79589527206672,20.279112164507282,16.007647370747986,17.49157466385097,16.893593593714293,16.490869950775657,15.900463842940887
20.575130395737087,19.73054291923436,24.020783995516158,18.611331574509986,22.15318296485243,22.10636231045504,17.81708435994633,18.929057005003884,21.735296231828954
19.199336022166797,26.450288662377297,24.30288180149506,20.178274050300654,22.187574677819903,25.08127775682465,22.973596497577454,21.52378828533758,21.028991808298052
23.356700382252328,18.96369292956958,18.075162045231764,26.559255615575374,20.115339847522012,21.00411540971483,21.898824810820006,21.20875519386606,22.39230584118998
21.065983141188447,20.99899372849815,23.29170464134213,22.65228322371544,20.468697007817774,22.208063857901923,20.116025618468147,23.20487908777527,22.08502209205595
16.240153341305906,28.996139750355795,15.793299447813288,19.108042217207625,18.42625980785368,20.827133918916072,20.440661671902824,19.548266465942927,20.733719449614078
18.40473032166691,29.69571172905325,10.535016260601642,13.366306463175967,19.255472716154475,18.363027828874305,18.591332919500516,16.67502089422849,16.610981406531838
16.019870715982556,29.861991051351637,14.958862245513625,17.00015001116546,19.674110437186048,20.592439108590828,17.60648576116914,18.85528356111066,19.111272020425893
25.38003569299299,20.589371115330444,24.917203464179025,21.844184410181214,24.284238152455305,21.385612365475694,21.995927253018834,24.45230407483548,22.7762479027956
20.10655824335971,28.15351452492235,12.035680305554106,14.315835841352735,20.344311517243295,19.146142654777947,20.717286380648176,18.23626915278009,18.474009859574576
29.50595342876504,17.25523586115661,17.99808512772598,27.563881185321414,22.84462882958773,20.612526569599172,22.89443535463979,21.109578034629145,24.563907933113473
19.696695930926897,17.465485626389693,18.136575573360847,19.057666250542194,18.535407073853467,17.468867518611404,19.564731904803295,19.31834216266518,17.46829455371265
16.457966165447687,10.247720736878195,15.948103024128752,19.19539357283794,13.727689165637313,15.722308886989122,16.58909779911282,16.341319593890347,17.199233133559865
12.431428036935865,30.364341009492648,16.22591360065154,16.33341922816809,19.985804731320542,19.53092959761503,19.232712282807306,21.211070359386632,18.375336444559046
10.984301618720275,17.68010075461961,18.28899653694481,20.986951027102872,14.668329721163735,17.882594191349764,18.00232883553617,17.44829921669062,15.92659923272884
12.079320284972551,21.3673371012647,15.75135063226109,14.367992773911073,14.689067376275862,16.204292328233333,13.778611839937636,15.975602002796137,15.016752261536817
21.335633255057417,17.44837829035858,12.311766011328276,27.65957035640583,19.81495899374425,19.83349032918986,19.45830756660687,17.81354286171465,22.144786416937524
22.54362511614967,25.4758262416507,18.860127771773826,24.269405218608046,23.433328203534497,22.4243115653576,19.70664735987163,21.201464202135053,23.326950839385376
12.094046489839332,20.1218316964133,22.29346632977989,22.937185780788184,15.902894570335508,17.775917372420334,17.615538909637927,21.417877276060107,18.02754954290987
24.475191570380577,15.475915547835253,21.478290074613685,13.438283976840761,20.92733933981984,18.89434937819022,18.17090579543262,18.371046910041922,17.981378694825104
17.5846947415828,24.208312820930303,14.761058130440754,19.821653081831002,18.489156038089405,17.003221004391527,18.428545254700033,18.99250230897812,19.640570519762967
20.733965059927748,14.831349875948858,12.995088338489296,23.83634559205602,17.3515386860953,15.809272692195792,18.14059750574796,17.908359221644137,19.68117627961404
28.061103141277123,17.812971373422542,16.863248471380885,21.372421597430957,22.265244630250823,19.406624372184073,21.006785634274888,19.290091703769452,22.12816682687789
24.48419657932766,11.465554426869595,24.271166039182656,14.9915635814649,20.173359408391786,17.608458694203996,18.936862586692435,18.704926964721054,18.698608911301932
18.657346760470837,14.880209439011967,20.58239231583818,16.399624978765377,18.12892167162363,17.105124069886003,17.804603022152268,17.023822251342448,18.419295393702583
15.544038872923563,22.89264584860239,20.815858707176936,17.192255447976038,18.917988259077127,18.61774240738261,19.444122443772702,18.915798869991825,18.25069825896205
9.240922993353475,12.177319809485377,21.55942780714198,16.58624866204557,12.895432238904046,13.880505952482341,13.93193514059464,16.902400206144947,13.64080962800028
16.4042334037879,14.594271376891422,19.683066250074347,25.11511534284123,17.800320252447026,20.128906782256333,18.224379274034924,20.164068360481263,20.89788670911251
18.944348805861527,21.98815541933596,18.482434190454313,11.315947444706975,18.883879893362728,17.51509158665889,17.645843405794942,17.79061176563575,17.661002941359328
15.06410236424408,19.281965519534737,20.64922758659187,21.623676558635346,19.907798233865886,17.08614606326647,19.133400056578584,20.718458002350882,18.20778138634594
19.343715164538477,31.960183179796545,15.815335583127922,13.830786500286194,22.45809579637846,20.606637588833014,19.155577741640986,20.358855101315918,19.64170948871047
20.384259414793842,31.169482730121878,12.342147954534717,15.154994050195729,20.56506195589026,19.036608840367343,20.844280418424592,16.782991791878796,19.39139661942847
18.875720090959607,17.66038768624423,20.891987738497292,10.96106653252513,17.64530859183543,16.648102324826592,17.82209118960739,16.832179190857193,16.311593578646704
16.7499870958827,24.78568809201741,22.9509524229969,16.803782275364537,20.454462155353966,21.74208851010622,19.46288578620226,19.968347423602104,19.847008791806015
20.84327335983364,25.746412784397258,13.527072242575874,25.042926606156854,22.57037150345395,20.51112788250482,21.081555235324224,21.43460384110229,20.692029334234267
22.209703247847045,19.012605709877985,21.287685929663603,20.059296969859112,22.262234904132985,19.391290934185825,22.651862615109053,20.053881041387054,21.614398525788427
14.54800461278577,14.522292317508981,24.72306285355276,14.206553812003612,16.145022771912355,17.970771746233645,17.160555436797065,19.6654776622472,16.46927738874551
27.05466189873135,21.938507753459714,17.991015192971517,23.06859069751725,22.37484497728704,23.15344823378818,22.908879840870025,22.66293716073492,21.413426045032708
19.507059338578692,21.135771625929447,14.727991261033015,23.925217054274743,18.4201775396382,19.982456307299273,19.215074268822843,19.66005884320017,19.9742832893291
20.094248114724238,19.821177515146903,18.49207469410702,19.41618592415634,19.876514788886585,16.94250689890187,19.142809453505283,19.488404797116544,18.899914175669505
23.541072116282784,24.211584340822426,15.797864127197194,27.13899663261036,24.857160946677812,21.023858787787503,24.18370529001159,21.695913865939332,20.215504013703047
21.166080656317508,18.246351964972007,15.533079560174393,22.286256498498457,19.814673518158433,18.87174541914332,19.421236597283126,18.347881196079026,19.635773237091083
24.765683169566223,16.240012262104287,19.73273626908617,21.730610029170354,19.303972676508035,19.846783793840437,20.546332213608874,19.699463521934987,22.180215510603567
21.43562082600912,22.545414851749157,11.585082099880418,15.786485171334839,18.50753361979196,17.356295131018467,17.845791823179848,15.875206720589055,17.88491620256032
16.93781312679781,23.929850462844378,12.224284310031091,21.509593942485363,17.925982443982278,17.55296515287844,21.19576824895485,19.646721702485802,19.473193130484027
21.80751762603051,16.116775280499734,18.07716352149577,19.86716511041797,18.338186329788172,17.187534104810908,19.00696288775888,17.55326654546052,19.349687598710315
14.281368963396691,26.640453054955405,17.910765844350276,21.079316010684106,19.006874446849544,22.445284382420883,19.147899269133017,20.448937872052085,19.06207848129334
20.542798528882617,13.14759431111961,19.374218308159744,16.26165752343468,18.03180197988429,17.144545949386178,16.676216266283923,18.023289259593884,16.814097860374275
19.833850046777695,19.109432706421785,25.500901553933552,19.512395537435946,21.399770864490566,21.894471183816744,21.76990096353035,21.574974987423975,19.443145772948416
18.959415713637302,20.709957319011956,18.418056144303286,15.732553999140167,20.14538360084983,18.683049155133876,17.026514667376404,18.541004063871064,19.15895903269243
19.357312442805345,18.81888143674035,20.392688601339177,10.411471600135872,19.032476861472844,17.76357651865009,17.695671501719413,15.475422639521597,17.50369792975742
10.590754772511804,19.174697632244037,14.097868257541473,22.993218274313534,13.15345643728874,16.636460976491435,15.990317206503269,18.75617093532582,16.45141340153721
17.256375461295193,31.35537241154057,21.07175065406615,12.990444073241932,20.765251858586357,20.657054967515005,18.809716093583955,21.453694223477765,17.535205060275644
20.464224505705573,17.745579554805506,15.894436539557288,19.428745859129663,18.473031525689116,16.556109443241635,17.403174397885913,17.683510835719826,19.167978281364665
20.799281959987002,34.20610861235957,18.28568333032437,20.332008517796158,24.419162741314643,24.360021052106806,23.433304414795433,21.455189940634142,21.932968451996857
14.86162429537021,24.185633898655258,17.564605499723353,20.30625206345222,19.60530455391081,19.746489498549234,20.624696332793075,20.233905175779988,19.044293160817766
26.328539204323505,22.46027568655996,22.131896939656123,17.867683705607,23.525830322406087,23.155177268310634,23.110428295983287,20.18985347898683,20.636054476126574
15.669125758927496,24.38120176693833,12.760093782500002,20.084845901119895,18.193221434128162,19.028543823483,17.930126576200678,16.568020146706782,18.24644959286564
24.847286002633684,34.64963874625976,8.867045461539842,20.88386827914065,24.433399308292493,21.392723925945074,23.284146692211582,19.173025526804768,22.29136604503304
22.135971809358423,17.03203498034276,17.146269211648303,21.93985926300794,19.33221724769545,20.20124878099246,19.2067539868503,20.57851120755411,17.64869297045604
16.768863450780984,16.397910405318054,19.874125027620497,25.93376535753705,18.282005183063426,20.18716358669969,18.27715447556826,21.326829900386343,21.683154423519518
28.87655446304756,18.225669017140394,18.60907750323,19.936776605992822,23.85964783061818,21.503931739776526,21.43310703298537,19.310458062833398,21.685254143541098
14.0318158412176,22.160715734822805,22.928816949655644,19.256195380070807,18.68841308608809,22.433788841580025,18.08845198143493,19.10161218345432,18.745037821061675
24.595770868050007,13.371144375937133,19.749490696718674,15.373084138599623,19.306645486420553,19.973920285634854,19.063780827311422,17.6870478958916,19.149460487689357
25.002911590214893,22.11169619659304,15.744606672560561,20.74378529559735,21.82438795436853,21.196144004463417,21.70663002774834,19.69503044194513,21.24460204138346
16.646898954616777,30.46773566706836,8.698319383441278,21.669532412562276,21.00347121370287,19.978299994426234,18.490651664891914,17.66564442443174,19.692120406891778
26.962326500321645,22.757036953123887,17.050751063219128,18.23078726287349,21.737217298167558,22.06261433931161,21.3958229517102,21.34356832503832,20.375109145209798
18.749767427005235,20.536572705123614,22.111836009031194,21.17845001673615,21.97693788061023,20.196212333324347,20.780205773665486,21.04863380275012,20.365965417115394
21.443468146399287,18.90919775658186,16.43180886933154,17.829935225802632,18.143120027465333,17.887153404623355,19.52556588129607,15.56577010725394,16.94090515074889
21.301609193856102,26.49255852275782,18.113281054711056,21.683970608355697,21.60524424481981,22.652289240774934,20.65278659093632,20.77203667015192,21.57919468696803
19.32845629264726,17.87083613380976,19.685441017226836,22.650409256118973,20.039500755974416,18.806180165936652,20.483273198518887,20.630956618300537,21.549982981297187
24.05404136579891,31.23197960299624,13.938830503000737,22.594511466921944,25.06874436998445,23.47372308386652,21.638071483673947,21.39258300720799,21.522741350021857
23.967443602761065,31.666798738571785,20.49294358655527,19.471377304565202,23.729244493445048,24.49251904553956,24.6768295457862,22.592016447747103,23.112846451663668
11.257340133809096,23.283753993308938,24.54848716000682,14.840127393531795,16.789070559623777,18.712975746870786,19.54512457149731,19.711699708032143,15.271757082469502
26.521701214390763,21.942424559616775,17.308746592426374,16.552347789432716,22.586234760541732,20.416027656665943,19.911713645326767,16.93023512236456,20.78039571199446
11.687540059821629,27.153299041207795,13.483742312670792,21.380629295538913,20.000236516142834,20.1098278693741,19.64543154385132,18.492870284175247,18.514033674013177
25.162731021708286,27.473992511136625,17.733595891912106,28.79524922296091,25.979797043701495,24.4362430205023,23.217359198910692,23.404461951972305,25.612387496340112
25.633525684137915,17.97004134470292,9.102463565564525,17.637116913871672,18.980530031934308,16.86242764030013,18.68537032227981,15.338731219785148,17.79382568670856
14.54516784892401,19.36722433431649,19.347613055906464,20.82335071355256,15.160962984325344,19.0171402084668,19.95929522633752,19.805301362204343,16.209353273035294
17.945928560227077,15.388262826583523,19.809097510594317,16.775789770082387,17.515891485614148,17.96274029010685,17.825584861023355,19.069689728646495,16.214428687473255
14.47147665757032,24.045324691670285,24.702545175382248,15.104131823003597,19.81540709155258,20.20864219014935,19.385343805877252,19.712905119831195,19.878732046921595
18.925394848556323,25.333139417284453,17.2240208297335,16.29473654569055,19.861682444040817,20.16143540092181,19.756742730416132,17.443214509397375,19.956450555781856
18.459828579071292,15.250371810693636,19.633941352585882,10.670112093189314,16.10211846412612,15.242211723845244,15.399805090153906,15.376700657912604,15.624505386523749
23.898302661346698,19.724005475919206,14.554847590456395,24.413740251631005,20.988031510890206,19.146993445674333,23.27235067400107,18.745099227934062,21.511676701792997
26.55154373059804,15.263730412093254,16.574291517899685,10.079478988341545,18.58028162438732,16.206462014710176,16.53072987179884,14.536051184424517,16.32929243636807
26.97841905394978,17.506000948780812,11.899258253351208,17.944687078397468,22.08993692553287,18.275961676743165,19.899492503277134,17.787057960879118,20.648616584041267
17.18915986710849,24.755085301131498,17.220841514867057,14.287488418599782,20.691851479550053,19.048340529497498,17.621916358002565,17.9929320500022,17.119030326651234
18.95389063127736,18.3325896666086,16.77876338592574,15.462479138551181,18.641246375126553,17.28232029248206,18.978738985094367,18.884549555013187,17.78445730436702
11.582809038895249,20.49587021983851,19.196799064355584,24.50609063895467,17.16156412739555,19.8163507104135,20.957720822266175,20.2849313422611,17.437302426257443
15.970649667519055,13.863441360263423,15.505612478669443,19.804267960125568,14.968677480219533,16.34456175995112,16.671983677663714,15.341402169244079,16.428079347737004
24.824258165487286,22.934951048623322,18.33338140390037,15.138415363273198,21.969919213998402,20.083057661526333,20.594408763888193,18.136118612617732,21.490905821113945
28.07791411774116,21.778633400776755,16.666479777569336,16.641931470013958,24.401541905052028,19.442272228235037,19.834660666740724,19.847144791005345,20.15804321447587
13.82825564060039,18.35520374983419,16.674002446801943,15.938075118231657,16.835125440810593,15.642319209530495,15.12321662929876,15.37103809125663,16.685097887680513
17.037678704235528,21.05492851158763,18.32144930385212,18.825817311684478,18.88211390558583,17.518803082423034,19.107883063005566,19.448955132051147,17.553558195678786
19.867971215205365,22.901474402517223,18.162091769268038,19.69156673915077,21.343180168773596,20.37154699255763,21.61396850871647,19.382646202323766,19.178663589396216
21.400805794098034,17.92565925545328,21.044696156206555,26.58229909291424,21.35079989818876,20.42558881844673,21.190162585518998,21.187955048192592,22.180027274212645
15.95198240039177,14.618687279991104,17.51742786348066,11.334796936009173,15.79964195033796,14.602867428337849,17.063652837762362,16.312865654380637,15.584896941928568
22.120305222320447,31.027872163434076,16.600458603507988,18.86075074096819,24.343213791748354,22.357119742111486,21.542200742927836,20.127447582292493,21.52179730004382
17.63080326464542,18.833636476448635,17.276770219651095,17.737729229861912,18.448566860533923,18.950823699062074,18.099126738401736,16.934263453972914,18.451216371713556
19.927738645608603,21.516199484065552,15.14134353263603,22.78619411086713,20.591394891180403,20.46884005462244,20.074885409697984,19.109516328135697,21.289823713019622
22.7314212400185,27.054198675101567,16.560355625733315,20.419272472713573,22.7242135205904,21.659796561542905,21.58977762815622,19.9256681582877,20.89697039007783
20.032111349054688,39.64527593785242,26.124634852292925,21.361448832459782,27.01337335149206,29.275188762746797,24.747040226588723,29.005540813730924,24.046884616823338
17.818070547367157,15.777567750555672,14.349284957216533,20.38034474406033,16.220227131022753,14.665390361296302,16.462243899369028,17.85149530432814,17.129379637597587
19.451950980370846,24.24913606863255,16.88537466448276,15.272035498865842,19.292490090050283,21.162371065548445,19.16426359539087,17.540090404761287,19.91718659112521
19.558185203973323,18.46223857352947,16.45004534692124,23.845061985972052,17.43129047918809,19.846834328428873,19.482897681618805,18.906465858404907,19.190773828298923
18.14994485058936,19.306048477116445,17.0113135510224,22.194019618462676,17.76151720860976,19.06680478727199,19.801534283700505,17.11948721136225,20.381611484984127
18.706019686664487,18.39893989496605,16.67504276448642,22.66211916689897,17.66245678316061,17.904462887796367,19.867366290245837,19.156446454615367,19.16273765722994
27.993235852523583,16.371725160997073,19.116960404883997,24.05620068202866,21.830478842504185,20.618425610544307,21.644452063929418,20.190253641075163,24.468780156765806
22.804597239706194,21.793543191076694,11.159299594432824,20.67070040260784,21.521076022991124,19.190263259693705,18.144604734640442,17.392109702901376,21.878579903284734
18.522598409854197,14.627486564758822,22.148685890128018,24.92396961646997,18.561857517488146,20.354244725262298,21.60400282568617,19.148148300025152,21.420667412676618
23.484772022553678,26.734037832559352,20.53033119856879,20.510558287146566,23.813009117102002,23.64677014186928,21.459462504691444,22.033828398349783,21.004870087759144
18.33090255121995,22.275014680166873,13.02851365574746,18.123765647901564,18.706264364989615,17.153495406232143,17.344241910326815,18.635299654058315,15.59387753504139
25.865623187933206,24.1121748645072,8.923690908190395,18.973584358066542,22.849579264812544,17.94875352799402,18.618808405700534,16.72469012362321,20.12011264799853
21.84821096099047,19.669056940268884,14.091711415434396,18.904624927455533,18.77322078846399,18.474002928752693,19.37485868283943,16.6520223415127,19.884654445797732
19.463489279978855,20.163980328941257,17.02933415429151,16.922434711637827,18.710178032437938,19.20503310106464,19.711831593192954,17.84714234408427,18.855450099786744
22.238584629051388,23.43781952583664,28.3211675947631,25.52755539348088,24.03756939589807,25.084108990191236,24.70758841027206,25.833907287835885,23.958046488472355
12.145619239657503,16.179746837970875,20.173027859897093,20.185181462014672,16.901830321209918,18.85347679657999,17.400670610219947,20.767110014879453,15.483809458005414
14.366162655450974,20.21004782793332,10.76964140327417,19.378953903331627,17.245408775302838,16.07606754330888,16.60997326848667,15.26732663422023,17.249263775307927
14.030374968004722,17.70193243060773,15.241377980396225,20.553097019705735,16.50089883412797,16.798978877010292,18.685699698267467,16.002610977769372,18.82230213148188
20.714715473818533,17.547155947044928,17.787150254908067,30.919418066948587,21.432314205379242,21.597678559931992,19.96853649346685,21.99304643306608,21.8870454440936
28.66257499742546,11.450808796871792,19.014734217192387,14.473103245601362,20.328190802499325,18.986028690416656,19.144527213399677,17.299777157513567,19.859024722807494
31.15650073096316,28.696632947399998,12.74100455875831,15.619845953134897,25.009172436053593,20.43730532886256,22.430020795503594,19.199628238374267,24.923365548155633
23.190255507203787,18.567306234231154,17.460039088091754,13.477715930212014,20.864797570376034,17.023786176144434,17.80298966468886,17.815579062098305,18.016140093151876
22.504222374722286,27.816880275817752,15.129443449557836,18.069603046258056,22.667219702405408,20.685400764064706,21.20626402230928,21.241982671846124,20.59192669827111
10.994711329236305,27.34396160697146,13.584965749590733,19.98207377330944,16.58074287512747,21.63297701206647,18.7172570906069,17.40120818447451,18.038553041254577
17.28663100132989,15.570001467417532,19.038382586795816,17.13870992663569,18.104621288904298,17.006114839316187,17.841593958027538,16.913079662147346,16.964927589491953
16.061081240458805,16.55794382163577,21.09550869377129,16.84109280739292,17.086534031147522,17.754687621181894,19.797407246730995,16.55409173094478,18.740575703676047
16.89576200874442,34.80251479677842,21.36416510784648,19.569619466512528,23.098030688027634,24.761432196246776,23.285496932764143,23.728284810038197,21.768942997687816
19.159280907076052,30.754629709635715,20.297545404535505,16.99156870068121,23.54177159489607,23.52275135861629,21.82766136377245,20.39602843921417,21.024640870060534
17.639547111514364,21.84240743335948,16.01052186743895,20.24070330873135,18.745883638129605,19.101713990743427,18.751996144591264,19.50062021733294,17.49221656533416
10.103500948121061,23.286865532086747,20.858199045854022,23.456937386970417,17.933752122782582,21.119954535440783,19.979354565403952,20.556449122076344,18.661560899493367
23.73955128058767,18.845767985264057,19.23621775241715,21.708121879203226,21.829546230288837,19.320159170236625,20.85035646288208,22.07599036159977,20.243119436038754
14.636284871300967,24.1617635710017,18.53576753180805,22.52405338866081,18.279658785776203,19.475238558092556,19.97767648575765,19.03399734167183,20.033671696450547
21.196234320555746,18.414090496387644,15.553227513192807,23.34367364602688,19.832584309062046,20.2606639467703,19.644636354047027,20.049760133770988,18.491203803702636
30.370413348749867,11.838231178508076,16.01249549063389,20.13131264047481,22.264738160488253,18.466506313371,19.453504595101567,18.752922121785385,21.70055072516435
15.403077042067883,15.392221067444744,18.295547744498215,18.365435895827595,15.318083131803368,15.59758262615332,16.2553976353072,17.97317822270752,15.99693460933645
7.348562386268352,22.105463739252937,27.759497867942006,15.910987716467218,17.16397131034957,18.288860571088385,18.699234465679538,19.915780749606853,18.734986052454772
18.569978890599447,16.34466382248706,19.20496992036556,17.435287345457116,17.086445687024433,17.055002564722397,17.603677429710675,18.56965564564927,19.282264012772984
25.504798174992857,21.663612675432326,15.555245990998856,16.905257869292424,22.523975741596253,19.649794350944326,20.520908180499557,18.303752850569726,20.70243401539465
29.791737271102967,16.626694802835686,14.67044222012223,21.926689306483645,23.043366307714475,20.200205992131487,20.864658529064133,16.920440157258753,20.2369655465948
13.852252027737915,18.088230387490032,16.032933549375187,20.387130218376786,15.858347318805794,16.755165630338364,16.703561669415933,19.09045675526957,16.468158602939923
22.483496116182607,26.265826532065958,26.70917379019626,21.787031450857206,26.603312961408662,25.131604799326144,25.87621237736057,24.375682453450125,22.979869041096826
17.673447716099734,23.237402738200522,16.402973416216152,14.358652575599393,19.863685157840507,17.86146641797121,17.815806525981976,18.764828154440742,16.76657888807072
19.47025822847932,21.951677893433263,21.627482138441138,24.726997936964317,21.878731865942537,23.137119444267963,22.566927063891317,22.338792187898353,23.55179439187112
33.221716735085174,26.394819865353256,16.496287018114575,17.29207851397295,26.886208804766394,25.521931209424327,22.65124262713939,21.369600071315624,23.579716160380126
12.485148358024233,24.403042966736738,19.044738165118513,14.599933431701348,18.567840118630777,18.05873796541727,15.607676399264028,17.2674736129673,16.15721694494011
21.268698307472867,29.232816456256838,21.16698109603489,17.24312894071275,22.23939096590029,23.302237526123587,21.66090703244229,21.82759919695492,20.885598204654787
22.338465858827167,19.700703688424298,15.712388600760304,28.935063970350033,21.076189165706246,21.277044476740933,19.534206823190654,21.283403948104386,21.9328396525639
25.428931624696737,19.85182510736246,15.435553383388921,17.44913253403373,21.34233449754592,19.300521805231433,19.304497795551214,17.59861827011522,20.453514438521808
20.48991576735448,15.494453668043274,24.63547877782132,17.699614114116297,19.141223511028105,20.330136655394828,21.0485125963729,19.442735241792853,17.8557550665199
21.54025269752051,19.8550964131379,21.938371579583187,18.231581277481297,21.24825771605831,20.97122838179651,19.486040469854075,17.303066836617862,20.38842240098405
18.041757162891045,26.82384947151223,21.16268927476291,18.405518466274177,22.568641708624092,21.214363179330693,19.002409736265903,20.309917451885383,20.955037270969687
21.345634706225535,28.49993686131067,21.149105172491655,15.874095736794983,22.48369646129534,23.65520447136749,23.217450110218238,21.756930746495584,19.36036287914921
18.28403862251295,26.80152584043334,19.83830195324426,19.57285233282452,21.224594524695178,21.76499277665755,20.648824923929517,19.60065596259286,19.267505920162257
23.107859449280255,13.029040667252819,26.07110325270026,23.302379632793322,19.87572929785339,20.627290572570278,21.361857368337976,21.147615629468074,21.695393165293716
18.15194831978183,27.415726063303673,18.17563320750863,20.257157261914827,19.35935050478625,23.802431421430423,21.788396182258317,19.210877697852112,22.08198617604936
21.885501969510933,12.807406883639647,20.30904946880368,14.555338804400058,18.892698807617517,17.1068916833596,17.912497046577727,17.44914111883107,18.758271626808003
19.853685931575107,26.490586620611737,12.19634828562395,17.622616380265168,20.06444785912562,19.35628477566251,19.79132172413086,16.555403560515728,18.37180789339857
25.63025125386084,20.161077367144724,14.700157253635037,16.79389039959348,20.9674236195269,19.11863906150513,20.221773058103945,18.733813597347226,21.108777854527037
19.74303138205757,25.51266656966928,13.196724000659838,19.211757872939206,19.12475949297617,19.27388041114688,17.66993032374202,18.853673121404587,19.108688190113625
11.134837658965592,15.33775826052717,23.096254334064596,24.321806686249268,15.921190548146042,19.07019735246452,17.05831649481164,20.916203221453575,17.9955889524492
26.309607503569957,27.855838163530734,7.789839391917001,18.404468815916466,23.37560299964437,18.791518621439977,21.26110813136238,17.143354451180738,20.637373909649064
15.471338495686904,14.675126269475555,16.39075990898911,18.647380524518436,15.734784650146555,16.740053044103522,15.514412156575817,15.869729151765275,17.28825785489356
16.7311683067559,18.657725445734112,6.025173589357509,26.11057927527772,16.13506135987728,14.214865198541782,16.208515809317753,14.88521251215399,17.180105886476294
17.02169352978254,17.009526861154825,14.67484841807244,22.50482396668664,17.304515828406036,16.11254633180489,16.539880671759796,18.4364878290262,17.796781005953633
26.872190465854086,13.228575735887505,16.036204201072536,21.29632512842614,18.817940131758554,20.23886164711257,18.953375993462586,19.049705436356806,19.055343055515163
9.321628930106522,22.47263783794234,23.539484375176176,26.832526461207102,18.48651290868361,19.778287715476495,20.192253337423562,23.594504520945268,20.39969757436155
35.688742668299966,31.030445589184808,19.58651175688583,20.959245019176052,28.34265948245437,24.554725889279535,25.878775570701507,23.426758936750705,28.051126965419854
25.28028404533026,35.33452611160004,14.667433906684135,11.05389143208991,23.811731794878913,21.036006931903103,20.530951129050344,18.386752541633378,21.895269420231934
21.1161945706458,22.485778935431238,22.263854878927305,22.330663031521443,20.828834018818135,23.854318933937744,22.367785946307148,21.28175932337316,20.61740355456171
19.725529996918567,27.58340637533761,18.07132901811903,12.631966171525399,20.86747136551451,18.37605811145307,18.69538862358672,19.275609570722494,18.455299434943978
21.427770374288286,23.160473189642687,18.150267434829008,20.80802147432979,20.877653037469045,19.884566374473575,20.280320861294182,18.315929529547606,22.178353603818962
22.605612141896692,24.494415973841065,13.189313968912032,12.14502570348304,20.241709974733453,16.797054067584888,15.922313600259127,13.874441402710572,18.194106514992864
23.226077929750286,20.289256744363804,14.039945144387442,17.132578358400323,18.993198900150336,18.096362627165487,20.61016478675649,15.131351334672019,19.007542015215254
22.778022330017244,22.975384627113012,14.699610800217902,17.544861881560514,21.703727988646808,18.93105457233409,20.44129393920187,15.873492760285314,19.642397541298926
20.447903406276243,24.687393523032142,18.18584509261676,15.919523571072986,21.64852836377712,19.654700473437483,19.31536034492259,20.389605055100798,20.02633436317755
19.01330789846337,19.107701355618342,18.3115429079227,17.6045920112352,18.58658783588719,20.40548706040716,17.61020510765218,19.11567119107992,18.755134757421796
19.243633581732443,21.61252850053506,24.176370654096182,23.13024688144221,20.851144085229016,21.012370521386757,22.051583701684603,21.65789478266834,21.29455804657773
19.025458598236597,21.70784940501256,19.54022067175134,16.144188351361787,19.065643736939656,19.306162633231736,19.087895666992917,18.797527608247798,19.681567616318198
25.668850484335323,26.132016586652625,7.169737225311568,21.180563518042163,21.34900397158577,19.69901019038549,18.76182538407077,18.4811426851497,19.512289913369315
22.967783611404307,16.669839141861598,19.050567951486762,15.137401441570798,18.111673692823455,17.356949876527384,15.905861807658505,18.29239242349112,19.897761358674202
5.298056826678598,21.742288956961744,12.19993457532987,18.242001694431483,11.946489190057244,15.377268745156103,13.844494605833754,17.345214080492408,12.95450805095072
23.279503882648804,31.560027345263485,14.136116301553855,20.2953570653098,24.496689115465283,22.024004789083616,20.754376617794474,20.268743363439242,22.759576955792024
20.973680973593876,27.820300762929687,14.75132211309468,15.013886333525761,21.489028160363837,20.343309390421094,19.811177492509543,17.410964048868358,19.145831816377758
19.90645621777051,28.745895244443524,15.346646705950793,13.753118268357241,22.665266714443675,19.85167823081819,19.61611067579119,16.923309666866132,18.440002935777525
18.05740773455557,22.12215920089017,12.499402431838789,20.96751260231555,18.157047450519272,16.14092133162661,17.43840779405811,17.543832022863217,19.98935935020695
25.620563599930065,23.604987818430114,18.81392801380915,23.492321597362555,23.08022632089228,23.854350501896047,22.34836598972752,22.792385999998423,23.960554836729987
24.737632310614288,27.011180833514626,12.356790859636163,18.68373992205051,21.93024041388874,22.565124269832268,22.46037767343198,18.52296275150326,20.841054678197583
16.135611660881956,29.801277647654654,19.426670428999387,17.170748373773183,20.677872398608205,21.252902247992424,21.408705554098255,20.13751437970782,21.58266900538511
22.035261435622676,12.241985435585567,26.94788430824652,19.622701550753547,19.1785932085028,19.190601468558267,19.759705411843175,22.574407854521265,21.315112037728507
15.141716327293569,15.422793464750772,12.682563764263744,19.22191967506152,15.413217505388761,16.810347090351062,17.90920763477838,15.96722383003647,15.124684981574989
13.101909176055347,28.54722050701324,16.86195878264311,19.971610162845007,19.203586662487645,22.12784055754445,18.42373724516753,19.642465084299022,16.743543364521656
16.866413877050174,20.61555322115598,7.9061705499501205,8.887019598745143,14.89125308519313,13.538408414900898,12.756094586908798,10.871734858094717,13.537235295177833
24.311967361913794,18.641396053709613,16.796258828119466,14.723582835336147,21.399964723054815,18.219725888778196,18.50778709906183,17.04061153725014,20.181694090363138
24.765625226880434,15.72919506502198,20.570868610525935,15.619079578252585,22.197673212675518,18.887048966019478,17.640185054793918,19.009220076135495,19.98607484164423
22.565427100486467,19.224916492279455,20.882556925429068,19.60347051404625,22.09708142994226,18.791472658973795,22.359401922688157,19.555241056774946,22.246127689334973
23.625478934239986,14.988153582880877,18.309454921136386,19.743511534489066,20.141003799319833,18.371954766257762,19.34980178189586,17.373361100033957,19.071905993368237
22.58089143557479,32.45547136366238,21.557053699035905,21.544721954736143,25.996650644873203,26.743822084420916,23.744585756352514,23.355270225723476,23.92296486574378
16.792592023885238,21.887819740097132,28.18421814377117,20.030326996841747,22.779674577847977,22.21750650853533,22.171526177553584,23.290398814891205,20.968341676138575
22.159612723369705,21.710247291186413,24.8492187497504,13.797059718450658,22.486788314258376,20.11913977277291,20.775090468987184,22.000106311175387,20.34011616904412
24.002047626138413,24.940383375839158,15.909916282361452,24.78801847034024,22.15853331411414,22.509788736060393,22.10544035454397,20.028616121965808,23.574522542939725
23.771456649067872,26.81172584633285,12.195584054133047,24.087673213689463,22.792257072373108,20.606820144197123,20.50809477398433,20.070774516866262,23.791570606514952
25.944566857373214,26.729440782773196,16.375394333704786,13.967210839892296,23.69470319457475,20.84735395072857,19.31794127790677,18.403094354434337,22.437194554144877
23.541519236005318,27.36810971953786,14.212068937530606,20.33082117749673,21.507819241483357,19.97967289927367,23.549930765085854,19.383907009846638,23.144308624344106
21.757241037707914,18.84577224604572,19.80539019145853,16.618302459027937,19.694605554448202,18.23383326941171,17.903941598450032,20.391891670155985,19.911976648783504
25.350751191582138,20.510665975215694,13.275225842282008,19.55545595680219,22.004482857389657,19.85466822978977,21.370990260821884,17.89514757548018,19.886818017467423
19.8673937037547,25.84515827721138,17.708710269638633,23.21324111856748,19.74007839540018,21.79815430792053,20.813866694677092,20.289672557527666,21.860862587841552
15.59062674386141,19.3630546918019,21.352056218145243,27.520417065283837,17.817191510201972,20.060684647970376,21.74657124731342,23.117367941135374,21.731568085066666
19.18466518028118,21.974466839863876,17.597216508731293,22.00511082057044,19.80975345424661,20.228995335053778,20.655797927442475,20.769020418971404,20.40633753498683
16.275486775967757,23.993818822124073,14.214744709008814,20.179738940440544,18.922942788375845,18.146467493894267,19.331366012181714,17.164960895835666,17.664486101408034
16.62410862512809,25.92592541155188,22.69925623034277,17.640715326766813,19.373711407313127,20.656759113577206,21.454515670687577,20.02657630530329,19.54211186516718
19.27740664642241,13.111595188148994,10.48407622098469,19.728539484044706,15.587321155949128,16.043925046081835,14.038838762562689,15.072771760586397,17.28896012111691
16.037900395000193,25.573728249444727,16.68881977649015,24.439087573313255,21.022719884551417,21.557039554631924,20.008538006087903,20.692820953237376,20.349105372851223
18.4601923518048,20.831379710741373,17.833359906474662,18.821164972961657,19.150930789609717,19.034420500487006,17.618476276277907,18.321405927098187,18.941528302881544
10.531926665231072,25.537288554321904,18.063634633598525,15.455549394609399,17.971328042200774,18.422109505593927,17.58640087278782,19.079067557198087,16.438006077086104
21.066468536864694,25.884658461774144,18.721984224312326,12.521240537933494,20.59639173059893,20.091136603451233,18.22524360809694,17.93646370111052,18.105441908362245
20.006027376811122,30.03957530559579,20.44175927923797,21.052191469641002,22.397937688425696,23.84305340391409,20.90384118074825,22.92244185389115,22.242461843605266
15.914556844659046,28.767268238106016,17.858370243818598,19.989152502510958,21.415466338595284,20.368931755555693,20.39485962073008,21.65964754831862,19.63842324296443
23.296228342162024,28.73285831305148,16.52776687142528,16.416367306950814,23.254804470416584,22.383211418534238,19.034226155909952,19.27308057733367,20.274096537556385
24.68785068813279,29.21835159583119,16.36964262136122,23.10405650282919,23.039383920783177,23.588345541240933,23.603713546759554,19.962430652643537,22.396862021512987
11.96220067815513,23.45689492407973,15.553936791846581,17.31289254244948,15.863184444937447,17.295211821009264,15.813851710754989,16.899973748710085,16.484091080941365
16.18637610716893,22.160925435184197,21.15017329730746,18.461423632700818,20.76358633721182,19.435111536212908,18.649144870010122,20.2386028480624,19.67472976993021
16.15428825106351,26.364085415891672,15.413886082093942,18.933343466808225,18.422497268823204,20.39204873473684,16.935984830806635,19.736809323927538,20.002463910151608
15.300484494455677,25.66040475716511,21.38708443603298,17.596189031447647,20.789679762009165,20.543095146989984,21.636142893583898,19.974659194490176,17.88435220410053
24.147374209658743,20.4546688163087,18.075996329039484,19.943460262998283,20.926708923630134,19.678473342306024,19.192460017523224,21.44220124120611,22.539787164470706
19.030869306135983,24.02411704404134,15.914980772575483,23.606060583732003,20.360009191787963,20.12454555598432,20.280005692073306,18.85689844483792,21.071844019264432
18.677425793446947,21.82451766607703,20.47362886297654,14.430072407526309,19.8506512514932,20.08014824779988,17.05967259004546,18.91526304455593,17.264850042083896
9.980688177966233,17.73033545769972,15.090184301107527,20.954080553896034,12.323839613607918,14.422556472768585,15.103154314286606,16.627270762239185,15.44083673786457
23.17709015104613,28.45230370688175,20.55273616291285,19.688634678425764,22.423220537480827,22.919248021252287,24.719512955840834,23.482945518313812,20.78333965491557
13.803708025732638,22.275996212650448,18.85090448476714,19.615055318178825,18.02230152164666,20.092405547683335,18.93389274559761,17.786801253681915,16.629250739121826
20.299663151331643,32.24354128849426,15.614701243632318,22.48737827949636,22.440298159973153,22.746664273700315,21.937689994428066,21.896403312269776,24.12918595769766
21.386884689790957,13.872538649000838,20.114539261338237,19.197189700868634,19.655723588245767,18.585754983511485,18.6086145955942,18.473937181680437,18.273336955626213
26.803292979193255,19.216106135783168,20.186358902754556,20.92091704762281,21.009391636857323,22.452350481461725,21.221109709651834,22.403510150150616,22.734648400061154
13.455898004404439,22.163194183454358,22.63007842323983,21.863458518284588,19.308934049532496,21.394182739943233,19.935736702518216,20.560738880690042,19.44327037087158
4.902439220895873,27.68690548814457,21.864588049637184,16.982539198477575,14.96199764417259,18.802384972169296,18.60298670832176,20.283540261611083,16.493601960331485
20.919247723768475,23.997346863010925,19.96509608290513,20.196733843255192,21.22749075517278,21.281535644975712,20.93850813832789,20.098261190679796,21.495310198459308
29.002555907554267,23.552363770903757,13.489636195164948,17.996849571157473,22.099965926203605,21.417244987291973,21.230342835120215,18.59369987177225,19.42420100164793
26.19473176469719,16.363681037229263,27.794347952696228,18.469272881120418,24.69522377617014,23.119679113425068,22.44200390658403,22.181365556599413,23.549349328722045
21.048297076373128,16.215293013852644,12.385535155712759,17.711754414086673,16.19269704428623,16.244208623646642,16.51407426770856,15.230398941661523,17.249471088436547
17.541819071839765,23.612523301449524,21.797052697129235,20.884321616387545,20.42626762486634,21.254555284926663,20.223003182031466,19.47336882647119,20.10547693300388
24.035612983186553,15.179470030908208,19.725135267545195,19.326578836073015,18.318934991643275,19.411503647921787,19.04151592282378,19.542067126698377,20.457585076132304
15.132269001477656,19.34061124855336,13.303430510075541,20.5781761372667,18.173164812969436,18.30220224535483,17.78780697587839,15.793935058116814,16.520823096458592
22.381788846781095,24.50458664542929,17.502796244486003,18.929930548417005,22.098926252257332,21.93212486667216,21.612192276253797,18.702514261031578,21.003204366825667
22.527350795833133,17.08837863861612,17.68498845502144,12.5835159501187,19.069776285532917,18.147570181080653,16.333264128628876,14.96417756879195,17.322534315481143
25.3010495374944,30.026779811809032,23.222330863242092,19.125473664398832,27.159780236920497,23.781368566830093,24.15791913484808,22.505986002328747,24.688789205800088
33.79830019455539,28.11968172118945,15.146756398879154,19.254151820627268,27.057413497440166,23.315588432508857,23.326800664710483,21.339194235762456,24.355076928716894
21.962079835893835,14.142900008308498,16.952219974302583,19.97038374861384,18.634755662713058,17.492742037994955,19.056848321495828,18.24796438804268,17.768742826141786
17.455181871462507,17.338143784090065,8.655721579914948,16.625083225257033,15.708893810385867,16.032697661148884,14.547329575401236,14.326671504048582,15.785194467701546
19.87212843904003,10.57111377752525,24.93905117249431,14.218121133337952,18.093442182149364,17.232235008301824,19.601027448170754,17.31551151556335,17.058493337292077
11.15462047555441,18.087043187259333,13.718127027919715,21.498426579577114,14.288987826019957,17.325603298657633,16.332451707474696,16.88443109562105,14.335950913324345
16.52643434455471,25.831942382861996,19.3076434569567,17.905573773863324,19.79795521409482,19.85757870509813,21.074894943782404,19.298377892965426,19.55517589600621
17.95358780943448,19.930525288625716,17.594368681112545,19.684976190739985,19.458298694115463,18.294297033295614,17.776253665674815,19.67943385667392,18.2591042280819
17.379558010327038,24.30398621807984,17.60799613286664,17.874159680446816,19.829407215730658,20.105792349251857,19.303147159515948,19.430213356773674,19.304268413874823
20.76177436016861,14.38832840859128,21.2394479394835,18.97575269690562,18.652429210129963,20.20398502140904,19.457498949657474,18.48582977588659,18.1917607301178
15.887900338088997,25.989876272909527,24.68504984121454,17.20285860825677,19.40889645514633,21.608852494238494,19.908121023295656,22.862218342671884,18.8558293447074
25.605153336622358,19.224453860358253,19.005974679767967,15.127665643384688,22.82140927758508,17.05292449617808,19.761154591843894,19.053440011297806,21.046055700016428
20.001035324590987,22.060848411414526,20.620312070522104,20.89492664307463,20.170769621721867,19.419357135775225,21.946139644601097,19.541873208959412,21.648168669465264
19.953498394306926,21.535627493034735,19.315566146908164,16.58751964709552,20.951190038143633,19.861523256427816,19.02060291241285,17.333435509597987,19.125964553917257
18.36052641743541,15.64225739553858,22.070125695722506,19.655805923579244,18.59224716882625,17.442185368799493,18.08042635349631,18.34161035568742,19.385143408225296
20.775953419294897,16.234578341301088,16.148334482054693,20.64184088760831,17.181155332550187,17.13286988199096,20.253136238037264,19.625578785820718,19.71233552327673
24.125491323338174,26.83897234501713,22.301562217665655,16.652749137587673,25.079751067662926,22.910150411628262,21.307948454255865,20.681330603643374,22.05138935060417
15.664348921445498,23.99496078750848,22.441999462589536,14.18445746250806,19.625614089998997,17.45148210607365,19.22733228689448,21.473704281116298,17.03352767680346
16.709417554623716,27.250245207767133,22.33014803473164,28.70434245541221,23.53064979340422,23.57714418543136,23.040261974796866,23.59703416447772,23.839675969626338
18.481369856116675,23.62329117751259,15.359408530654097,16.888912496218296,19.057899550717178,17.604057825056735,17.65141127626786,16.609367326963973,19.40984632854217
13.270645382633926,22.714953174046084,17.326649463051236,21.493668634404635,18.44149209128516,17.466163876636156,19.443136246237227,20.128768029677758,19.03079611467284
15.903710701392512,13.369946906666167,18.95786795512174,26.757854198280498,15.077300252064239,17.42847299925291,18.54180902870269,20.800387203907764,19.32333627914637
17.618895632276704,20.648166516194152,12.516631820683976,22.15963098741557,17.461081807053525,16.835935899932462,18.6417177045623,18.101890064598383,19.131808698169813
24.37194590356364,21.86307839798128,24.379680832344057,17.798228764689792,21.69046759152636,22.776342920740593,19.848087753519497,22.577261526088826,21.676359316420065
21.312806645009626,31.76553599136287,17.950893865991297,18.731534449859556,23.143331823558537,24.12032396286297,22.943312520017898,20.48258396876959,23.00076351525415
20.967949556837723,25.434783160493385,19.135711550418886,15.669571121044607,21.88352593257749,20.334225697239084,19.58140793538232,20.371910739744038,21.25253572603697
24.25448981083986,29.68030590854764,15.691982241091189,22.526785707830967,23.39238262824743,22.37181576957898,21.159538965919147,21.63633544329788,21.812657732811978
19.313141058003016,24.98768852947364,12.69248976253191,21.265082832234754,20.750411311411938,19.005493264491317,21.449340100348003,18.020097176794327,20.82543724700657
21.952324249644448,18.443483865252603,15.583880458100916,16.94229672695303,18.268367980199038,16.878946384387092,18.831509851482373,17.294790297126006,20.711143542451502
19.48389123533752,22.585621080749256,18.876816750534353,14.831300771606223,20.712972859277258,18.01302785515415,19.171684872236433,19.52627608952849,19.112633503779357
21.326811746998143,23.181118231321165,20.693715251014773,13.715065049345235,22.30506688920712,18.525270951076124,20.978596419409694,19.552761039131344,20.271287029180357
17.08620671194209,17.30422215114659,18.64716616241088,22.946056015216804,19.063314299215655,17.462348081180846,19.243482041567624,17.35434627825257,18.552859949429248
7.805914208617855,20.078063117035395,19.3868960649678,19.481492515822243,14.627124031303772,18.928960106601608,15.889477466467216,19.286638096294535,15.57550701653594
19.32860418906848,20.97116503161414,16.651894501274494,19.859938145331007,17.213710301955487,18.434205291383034,19.027932856339653,19.560471382801325,19.071664991838666
27.113740680499703,30.02809916282559,19.98499426498171,15.70820549655057,26.003912420436304,20.62668879198848,22.530393688022343,21.04438857593239,22.446753222431916
24.631077011207964,11.596297373045108,23.93133146554363,13.145987586782375,19.306950353468377,17.626644632693683,17.82582046632006,18.415444331201105,17.12682124132997
24.826987422955852,28.029092103580215,20.819157769755947,22.85045429884653,23.8100066439649,22.599548769600503,22.873719232925392,23.3840563117273,23.900221110349694
26.18065360903109,17.316023825203086,21.23816755301176,19.168156147988924,21.275238651704196,20.69550430486562,20.005729708008396,18.347524415568337,22.151864253173883
20.443287954807186,15.13960406365193,19.176065597226525,22.62893864023048,20.25172870093161,18.860792562034067,20.241559596647708,19.12968713007675,18.48627812684673
20.986578537027977,27.89971065019232,11.987379721601592,17.456267493937744,19.770307102972826,19.710581955423372,19.91455953949316,17.347455042616314,19.689403772025347
16.91174052282825,25.659490346171907,13.821333877475027,18.052728627852566,19.500392126884346,18.79641501848506,18.10831029105043,17.60869739200969,18.53395619753508
18.41963571986475,28.27259351190595,19.819503202655373,21.853192706482528,22.216810428334416,22.109484395018104,21.063199420764015,21.454393603506926,21.39895210871512
23.07885574885571,26.00350973772788,17.956243792159658,21.929392318602098,22.459395546489556,20.733679550917838,21.836603420528405,21.93274450409902,22.790950567526302
26.019422185844082,32.29922500868701,19.759371545891312,22.190262490743816,26.912969622509426,25.184861829719654,23.38322050482449,22.813485687336822,25.277283965089794
19.302768621595003,24.793619184722427,24.705693671376295,17.819194987589213,23.514496695987773,23.293111167802152,21.781949715745085,23.027113829954825,20.664018806992207
17.749053675742942,21.217613119384207,20.904143996917334,21.45818895060347,19.495581596670053,22.29164874395495,21.277721417654558,21.433284358796207,21.247414830561134
20.002639794282988,23.714631886606714,23.035544822971286,23.436397861906876,21.823013286403054,22.474869216805367,24.91427625150099,24.34874603231181,22.942357065649826
23.006033744645574,28.217345641729818,18.37872555788292,18.580911953273862,23.823518402271343,22.166600554184022,20.94249550181893,22.6036353460829,23.368773066903678
12.78072591933229,18.103123373699415,14.77113729006224,16.946046544903787,16.11030231378057,16.308059871064607,16.55406072795004,17.631417967584703,15.42645528246867
8.51909523431381,18.740557087343095,17.768535363142636,24.370990413267062,14.89290412673505,19.023986424133994,16.642583078818774,17.833114245769146,16.84707966270891
17.247315752542082,20.45519992701046,14.780992745123449,16.382217065794773,17.32453279863049,16.810467754802996,16.08797508256668,16.98701961403924,16.927632327129114
13.896437870429207,11.477086006173339,24.233179827089792,21.51790598845791,13.782480993567674,18.488599838706698,16.652254294181585,19.115918459337472,18.944673201751872
17.459299011763445,22.690392042087733,21.161564306141877,18.766310757920554,19.12177224198558,19.577889592881295,20.16012725590537,23.658826849115925,19.48937716733228
19.26109840591264,12.569356480244869,20.08204998651312,11.633737534061758,15.515718385079767,16.304238118287778,14.955766977989828,16.576993750448803,15.711088287226541
17.733757954884933,22.265296564663096,22.943772808912414,23.514376269914322,21.397909336438712,22.782951833650873,21.007455128300204,23.87456910265417,23.377227265253453
27.262337672353727,26.326448780676248,9.919774341907099,7.968585481810528,21.339780171106,16.62919096106006,17.428885238449638,14.78537840817511,16.47404296520731
21.6337238230116,19.615617696780824,20.352551805370638,11.063487732969564,19.432012367071046,18.00474843982345,17.426377424634246,14.911119877993311,18.159617494202646
21.502371798054142,30.385579350934357,12.75741686278251,21.109320317922688,22.36998166522776,22.42002038400543,20.626087529724277,18.879550858865873,21.350651130023724
23.11103572021701,14.697495502907561,17.970977206137356,21.10828479471246,18.488510389532387,19.260567146214164,16.792788543475126,18.085896052785586,19.54888173905343
14.305834411096154,27.95630340815916,16.753169630131143,16.449680568489857,20.658073956450178,20.59989104771915,18.953200294580945,18.267880867777237,17.215186472324724
25.195558937101342,25.375685282034603,20.64694644838779,19.59128836121298,25.077641196946384,23.61259862524365,22.770041246742633,22.090426338089493,21.97666113559811
19.6211785673227,13.419833758446554,18.912749155843823,8.87427981688798,18.162506150368298,15.057763023212544,14.409665474889755,15.37480094023987,14.607063400992569
23.352403086206063,35.55397149520266,23.380468694447153,21.827901857882395,27.549453838959785,28.915583194107327,26.38907055382294,22.719256203088126,25.836720033705337
14.640713834799222,21.68127357248017,15.592411356269546,19.99890194821439,17.44956195671715,18.24693862598103,19.375232710006518,17.800041660772028,18.699062833247957
12.231206169919679,17.61257988922184,20.836457558533134,18.817428586664818,17.840020108114416,14.688729236499189,17.39799788391915,18.239572072863375,15.22558843261118
24.089448290125144,14.964564026079916,18.64889286759533,19.08336592855109,19.082296854335226,18.43625353946052,20.526825557244095,19.96746288353445,18.47297068846616
21.882047630487584,20.89990986170163,11.45883891971379,20.973016704772128,18.54065248609248,17.809466244477242,21.041585199595904,17.83587191878667,19.876157918039205
15.489742228212448,21.362965638050202,14.32553416590787,18.884393906008555,16.75682129171261,18.3766263353989,20.04618367366504,17.034021666193198,18.082199994454708
15.651684593626527,22.51322764269832,17.400487865911327,11.503777989075118,18.167988769264184,16.95402185392509,15.579058436317824,16.702823354852068,14.66572208064173
25.627173922073847,20.5110192188802,22.44916979956691,27.78532893809009,22.91043699482832,24.669527273386056,22.910109963234092,22.29316479951849,25.490077368806354
14.05294053566336,25.166126550575466,19.854892230228458,23.803203277713806,19.366939965037055,21.63563376932332,20.274860651819562,22.182789283918762,20.347075506508386
28.213364766279817,20.061850836683767,13.329996704477143,13.860221352180687,19.75406733974578,17.432181024570315,18.995073616165193,15.928232810817027,20.047517247051896
15.496896326760655,12.325179413797645,17.43873508781136,17.61945107809364,15.627102145643436,15.412070495842135,17.306717476459404,15.468676101226473,15.035950016002273
23.191959628041914,21.253192521751792,26.07122579517212,18.055863239375835,21.1554697235312,21.671356624285327,22.77030151717637,23.729315596872404,20.449206802037075
18.356907621255075,10.162611733133609,18.444893339363432,23.315398266035853,15.47990400805302,17.10147134606097,16.36666561027449,18.514370746985954,17.914539123963568
23.015937155411716,23.76885315445695,16.690697699710416,10.362924258720929,21.928629909212596,18.032146671841616,17.847945658600672,16.175089773752315,17.84129299222341
17.279429989429037,17.103498848586824,19.966958563024882,17.003966942280844,18.91692837416683,18.05225184033455,17.79646337786488,17.632223130304997,17.378932640093574
19.18603546963853,22.816801774579,21.05357231832788,11.957454226649986,20.300227696106184,19.117504416139354,17.264305969153355,18.856535436846293,17.726924423089862
20.204595876978605,28.57037490762302,16.175326610079765,17.859617936686647,21.949641520498197,20.884329963364063,20.71614729038292,19.850721890734327,22.061293662500674
14.989062721092637,17.25625652366,20.01029909748575,17.109996427660384,16.354601860643985,19.650718895892428,16.152968101415446,18.11670119555812,15.383222345380545
23.704121727100627,27.30628129256059,16.68444201331676,19.31877626953085,22.169395444482664,21.441311364382297,20.102684192069834,19.09772172881219,20.860140009517064
17.433932167642073,19.833052166569235,20.877310407317754,16.580502403963266,18.3947591411301,17.081562598869972,17.734214006903468,17.979614514084876,17.927819187554256
18.857000423299908,30.765974010327927,18.678772631885135,15.995906434437902,20.59428336777684,22.819831508945825,21.48543442988005,19.560861849314744,20.368806451174862
15.028253126957438,20.174236934008935,19.927871308211568,21.478626767052592,18.449457824286892,20.33996435327016,19.55636274504415,19.7562628221452,19.683499515914743
7.1883317060234475,17.797535072466545,14.963265815329983,20.818690963770322,13.337946588400781,13.450704626500887,15.288609806085015,16.467942737250905,15.819628862773406
19.044861186999157,25.436192251976443,14.714854463708562,21.20559337111297,19.378911113535338,19.39450530511986,21.09198897899016,19.07937334017764,21.18186932201719
32.063077108064576,19.82105135188182,21.78198921863758,18.292399638036628,26.525865975162915,22.98781807722258,23.875212563368585,21.25678859897836,23.908705421746166
23.92302143949012,17.79275242935496,17.682414474458025,16.71304567109924,20.721735476891116,19.293966754478838,19.232189845670863,19.918977718854055,17.555832685466562
19.903698101328025,19.610800746481043,19.140138968397444,18.52459007191692,20.21704806935556,19.306215785659816,19.361188822056558,19.975212654956234,17.61430652530461
18.68554585395866,21.776967339084994,16.774418291653923,21.00464828027381,18.97531710362796,19.521279895001456,19.689941646462945,20.423326610504812,20.764625338587237
20.11232946406023,28.71090065622427,21.594907096054577,10.292881196112607,22.00514144328722,20.234196584635036,20.030109423175837,19.943504266470473,20.26535126618819
22.73559557587605,12.329561272702115,15.568760079881368,20.576447721483433,18.591876070473095,14.632056351791256,15.628248435858067,17.212312832841853,19.20929833266951
14.095935923455777,22.115403294752102,17.45759504039647,20.236552749339193,17.940952007921393,20.787904553287103,19.61185659680571,19.296636331870555,17.394076414447813
25.571608473344362,25.124517973270216,21.143971250812527,19.24860362434291,25.521554178685477,21.875921909055563,23.16969816233618,22.040054202231804,22.377240020681633
23.57690657720622,22.96724287495898,22.691870796657064,18.4027463125133,22.495796714536176,22.2701703694932,20.693364194506827,22.356689653740787,21.326854149758184
23.59092862853967,28.549325847167673,15.904962835893267,8.735522456270346,21.55115348613575,19.642728826220953,20.623001561240176,16.076459436877478,17.56406173505373
22.192378694048635,21.62827335120738,25.83873592782353,17.240586947598377,22.891492239777637,23.023893464312224,21.135013861956708,22.777310089671694,21.582340182232212
20.09808328846995,21.077242789070276,19.252966774774464,26.157754844309494,19.56412771920839,21.46512770919147,21.538742921497423,21.940828718640986,24.098263000564415
23.3643061798341,24.961647735066716,13.82828695276505,19.051605182273224,22.4293316335421,20.273603631862997,21.325037108053024,16.768469463135602,19.98713319108985
22.95907066870689,22.49656907475675,19.476208194359874,17.770840645301128,20.304212892719885,18.10349719552766,20.895811504170744,20.00267803978742,21.910303147788174
18.22979644529488,20.047956308597644,16.46800314206617,19.06762478236045,19.145253243405072,17.58093300818796,19.788721011495685,16.833841796894436,17.607078542458215
17.131991135515495,24.5807201979319,19.73627394873271,20.419091474512033,19.567902896610853,21.549947812603886,20.114917690130245,20.114582501598573,18.592060507056082
20.509281476309933,18.737358533916776,17.828575009358648,21.63528097875786,20.030747397429916,20.053360779068115,21.36879721086614,19.261223492030226,20.944051187636713
27.74510075747594,18.944114239903364,18.29709476076058,18.084479347368234,23.156484407911343,19.386625897550807,19.989894376544505,17.800412763401297,20.978301722018234
13.804464621730496,19.360029891171934,14.353626493655415,20.699678409574734,16.423909151236256,15.436896938988129,18.372072183342762,17.1500653778358,18.365222942468403
12.6623736712378,28.765345800832037,21.96024492286544,25.70660321104544,19.457641562781685,23.01805190028882,20.008532682595785,23.583853536820506,23.126704662620845
20.823804206182583,5.894918220071432,13.375490531395872,23.02500319773086,14.178820330039573,11.644110057427067,14.679611987511038,16.274134968307035,16.730316007131332
20.25443850928009,23.97799417381471,13.564940418380019,28.361200863427918,20.115622684841465,19.83733399986226,21.837609629715,20.30161376178713,23.436294967074634
20.86670832185204,22.17135907100111,19.469441396589946,16.372918566593135,18.634264292420678,21.700326593121662,19.319661412865948,19.495069779318833,18.623993272477243
21.219765989542502,13.595647703809398,24.41137698871188,25.704758030008062,21.146829766434934,22.232079540540266,21.158138558115397,22.22167159508949,20.786963012558857
18.883988726825976,23.548633895680013,16.589627611742372,15.83730544030962,19.62994931157016,19.472986644418977,18.756539838800208,17.56689759240679,19.516314980875137
27.449317193010412,24.37875995915766,20.803889290815864,20.414264586961853,23.360041136621824,23.434847445467767,22.070655149359393,20.395941508407105,21.847797067529918
11.995480107617421,24.948196156787,22.29336070745418,21.9299061169524,20.389988500727505,19.00737351966192,19.175806157330182,21.573903052857037,19.624368369991338
15.857514876098769,8.740859684775256,21.258737749176277,16.95689123238211,14.211372428807387,14.822093215232517,15.935622934416521,17.668998391352574,17.09389476324302
19.483726199254765,28.831947059272192,16.755166843305275,19.351857109897104,21.979866166209202,21.148082234637837,20.439341351110556,19.28866911148604,22.084888287874712
11.784055944229163,18.311316476575797,13.635813131223703,22.641844409807366,14.373093842693681,15.749905203645966,17.934291349420175,16.869763603871498,16.284528228421532
19.120727977839643,25.43283873376588,9.16980973731458,16.15891640675237,16.709736246074748,17.086480083334678,17.278626058485333,15.443752035061049,18.513653594122
28.30735082864009,25.70536890341143,16.948638002150428,25.677533838190588,23.62759142787735,24.892403429380987,24.878474136204964,23.556964847645407,23.603335687701918
20.10443244147981,17.616514571903537,22.712349474248697,13.461613501090604,18.766868162255353,18.270045341088426,18.916579166487768,18.68727782241139,17.46821689298298
21.153504528593416,25.30229976175775,13.503336060952265,26.758765770913538,22.32693240045255,20.883205626157633,21.078315473381558,20.89286193617895,22.3652177898391
13.699176174137099,20.072533795438208,20.800839390075062,23.00530453919837,18.308662087040396,20.342439385004823,17.41413468775981,20.59769544722735,19.563769964331673
16.918192959802614,11.643114103309214,14.19938987979251,18.641097694688884,15.104404286512448,13.445133607226015,16.535390027019353,14.8002215519923,14.788561092083144
18.124018098380315,27.838709627638895,18.424290305547352,17.389327155053074,19.01498328151369,20.141364451803707,19.465177219957766,18.832184086543162,21.768880218045883
18.41142451621883,18.1247751849188,20.83116645662007,16.971886948835905,19.93551049585087,18.02572219771577,18.181055221169657,18.60505805849983,16.528718931539537
26.408218975018844,17.72753268630973,15.362018252646289,18.45681743897194,21.023312486822466,18.955464711036708,19.337804396670123,18.261540271973136,20.131624991943685
22.78845530362562,19.984670659816388,18.681938722787656,18.806016553804696,20.608355049441005,19.573915118773613,20.01425874190491,19.513436485581888,20.407570928754623
14.44271021531484,23.36118362663694,16.339634653098685,24.020904986538326,19.587879713379483,19.289627614944187,20.503067032936215,21.338150033774,17.73228855125861
21.232523892160025,21.713647945889488,20.820594635752705,26.874616401538336,23.106181231503506,21.716846846129833,22.666169776758416,23.80245678977366,24.26312000622862
22.491108742483924,24.74033462353585,18.94126867393855,19.79751968261603,23.341139834712827,20.491376414047554,21.365203840384257,21.953499073837268,20.682432788519463
25.700745192606334,15.302553167356706,18.226030697717068,15.617486048042384,19.830932274893915,18.931364331862454,19.730159732975633,15.573966636580229,19.199641334082553
27.902703432841868,18.288068147846328,24.233399840567913,16.817095837455224,22.172414808565556,21.362596131621437,22.410969186564618,22.76570691270114,22.24827167644538
14.924529040860657,21.42001463839233,20.64922456947321,18.267636861554863,19.341347525054164,19.878223922990138,18.07978083158961,19.78324831334742,16.917239654149267
15.94571244394831,31.48943646329353,15.238592535494844,14.879511578812899,18.99573113847723,19.071826173707606,18.241157877908563,18.860674487317144,17.52103472095398
13.71211070542692,21.43093730793121,17.656544396808954,14.284234391570486,18.821114531733254,16.66027137307189,15.94725692523447,17.901313953984843,17.77942769730237
18.829900704465093,27.42611131830816,17.69640485968136,27.38850884949211,22.065925079358536,22.559253736341528,22.786011682798463,22.684644241241944,22.82419445933907
22.331791872231673,22.192775843921588,18.321278290500846,20.210454103785015,20.214966314848233,20.534798398713857,19.518021252439354,18.99300135584001,18.168427134904604
24.93667258294551,19.581706812812158,28.098037106429977,15.667467465278612,21.803666690679098,23.179119911349673,22.16172403902903,23.796871336142228,21.41526914825244
19.620244881787386,20.766377879427797,19.483407570843987,22.26641428143085,18.923729434799117,20.021758178132828,20.404912843582164,19.820365316707264,20.583052947979603
18.40076238372578,21.157901439855593,9.856389719580896,14.286615500772617,17.247977786161275,16.588505167541502,13.38289822867316,13.314479684925328,16.22844224527473
20.758789961243703,25.018228694803692,15.82880411313214,14.615951808515785,20.429948276356807,19.70400220489234,17.649268458156538,17.56153100788686,16.7829513563831
15.824285491849885,28.873056337882772,10.270511650016765,15.78783039574302,17.38859429417325,17.958640963805493,14.803170725188956,15.81558966094462,17.28303974260657
30.447693608473866,23.798404238431605,16.68080697181664,25.618053123460133,24.86010963507247,22.405613912964753,23.79233642450125,22.165995768526532,24.082914186797286
11.961694864409706,27.935388393708777,10.050759081094286,17.988479736886504,15.606358867692684,18.14275442816348,18.058094164370818,16.101886439047533,16.80331641836194
20.923702894478623,17.176051311851573,14.513638115726287,9.233172052390053,17.937643185675356,14.611944350333442,13.57098313818363,15.45011718139495,15.891336374211662
30.118031096148197,19.926847455929845,11.917113881463521,23.840263732702372,22.73812255868846,20.323566986830848,20.12827722176762,19.37541987224912,22.95627484569364
20.033999222799988,18.378487328961665,19.53664071186991,17.77447454335057,18.833518978600086,18.882292722543504,18.767162584472356,17.96829905669254,20.32954099432287
19.049804824992528,23.57222295437426,18.002157450515515,11.602367976486377,18.164146373993503,18.39565353914543,16.992885272738743,16.58049418806863,19.70109805568441
18.212772885947864,20.20520807410293,19.211849229994925,17.733266048146362,18.662212427200878,18.62500525506289,17.772101292481228,18.47884976219917,17.53361962175073
19.09804159118796,25.648864685170977,17.581794445725894,21.08401558641961,20.54390860846729,20.18353247982891,21.39477318329927,20.01329854559874,20.31876862931955
26.864242373382652,17.34499144183779,12.42280899918233,20.616196666131877,20.81310254956365,16.809491502838863,18.81716442556074,16.79466098840486,20.94075354357765
8.940690443352466,22.215154866606408,20.05408547701894,26.19365991665928,17.038023702509584,21.111446907930308,17.86417278851129,20.115090165418295,18.867357062549118
27.667168506481627,25.43428955506128,25.688898241077812,15.588928549720277,26.18588687437797,23.496452285824862,21.50710532302815,23.09621476044378,20.478680630587615
12.880214237749275,11.673486124796948,19.636850314426187,19.186880481059887,14.015613100024959,15.678407780411304,18.052765559571803,16.777918416283946,15.689648992885871
18.666738353827927,32.608156536651016,16.296301602729734,16.201722885686312,20.26816340944456,21.51080230578313,22.071538899286416,18.81554119046574,21.475576987192383
17.853777898506692,20.58424057560062,12.287731295578219,12.831228423251108,18.048545310121657,17.094197162933963,15.437611202172143,15.152162145270104,14.385154828436796
22.9427663488536,11.874800431619136,14.367732116960138,22.54210948922382,16.93127152829341,18.902929153706907,18.01971010832811,18.02678441353368,19.114473774415824
12.009378240581263,22.79046949288393,19.812158626288237,20.853078276590082,16.581714643999085,19.513127158774605,18.377740096988887,19.694181558327006,16.47190111272054
22.310863330409713,22.167217339865754,22.2924721071975,20.13471379879541,22.0033597903289,21.670019591503085,22.23677337485835,23.40341914805026,22.495640670073495
30.121548116434262,21.590528102137537,19.043464698887902,20.707160773034577,24.707457207250524,21.23248261104199,22.011461054905688,23.375315242567645,23.616975508232823
13.184129977035948,26.95595556463333,21.199549158823935,16.25810858924632,18.69532294517911,18.89151068088087,18.856262605958058,20.563746504295004,17.895688736023438
20.94853083805198,25.73722485713528,20.83071297610897,14.977219650727227,21.22575167118777,19.381556518085013,21.078822920700357,19.598938421699657,19.673363182047954
16.690089111016956,23.489380955119227,20.02613756554367,19.15058948867744,19.252110075153478,19.42694631661428,21.292908384535732,20.391470529323,17.956239212823515
22.12943603096518,24.250778169733238,15.366105618954975,23.644845609646456,22.981253899054828,18.94906666741568,22.089206451987067,19.07855210227182,22.663293316121788
20.09573888707876,21.478207752809567,18.69569404790061,25.432308541814187,20.761449456877788,22.236609979731753,22.659401184991708,20.541322013408962,20.893843797052746
16.79256545477845,30.87745424620024,14.606488784471447,22.18173082722973,20.15177045592692,21.86313840959657,20.802142490658788,18.669173018274492,21.28937625976457
22.43936142435537,14.604019908211168,18.069715811832406,19.116697707072383,17.924780118376248,17.86169202761384,17.93443830549089,17.499170778430983,18.03965450956039
29.021740548933714,22.698258371079483,19.32345412426765,20.079135717599744,24.039893947928466,23.536072982671623,20.842266051388226,19.962427843905026,25.33300814552047
19.045481041363505,22.3251231559439,24.71513522954742,19.046375437301485,21.401251886996214,20.65929273397712,21.35522707338036,22.59359619025023,22.395273359028728
23.59878971074091,26.066402030322966,12.761072102529472,14.896226641202286,21.785253739985567,18.527264454879816,19.70966965255535,16.39729768492085,21.387744347633095
13.533635210644182,17.7807306128755,19.92603052396522,19.09858951284217,16.7668969280448,15.904680005447743,17.284741069354563,18.88611999859484,19.521548873972364
15.217818115909957,13.28163698801732,23.92494636649438,13.660692729646026,15.380803538115567,17.71203087048492,15.744572223917187,18.59420201540945,15.470349064826337
22.362031389401885,22.784115080490967,21.035391063355185,18.503691095587843,21.41355310257708,20.508655053842517,22.414710597052103,21.929632320565332,20.1394867054012
27.420580142679825,23.406152461093022,21.331781771300165,25.544420442385277,25.54478407576302,24.0300760000068,25.057537981561225,23.265902806411205,26.863221542593845
21.7780667439283,29.447997047238246,20.35077960747125,22.291436891133408,22.69883346189729,24.756110123999868,24.779895522961812,23.205786493108796,23.039535449426765
18.434709847384227,15.648189768374568,23.19333795910167,15.30752326305388,17.772007394514322,19.771755695829913,17.19236111446238,19.18520260153367,18.7241934164066
19.99645702711677,27.7734688335836,13.650087327550528,18.710283721430866,21.52913215645633,20.13926864655919,19.324340100872416,19.89955089840005,19.276052174518433
13.747961330151412,33.837071820135606,12.456293336119014,15.662494752981049,20.58309564725833,20.15433819977423,20.129132553098366,18.607034336468132,17.47757676451136
23.022576631776833,20.111175562387615,17.974663438138975,18.74994492729116,20.519395130692544,18.876405765927913,19.917243060142855,20.44268661788486,20.97888259962739
24.411665311617046,15.54528890253388,9.35535158571316,23.16443126609825,18.204559428588624,18.668784805024703,17.55008015481203,14.577042867502605,17.28308328719941
17.7395483358346,19.965128168133145,22.922583216712045,21.612031753239616,18.508959661996418,20.570478872969034,20.060307844717013,20.755352269794944,21.16619127823038
17.649789261202493,22.070024836856902,22.882860781981766,28.936576322981345,21.67679286695965,22.88342375435649,22.87373227462132,25.04491793740267,23.49096059880524
21.329391148260243,24.818939375034574,16.266597779661897,23.769909610030286,22.926528473896667,20.938668225803823,22.549161294082158,21.315040821604608,21.21674324307653
17.816401319797023,19.04302635080976,16.51691761335796,19.816001524310767,20.6896061668641,19.393712756485634,18.13757384997729,18.016767359055542,18.425892892122327
19.669336926870887,29.77599267073671,17.710610099397314,21.708599896533173,22.899960765020193,22.72116211880421,23.0066677285623,21.044906352193294,22.091556133337516
30.49860894583258,16.427338424959693,18.20808260175848,18.190227303266656,22.53740470485532,20.889328135248924,21.2984420958004,19.864314355887515,21.77076273227033
18.76487149627002,13.303974239136,18.50869567677714,14.489983011654015,15.72806769361873,16.548730016337633,15.388542065778319,14.308178100222138,17.02913339353426
18.20829923989389,27.533552121436585,20.23292842751321,24.223106313150083,20.13342473546303,22.595815892077727,21.67034215751132,23.479834798539752,21.467735285096307
16.762290971824203,10.626894843969001,17.30949458796609,23.03596590772659,15.835439600026094,17.270036766790277,16.483394985939995,17.726883939521446,20.22448058134647
23.720959857499682,20.97935115563642,21.772773213911176,18.035783141624144,24.290661366789752,21.522302105264426,19.790379187505586,20.198970927336703,20.871853725647654
19.093879133909486,37.588405646040236,19.783791108501212,20.095742947725352,26.151218093505555,24.088604381842167,23.626315853244684,23.871749272220235,23.100631763133737
16.753134808392872,21.939782235200344,15.572146216509458,23.963756749539225,19.910557781286865,18.40774546328998,21.070638419141858,19.095206357059794,21.662142426607886
26.60652016136506,16.39616174651875,23.340450671216388,22.38540570482408,22.71369011028525,21.86819562759,22.1507442351537,22.02070508009991,20.81585311314705
27.098015022568184,21.713012681066033,12.566972055510053,13.147594995001205,21.540786884229536,19.24057532687433,17.864946022448915,15.97722555828405,20.863936200341655
16.997882171306475,21.74599605690233,17.631336756714095,19.974480085959296,16.422919727254058,20.847092844044486,21.00316841954103,19.838396080968003,19.06063534796386
10.66730024319692,22.803249701765584,21.86766960430187,18.329473898046544,18.07688689923747,17.42341716248813,17.486306042101525,20.032471796990784,17.10303964733276
25.03756844918461,25.3113149107981,15.107707580351422,23.452002796554723,22.395823079063216,21.849280845591444,21.265265467416825,18.735584047071793,21.51102353209244
16.57685087119998,16.804444158161303,19.238222587068606,23.124170955130644,17.130407862259283,19.242652051010094,20.165407824696835,18.259020437615675,17.849738175213187
23.953127995813844,30.437740276183966,20.173358387996192,24.27443131271218,24.851431137002578,25.124510595954018,25.370982552776866,22.750367400631383,24.24866395993315
10.149480911440822,23.22557142186309,14.557904528075044,14.52842264511917,15.034882471811168,17.279950601327148,15.485286024098146,16.29829564706105,15.238049533991234
24.462986691496546,25.63397023200902,17.71008912162386,15.863553863775046,21.88612336493194,21.724059893635683,21.749558877215282,19.97304694485627,21.389270576781268
13.944140353596094,18.859253001221788,17.373984679163158,23.456329744541755,17.069734024267756,17.364565140162718,18.709026945859865,20.82311461538596,18.732804748095063
23.653820595332622,28.431910684977666,15.793048592670829,16.633416738630217,22.254775239815483,20.310143561396384,19.941856737164006,18.344578244218628,20.42095525183284
20.071365339182172,20.714737955934677,27.2066994082031,12.91426807634277,21.076057167484315,21.286012748498045,17.82918298790137,22.216297281177038,20.819489974397502
15.230302903016776,23.387762567467657,14.947574586218098,21.13038595045626,16.723825629186223,19.763244341222862,18.10666135008241,16.580849758442547,21.24907719426647
17.964818435366098,17.334469614064453,22.01972117627153,16.811126238936108,18.257267346881676,18.90486372491393,19.617458702057824,19.132360066030067,19.798246546396257
23.431592284783505,17.015341867989367,16.42879593247543,26.1591630812336,19.28261937924241,18.37345934377458,20.330253203273863,20.410698299481172,21.206763078868363
20.52947226557617,25.441026532264413,13.653455244458872,20.184738215953853,19.951812417899088,18.824015214006714,20.412270262912575,18.899546352149635,20.535238233221676
22.922064902362422,19.78196584896307,18.411256972620276,19.641037146566664,20.89316966784814,20.66210311212615,20.373566666073174,19.19581807528992,20.973750014743807
29.882202922577427,17.730884562478114,20.596373537550004,17.52302443353697,21.539726073883145,20.630577810314186,19.739621069421233,20.14774954169491,23.490696235929605
12.178791941444743,18.78408328986485,21.682038300262715,25.363341335707887,16.557076179888547,19.766220435672082,19.09566802311373,20.021294002299598,19.017683533864965
28.08606287484312,25.494765358587106,24.249060442620276,20.434217839559285,26.345053014829695,25.69262192239445,24.924905959349022,24.60261037491405,23.539931940192314
20.521779687616064,18.854810693981946,29.7809851597404,17.366001927375173,20.144774466060806,20.966086031494996,20.843748111674024,23.195125183120147,22.227344946742736
15.50607975838436,21.41172534198918,19.00205681502239,15.823665173578213,19.786594526591607,17.97584097759403,17.57334361521558,18.54310873580056,17.888057005976684
13.348431871305051,22.075138751435485,15.34763130469845,18.70610778174313,18.106459369197317,17.11486613407587,17.76107451939264,17.221739332265837,15.9921545939045
19.054398046114834,12.413255569948506,19.811497307179565,15.089412651380778,16.3224495315522,16.85159053916541,16.6647708927989,16.51153401213841,17.393667443689225
24.6082505596223,14.644367973132411,16.935148198374034,23.115509766715775,19.14798154434996,19.79149509499154,20.872728865385845,19.62314175411833,22.471286793464465
19.362254398112327,23.681389446237812,21.70386451940892,11.766631783903064,20.568694578723846,18.361085969198314,19.51220595007901,20.474012521950694,17.721957109202496
27.55577465123674,18.314853194236512,12.811342814537113,18.441943886667715,19.475766513312685,18.531866151046707,18.325128638267504,15.68203730518691,19.133553178431974
12.744121549742205,27.283624556402092,27.47333816960175,21.440534180351737,18.919314313940603,24.133349067866153,21.757857900094912,22.708562413406973,21.236853015926194
19.939555260769726,26.834035521252723,21.424192379102053,20.36847768043863,21.888383880495415,20.684288506887267,22.16186149461706,22.30718819848885,22.42435495697304
13.738032777934404,25.595843331777186,11.263983928815342,16.130868107937324,16.90580094076153,16.967335913912496,18.020597113130105,15.505625861701894,16.257722386115763
21.81815941312484,31.098858936562987,15.163884390740112,21.641034826826196,23.348229031403005,21.35487740539791,21.956958761531226,21.08355770464148,23.42473221324384
24.4344369504865,21.584553361284083,21.264324176455755,15.45584244645637,21.432849252398732,20.191152237160995,18.95222043127265,19.87904745722534,20.797566617405344
17.896191031594732,25.244409629519197,22.705376224685818,18.91046137401276,22.43786741330704,19.24123164790148,21.629676468444313,22.21579929899516,21.643606562752208
6.97893071686433,19.077995117019846,12.911049491072147,21.607366287921423,11.762777690374374,16.706706902139775,14.388237154875437,15.873958347675746,14.252873310157838
20.99474073398247,34.26184956434362,20.852103401731796,20.85165111797245,23.793774820081584,24.547635132810097,22.954784884932614,22.339968892452163,22.34898654772976
22.183692758667547,31.918168262180096,10.210640509352306,16.299843954322128,22.607676035568534,19.528158110021742,20.17188938395636,16.786358357248364,19.630789076009812
22.021473774808488,22.05940217258896,17.642656538115816,23.789978066257454,20.172291890311847,21.401175026881774,22.35124527975098,20.647632192227707,20.337400623932417
26.17891095911077,23.93293114952596,22.448187368412825,19.346778285942136,22.875438578581555,21.977163171704966,22.402821401086904,20.93281529009264,23.343254951538746
14.644731601754756,28.796487996824027,15.793937079588078,21.971981643756607,19.97617941224955,19.56322564314461,20.798358467663498,20.09608617775151,17.886395083717247
23.401080527252248,21.264302475929465,11.972310803447947,25.11640402669299,19.592302896722597,21.184810064416,21.120438121373095,18.977568733012696,20.74984080740642
25.962537562389876,18.716879646001477,18.584859185510236,23.470082195098428,21.930974547447597,22.88570862927797,22.475386140916633,20.45679441830176,22.004176253103413
11.107062079967417,26.369948755034414,15.581124533458087,23.480517625324175,17.11822956806357,18.910774255323588,18.402390938827423,19.870523193775906,17.719852088670113
21.598259129594886,22.39219623041835,20.518233464263343,19.77071971939789,20.57601748238318,22.214279388119245,19.94877007798523,19.16249587970555,20.68642590478707
17.479100844961643,22.914972248226302,14.458694271127758,22.175740483642038,16.87313952369736,19.49910866551504,18.27237385703084,17.8139200491219,19.375457283152564
19.59238663449177,17.828643284660174,14.909452441387598,19.854386298257264,18.292439910119345,16.29695201265379,18.837191836821674,16.302365300109823,19.6508838188135
21.738382417691682,13.411639258183019,9.915990716495026,14.162702128886346,14.871123108606287,13.250374007869233,15.474571784984828,13.95122975661711,14.395115413870728
17.56385717943224,23.180712049395506,18.67977884420593,20.21097517002017,19.568567568904232,21.66421353716785,18.951680210063127,22.23389621909138,20.0618851747301
16.62145960419194,26.524810207471,17.356380246893604,20.025443934953863,19.56774244844362,19.066942811314362,22.264667524721236,19.03647370118472,20.326067931473837
20.170762087440124,20.87096625461979,13.246461317039717,21.334917446087278,18.90587066067878,20.817363516278192,17.82941280970956,17.655086983342606,19.254020823219832
14.563770305685987,29.182147597794334,18.775194855068367,18.48801209914642,20.03431720852775,20.42619704091351,21.2517452991245,19.655858879283258,19.008961515827874
14.570874355574073,18.480418372922276,22.108281202576556,15.954177772944597,17.583177522834347,19.86243520464662,19.298103365209588,19.003962163863807,16.136263689091372
23.396866414782515,16.7264777251704,17.1377282263242,21.626024332700908,19.239078660507616,18.85827614030223,19.831531780737873,18.41947212743213,22.178273873227944
14.25602982420672,21.663848464019345,19.072667799287895,13.746910850991007,18.63348759311854,18.62144660553287,16.41514039104541,17.79429292698419,16.62082595786923
23.33156250454606,21.587037123243547,19.09324499834066,24.835276543425877,20.26351273194663,23.23248558619034,21.463902264940685,22.40347125418893,22.270552148820812
22.312956464269757,25.849843656676114,13.182680691284158,18.07432775518003,20.897513477958345,21.17716796595905,19.59286194148964,16.87281004293911,22.044240226969983
11.370966356047017,18.125185879680075,26.226343282830385,19.982112688224674,18.065653208122242,18.991709026814508,20.00702282976357,21.51881924666524,18.49851613177951
16.612176738321725,28.840471184074488,16.116600679510864,21.234232613126288,21.12052800076844,20.199015329466082,19.500994491058496,18.452165943170257,22.888834940534927
25.97054701523686,31.834584812541266,20.624464807441083,21.362752179376763,25.22492685275442,25.123162715166295,23.10932117123622,23.36604927638095,23.275480836815845
15.094172344301592,21.80427986515829,21.076861108916198,13.36406280019306,17.322485906082647,17.255509700087295,18.19689902021159,17.986556065605445,16.876559871432146
17.677978688453063,28.248552100921593,17.441619491536994,22.296346322177055,20.256923076856204,21.941180655474156,21.997736902031257,20.85392293178245,19.760312574777693
22.31030446625948,16.7175146468737,20.427180100238537,20.212615313505093,20.645301362628512,18.82719572780907,21.88487307851847,19.497129553756416,20.063691603214146
23.91695254641298,27.37610770590958,18.983276887265557,16.458954461765565,22.482240425452225,23.065706553131164,20.30150392507169,19.90298676869272,21.25774109725092
18.74230556977752,27.236382042797313,12.329440971090376,16.001332196216346,19.988981342713366,18.248362041146944,18.44255858300815,16.787900834443384,17.878224012157396
17.01244902654179,26.317186400949392,16.67090919499965,17.663787671772617,20.064997551154683,18.089417048967576,20.577920505686343,19.170319854152552,19.054378735506702
27.111849308492538,21.92218455564853,15.549796390583753,13.805033253558033,24.2802511617995,20.825885572449096,19.718078044673444,17.723307581667623,19.360163834944764
28.694498318987897,7.228755293789844,16.153019834615492,25.8890695639481,19.779188098851726,18.114614118440663,19.29589656377381,18.658329038387016,20.941052054083436
24.894290253908977,18.791364281739355,12.78398728865345,24.94460530057338,19.835239359122962,19.469519472434385,21.143467278148332,18.271080963725687,20.51094675559851
20.42659071282512,18.870419911576988,22.50573486698412,20.80680080390376,18.953439050323947,21.75391952186032,20.0529976096159,22.141413889817468,22.08806988548236
15.958671391795368,17.10872530969761,24.407970618453653,18.106406334631636,17.932468192143578,20.13960082602894,19.746854255598716,21.738077432548213,17.41411309512246
15.847777967217173,22.61121502273533,21.912011903993633,18.21156804825042,19.206949036903918,19.406983737101783,18.392080043358863,19.046881662296112,19.33481293601492
22.61257052632879,19.905182772393825,23.082116896588573,22.032262824695874,19.62553317664641,21.37537496487349,20.388601551718867,22.249088369105756,20.798264776234703
22.09199110444342,17.87693995117489,16.621460651967375,26.031307598007803,19.41344715703108,18.861224671373584,20.381836807486042,19.774421708344118,20.501724682302026
27.007992964732146,16.7059992587609,15.454972660055855,16.718413041613026,20.875185342521153,16.929120721789246,16.408554694393914,18.165110177626644,18.821851531710507
23.252250462680696,18.422435072573855,14.885651812753153,14.529655829506703,18.725370982079564,18.12739985895097,17.857197931091505,16.310275333527606,17.864408893797787
12.48459849120091,27.60749605924964,20.57625969182889,25.190563094381083,20.87902024776498,22.38234335248164,19.73216799146042,22.61080981391904,21.114721447303374
25.259738088614593,18.69487472686253,18.9082522125766,11.851445649662194,19.120796216265617,19.46400404100961,18.960998189995355,17.878651157554707,17.547253418287173
15.009696863427935,19.425306467833636,17.6911131536063,14.965876766989414,17.543163813294683,18.411646054011392,16.958457751081266,16.654700312918607,16.002449553687143
18.08014364023824,19.71651192488377,23.180594176781373,18.012568429956588,20.498276453438315,20.862149039464185,19.679492156800173,22.104806026098103,18.416089428475516
21.251001031258472,23.694967569047098,19.619765415261373,12.758266128779876,21.765166854989317,20.659732803605472,19.7674087036248,19.049219349990327,17.830416974868537
29.978337448919824,24.281247442642663,14.645369449917661,23.44859625122639,22.98378634281252,20.2854105496252,23.292585116790722,21.678417383730327,24.946963120716813
35.549592780026806,6.77671730378419,15.27636468345722,22.4276210820204,21.865440143896848,17.90438212665687,19.714573358990883,17.528579340784397,20.41179521996999
23.033615295680914,27.10817606913804,20.72797319701658,16.70082709113873,22.492822169009454,23.262309751880306,23.7236548937207,20.903578487958015,21.562247270596593
19.084016906398062,29.18184017121877,22.16693141061839,24.11845647671099,21.82724830173673,22.87691741496774,24.031121934788995,24.65870409170822,24.92856969757607
22.672528242402752,16.749067313191652,20.206720929023877,24.797169713615304,20.20092492311119,20.67234744670603,21.878279636869273,21.85008784083233,22.838225461983523
24.43827712936918,17.13850877632583,25.587554991488325,18.547317406839746,20.98412823172625,21.93440247819954,22.50099431997836,20.422078154516708,21.86624964962159
18.396661872214043,19.74873306110864,24.540028662925675,17.19732728972797,20.83177359694001,20.848279843437187,20.63883710053617,20.89225504801461,19.51969512033394
28.97605677956161,18.219979902716975,19.764143339403052,28.03840811096991,24.326149504630905,23.16692625870061,25.812479952087692,23.332619373118177,25.437806177948755
21.15035379595701,23.11963436973303,14.645677362073991,21.88464728833662,19.361187562442304,20.53550645544641,20.366085088846358,19.032326759876195,20.832956573218194
22.48871544545697,12.267373568205679,12.76004995307293,20.025298611875414,16.506016786615692,16.19177376277828,16.87839804881669,16.192883388661954,19.182314661798014
23.329621260272308,16.4103619598163,16.45047301994114,24.45418378655845,19.609772649081265,17.95208329590237,19.511587918840434,19.443484614088785,20.773589586479115
22.10793305307228,29.695986000874537,21.01285378566463,20.207722540012085,23.90290688530751,24.182738589982115,22.9998499083459,20.37069783779597,23.837566329828583
24.19470250234806,17.35890016325991,25.30658831724775,16.977517656323247,22.650998753802853,21.3188371364403,20.22820259074358,19.796249466710695,20.559037889953217
16.913734067265384,28.217141390514627,19.6697881376432,19.320639041950216,21.787439902264836,20.163205029435016,21.707537572344894,21.973893086664628,22.341194159113297
17.208491230269846,23.776690977950686,22.674891176924945,23.15461714927894,20.91823570478087,23.387831533459018,20.791356386287465,22.24814868374845,21.23740252981764
14.499228835141526,12.953661427058709,17.01877005524879,11.031257734603145,13.932020896789373,14.631664458389224,13.94952168291117,14.347231506648784,12.034697355196881
22.19750615310113,25.17664597608103,20.4910765009102,17.847877042243116,20.54164522386364,20.32904506118876,21.987823352386243,20.802216720572137,21.22486458769741
23.89468251756057,21.411663489035732,21.29342731790869,24.53222959432642,23.985278102875387,21.679684500488577,22.933324616303075,21.72354245619597,23.83369360131162
22.28886433075943,19.722664718751297,10.081622896589888,16.95252639562593,18.096825768944075,16.225512388133247,16.365504709861714,14.82474798232688,19.361955976483788
28.372462166737687,23.22478546586002,16.34624479049396,25.18443424172564,25.658953129150696,22.017924919798208,23.980926580210312,21.90498097539922,22.98512349798194
19.97201990585477,24.373167427833963,21.79880153711148,24.65897527743925,22.322525317990156,23.070839914960878,22.615401328523916,23.420044809925816,20.879270068757755
23.343708277962563,25.5379591098731,19.097873342546258,18.737883538044194,24.71751827508207,20.8307163478689,18.80664385066008,22.890886518682954,22.0483572152365
14.54149561930343,27.89126423774001,13.213939807396269,16.725842780443998,19.105671291933344,19.713165640612306,17.10978392063754,16.857988987792442,18.06701238922049
18.064501487627997,24.040679563891782,8.279510497090575,17.85056450340146,16.446943382756114,17.92487366786859,18.45994624940569,16.952198769723715,15.827485882965046
23.47768878782889,15.12182955606819,16.536877018791973,29.658457968005738,19.586430102249768,20.744158633224565,22.683035174188383,20.024008105014502,21.942987663772406
24.245510553715718,19.631772711744045,17.713657228424484,26.497697787732974,21.611102298795732,21.396512425734144,22.548270780469505,21.874278019155426,22.40729511119377
18.530165261679088,36.715241676343105,14.464308200686618,19.501563887226954,22.395873749326263,23.89765830804166,23.086888733442272,21.0101299274111,22.468548746024233
19.642003740709665,25.622455301908637,18.57233974811198,16.567385793518362,20.537683798648644,20.22436869904778,19.322752164804296,19.36197752057781,19.28807023440086
12.410631266595953,33.846436504057486,20.02554698893158,19.46816414232505,19.703170111292337,21.812865268297713,21.177550306738457,21.85536001387853,19.902524421398297
18.214853995966955,28.977170410995924,20.682748682904933,19.97530770646706,22.118894510012378,23.726117714276803,23.197886799543358,21.25999627499208,21.503658747209
24.45191581759893,23.209010357778745,8.576324300270711,14.026565049562585,20.098802748394537,17.54883932786615,17.991869123864817,15.629397443756549,16.522499934380946
22.87602508053283,23.50703534890559,12.74285960876752,19.32016507686104,19.678999659118297,18.630148878199314,19.676469662653798,17.039587903810816,21.809617978863386
22.50332860690605,21.81709980061577,16.78150940658106,24.28961729924692,23.271979287669968,20.52042957634806,21.16108023544443,20.930767693535152,22.691673813201376
20.2488684359048,13.310976920767503,20.288692524149855,11.802573275134106,17.39434954421601,15.753761191917722,17.587249790223776,17.099189553521533,15.63356838619789
20.03531579314088,22.090236262341122,19.956936054200142,22.30633586054899,20.046477126730704,23.10465688452896,22.21923814610793,22.480457105014786,19.9942913630002
16.698394302632764,28.053372762710985,19.887479791506703,24.49919188021912,19.893245396224437,22.625871440286204,22.93428143503615,23.557032932371868,20.907286971550672
23.494142101012674,19.00180002589398,16.466328232124273,16.757770619622526,20.127182445957537,18.848592332786183,18.996285310745925,18.336066140414257,19.755940946821006
22.10486472194695,24.05976499530905,16.689466250760155,25.776703032764225,21.7149504079866,22.522301972624934,21.800943264428305,20.793504918239844,21.503936070414124
22.460094239963997,26.257955229465985,15.086682926313037,16.238651750206618,22.28566693239511,18.927779662160823,20.703859756172125,17.61809401317038,19.629224171517517
17.369825786662098,17.451597803437622,21.072776512423392,20.764330647441614,18.331027757953,20.28069084786527,18.062722842516703,18.747133053425898,17.45429930055805
9.233285400643778,19.743485678281676,14.318044849041687,17.77290926134548,13.063540977416173,15.011851959807005,14.37236144974161,14.696850824314286,15.45543077277086
25.48576355876848,16.910442547614203,21.40014558075828,17.772014571349587,22.995387057255847,21.974748350650508,18.941000203837696,19.820923430963532,21.218200544449257
17.605812719957978,17.889171966552965,18.831412952550583,16.530803720967818,18.26406452006316,17.53084003390163,18.94953011800046,17.102805260250445,17.400533041470567
15.686121179784397,15.561973581734694,17.819822086179386,21.794301923448078,16.432326444416493,18.548263335783904,16.994888068657296,19.546451880321158,18.114043968541917
23.467394559569968,17.497757693109868,15.373158400894134,22.395221830925795,20.115077526482093,16.536999989181265,20.087390907876564,18.135159312653936,21.12870914474912
18.03993680040435,29.097278403989193,12.577832555343495,18.742311201691244,20.80899782915798,18.683849812132955,19.48878221964754,18.37153158085473,19.53637328755124
25.29968192023311,17.422614854548538,15.409388974487818,13.560127145310904,18.35569111999303,17.327955802822082,20.820492213767025,15.981641127881245,19.005196493257124
23.08502974788349,22.63229609530345,16.679972525500453,20.61268066653756,21.57865751946109,18.502439671000488,21.194400212842076,18.286897966626338,19.803790217793367
23.417846616002386,19.485656231645223,8.523902753674994,20.688057437642776,18.536298337099904,17.824932955166503,16.166725000496,16.944335072272434,19.212377250494512
13.170221443997328,27.894329685184694,17.210579378661343,18.13313995445429,19.399117339961787,20.105103124280387,20.277503372170997,19.91554390388249,18.60544161503733
26.059719926932004,28.555811483018083,21.697429472104023,26.468925148723233,25.23682790036508,24.590873651807804,25.30832054408865,25.74730571167844,27.011226656395987
21.30625265616928,26.320349910694734,20.26887162173549,12.744282940397383,21.142106798965887,20.7709149491779,19.95901148030017,19.92047543881824,19.563377841329366
18.153614303768983,23.530672765513778,16.01517649703397,10.130865158985728,20.19964046503115,18.32712790123839,16.285069918315568,15.207341094993842,16.297152863519827
20.716942336711256,20.84470231579551,18.18774519366091,16.076660401209317,21.016314799158405,16.965405283551068,19.152125080482712,17.598681929420607,18.28743763186764
11.118823835508401,16.040626479043752,15.775341722312001,21.8416981363658,11.303394456048157,14.86340583854691,16.376635680982307,17.634641450387246,17.742578877316788
22.043264057403356,31.717644405610987,18.595042933342786,14.776621450264637,24.68603165880397,22.122695003996387,21.137666034006813,21.961778461263236,18.75231980582174
14.853142459089643,18.20163491123723,24.160431294976128,15.076116325895699,17.667793322334063,18.71819524549355,17.564686727313248,19.69862754175877,17.962361401092515
13.236648570782329,25.318231735164208,21.873995210499505,22.804085344712618,18.837154462534347,21.30720344519656,20.90952634837798,22.956601568575635,20.230283120200998
12.388204068910545,27.297827863116986,20.08317722277101,20.850191691191,18.239109864464965,21.75127546322242,17.812118724987325,20.46084204368224,19.264107522825267
25.563441874949625,19.22359751547335,16.028460350465128,20.508243638513598,20.299854810286252,20.267165708129586,18.88943837434672,20.062771832299745,20.54259478811972
16.853683031536058,27.19006263657981,20.999753571779355,22.12571567786211,20.63107834097203,22.949459444958443,23.46229582553735,21.74152857040517,21.275927850348445
27.668638549582496,25.821066016694278,11.252492194507788,17.29922818690846,21.667063898751845,18.725765077854444,20.8381771812435,17.86200166341896,21.38361793390347
17.32099268473851,30.639819176908826,16.99058607203644,17.484063703767234,19.91226675067942,21.39495670718411,20.083956422621974,19.53535554842155,19.172558830091972
11.463210212035266,19.653267667866444,20.3348456792958,22.2391170902457,15.73176507921386,18.429756955366923,16.726527330823966,20.77180412724574,18.243348087949983
14.417377800256705,15.570679913601426,20.961684856191006,13.620452876875202,16.31593120817452,18.029347448032876,16.08623269678461,17.929445557570055,16.068583030424186
26.179058100034695,19.472551222777444,20.679537960862966,10.429120614405814,21.542298409031083,19.541658135358123,20.175259066301336,16.43618634308272,18.059120621745244
19.220509110316662,23.044267712671658,19.17932275683878,17.26686330548858,20.719891291396635,19.295497689298152,22.31694682597886,20.707990382170266,19.89480143899666
17.258563517546996,22.29106363542528,17.21710008366447,22.723493156262766,19.2401439907955,20.701361726443917,21.764611523220577,22.264366251943567,20.25517248589
20.80009112926394,20.032810518627247,20.151903879305955,20.022238795947214,19.055804932104877,20.783178100286843,19.364823060657553,19.7986717241271,19.484676852227878
22.508913680837725,12.454012705113785,14.188555837654798,22.42916601649206,18.314837976542997,16.158784829656053,17.399362528640303,17.019064477452847,17.621856807922107
25.586994079512305,24.352414980645534,14.621290946827001,10.93482275830734,20.553573312319806,18.647985443036514,17.40238146108637,17.797575404543494,17.93917335938293
27.242496149464632,31.861722395411,18.24693870584119,20.26198723329397,26.77771594489572,24.202048547319016,23.561631054378747,22.540733201659048,24.40845413210989
18.20115677105457,24.321256190615017,18.69279057083499,21.615458018569512,19.311023478673327,22.094998078639357,20.49482222464377,20.642146239100217,20.471862246823758
13.369761569589809,25.04567759526757,10.697539285741414,13.596810309557261,15.673320168116676,16.31952131401055,15.31031019341287,16.60113921706365,16.632538353862206
17.93267419438362,24.86222653077551,19.820585523798073,22.44823036218618,20.479286137396418,22.207807006246203,23.320496459365277,20.07411888236052,20.68370473240141
21.30140253291443,23.985233349412,21.090913511677574,18.55392441397683,22.464110962779518,21.00063772657504,19.917511509518995,20.14076652190419,20.08272867325475
15.181205368946944,26.658329834340474,17.69085905013482,31.28534680642401,20.912684840677677,22.932867391556222,22.658840815773665,23.72955715929978,23.46682405866128
15.214245425524785,23.97686840592833,27.497865133135967,10.291055724413058,19.82743861320784,21.846841194636514,17.18154890995389,18.783716400440746,16.966511932319545
21.718939407749428,20.43661415173362,15.268259574739256,24.476457470699003,22.205526455692915,19.589464728380904,20.80595843171806,19.336448658824004,20.208759186979815
19.756738242147744,18.02005544995623,16.55565134645252,17.423367613895707,16.525195801300896,17.92388801396909,16.5972478224371,17.046790106880515,17.29142801242847
20.163984977057932,20.755131723596623,16.41973237549116,12.531393142239825,17.790841654523824,16.328228597348282,18.570186862979178,17.456509555515847,14.246233037535852
16.207523326499654,23.570647482253328,17.69524955483593,16.892179425740032,17.701282950778058,18.23415157166469,18.300374054316944,19.17348851325893,18.74995689793673
18.847996428971165,20.41958519438513,16.685100748134836,20.109916965349864,17.242433666143686,18.588545569622372,17.613665565927356,16.992504821803717,20.04829220175386
15.378834278658477,23.57169341565715,12.372757821580514,23.149866678260175,17.29306045541663,17.42823625360331,16.51558629498112,17.453161901422984,19.664187131849914
24.450992055623935,24.195750668502086,15.813806815054098,25.887857152528703,23.478438264860596,23.392610764219228,21.608464184317533,20.68607292694946,24.98899462601017
25.176246673618763,26.16589715635091,17.609517216903697,24.68757235481737,23.319281096699502,22.267381097422096,23.649189241165523,21.98430681508841,25.22125917583083
10.769060688809532,28.413974844194904,22.91428832824799,15.138471917182022,18.595518614163772,21.366784065048424,19.730462591765075,19.36941075456439,17.703945749527566
15.35244569903795,22.390037092394287,26.80897309349165,23.520658769064468,18.849295075057963,22.721160186917743,21.519590682323813,24.24468679847032,22.610973745533272
12.517353724549604,15.461117174261696,23.34189559140262,20.565139828483495,15.57364416806688,18.288254488816378,18.897173623107324,19.156071923109653,17.587710305759362
16.74988032796551,20.274479515904048,14.898483881309573,16.381587916284047,16.938452838260154,18.664346312979156,15.940365017470725,17.192375799390128,16.548063386498374
19.582810151048196,22.220312837032996,15.216761557495339,18.152357626090076,20.00020640818437,16.517555576858577,15.866000700408083,17.931901249504882,18.05238746554785
12.751773901507349,12.821156219114549,17.362685689962596,16.160629362221105,12.360740102633715,14.64142832864573,15.056614943943899,14.659596579614627,14.442865422298233
15.390700934373434,28.94332260051241,25.138235555414344,19.148369367745822,21.32675245603941,22.051901170636434,23.445252927194886,24.51581694877481,21.50700497163151
14.980213139592507,22.711889562552333,17.338303791272427,16.08136847082352,18.968267760008434,16.265953919097598,19.077277414717937,19.217857918508784,18.90965114527209
21.03633664699472,23.906764172901426,12.689970037850276,14.888023707130245,19.168277003328136,16.96916060029281,16.83046440060383,16.71772694176872,18.825300026773135
20.34672168518125,28.82763231263133,15.99529145218786,20.916476511131087,19.962122895293902,21.716754303711294,20.976837302961325,20.234051952414845,20.572235876775157
16.391312233313734,18.849285849288265,21.028224007277668,21.514922193038547,19.84762344621955,18.81915271303379,20.16975608647006,19.21846184063688,18.303243758681777
20.88410436069699,24.87020965442015,20.759761107584346,18.24961199963355,22.5265150046234,22.412348090492603,20.563815672624987,21.912353779749967,21.434653117630415
17.266599577063673,21.45067938449032,17.199133334033377,24.470605215743888,20.098128009632422,19.728538926177293,20.20213923844131,21.060270267964082,21.15349834431502
18.641724448369732,21.079565664920402,20.733658694240123,17.958277654019547,17.9793353363286,19.539229373505073,18.88686671957717,18.94703640670994,20.57012157610318
28.367260451492683,18.139038060978102,8.907311189812672,17.78890181949785,21.861423744650036,17.02485627892925,17.21123912298395,14.677315945438496,18.987367401062382
26.70230525895174,30.32801606843264,18.41531694013079,21.64195592938279,24.853309819963727,24.193357734106396,23.37552489781773,23.051467758624568,24.721447816011118
13.502093815362013,20.122499799622144,21.44274168547452,18.470297660226652,17.063726624928787,18.44557220570398,19.340133433122563,18.317451566367268,18.760592395472848
24.148662089395874,25.49732123447851,14.668546899381859,19.339190916104574,21.47351251159673,19.896077343694035,20.927213049471078,18.55782006667001,19.72847027880974
24.05698277245796,12.624963062640319,14.654645854014849,8.91824611752374,18.17997299228583,15.768113336968923,16.33559109006477,12.427457401664292,15.626261968488544
14.258683556236909,27.899942648448935,10.534207388946099,19.0668295389519,17.907182296208557,17.571252579867327,18.460336478100384,15.931254692943137,18.588831210902082
24.093888218774303,27.261055779785295,24.359582379242777,11.691216250114959,24.338651154892986,22.259685725140088,23.457900888460276,20.39273331036839,21.570050417881678
27.689659592062764,22.487170551486514,15.119384091913734,14.116197716004518,22.333412615138627,20.07254293472384,20.67117118082562,18.45501717557597,19.982421452742447
14.387275968777931,20.865287669310376,18.964173111448446,13.658709844977981,17.078160291398852,17.876776643136083,17.728202478875385,15.540520848472273,18.989633067602227
15.412485894928682,24.00000002806783,20.415668165933496,14.829667385864695,17.984310674418797,18.479693052013026,18.543967470062995,19.389900357218213,19.8862982905847
25.08830733421751,33.44395330440145,24.048271796565814,16.80458456147099,28.37076232777547,26.381227853538622,27.855485825660594,24.116252814179862,24.075708333576312
21.35747655412824,13.183816505482575,17.38440890405746,17.05402953781806,16.217026679384137,17.390439181089675,17.357631095266115,17.810827143562673,17.44737011547418
22.757381376197618,25.91013693787064,15.842280824886325,21.657100817028503,22.622413852555038,21.586596601659565,19.568301619869896,20.54885708738747,22.37510685872186
21.702946082002484,17.441913489230487,18.692270594282213,19.889551256538788,20.017818316187736,18.727437842180574,19.69970389512746,18.723611596054738,19.647057187489303
21.95347960464072,21.900408018501345,23.13632110616915,11.395702284728056,22.27270498326575,19.774124424753495,18.614185510272385,18.433358966610555,20.28364280035732
13.367639358444585,20.760599404606683,17.319309874396865,19.33317855018723,18.360505427037214,17.76233926242582,18.712203318510458,19.206973005490166,16.15897381577212
25.23658853310724,19.858408711011222,14.180523673663695,20.27302098633371,20.7781762604956,18.0817696781629,20.612952234209907,18.746404445133855,20.21996968489008
25.84794996213887,21.947674354736353,11.83696876673855,17.685733934988168,21.58984374404773,18.802861267270924,19.13806810471783,16.521701895536815,20.50227983080415
18.85304627965986,16.32914427361105,13.114810461579099,18.75645609237319,18.703443205952905,17.247188935410655,15.875471263362638,16.932906219198454,18.17538990679419
19.78261525093069,27.145902180639837,21.45756598962666,19.761240501588226,22.25927723572613,23.366182791417756,22.183256707417154,21.472962292342054,20.10293265408371
12.344462487221389,13.029282444006999,16.717502094772755,22.058398390542322,13.329476511034263,15.423755765910215,15.39617754627881,17.143881227101343,15.316152248950516
22.571273780089175,24.69882256414171,15.569916360317158,12.70048005014906,20.437719445657102,20.199055716110845,19.672927181458114,16.63051874146421,16.959014512967546
22.86028720857072,20.367320737327145,15.13613110726423,18.022731845441402,18.77916451200895,20.733543918709284,19.652633438908918,18.354606769260844,18.492417637811986
19.689044915003446,16.14537553096273,18.34018344080073,25.033344392230916,19.26241856366816,18.973938017713085,22.73795366224289,19.049864941492576,19.03661413988971
25.621766799352514,23.011916852993476,17.042179624937663,24.666645233191826,24.091838432086398,22.76542605632038,22.140512588967947,21.08283678240041,23.636474003312525
18.329613845100297,14.21524456646761,16.90747142512299,22.40374771110312,17.097246472047775,15.220677146027072,17.66059375846386,17.505569397932568,18.67355621746979
22.823029629468003,22.198569108598175,23.397295711242958,21.147298735822705,20.962011550743878,21.21467839082849,22.236772622346187,22.688836651572448,22.15644236094118
14.901678306539422,14.885615460942228,24.152065127446534,25.618538993608354,18.84027372080626,19.906468665879707,19.778488937863052,22.20216659014454,19.989696109185438
19.88223924562881,24.306360421589154,11.559913308364013,26.671392006426665,18.44762672547796,19.063875306878654,21.63205518346364,18.370718007062642,22.33358369051442
19.12822871048582,17.378213331848123,19.31037092457183,18.48368004781259,17.029242895521353,20.568159073308117,18.29877760861746,19.064149310415463,17.579020392450893
21.12653961020471,19.745029914853454,14.89255160551443,15.12227022684672,18.68652377483076,18.238916110817208,19.693979555498323,15.078638270559916,15.871957669575664
18.152365355833208,23.46974693971581,17.006995544555625,17.91883072950202,19.746937651784854,20.32309360920661,19.719259752127368,20.8796065316383,19.627219202967883
19.34263702164166,18.13728944078882,19.237113540506776,31.38678205508821,20.58659005326184,21.329178303574068,21.540219466518344,22.161128553771004,22.302742614817813
24.13023585720753,21.710180001658486,17.149120332276322,12.722574629099224,20.801090320699274,18.025144177578145,18.18678202007972,18.48074077266169,17.809268019315628
17.81617881380891,14.430847493775731,18.92183952251053,17.117843441882332,18.71192178748148,16.473800273849246,18.112549511402833,17.573042614270786,17.704755392121022
11.967114496306603,25.15437801798078,20.69188082412767,13.349235390029474,17.871627248828556,19.07152810952611,17.81917233399794,18.750905500905894,14.796510529240845
28.747919521027104,30.824569027753856,19.178307202161278,19.49905545150954,27.56677360407314,24.012342525072857,24.571522854369704,21.394671348124596,23.61707930559213
26.907270393452432,35.96104433954981,15.412654783329506,14.18923588442053,26.83963056844857,24.302602984165585,22.519071123763947,21.148209444994805,20.21503542499485
13.538686524471906,22.455840733332195,15.483201572118706,18.56499590866553,15.812493002874184,18.513864147467398,17.449235503726577,17.65646333247517,17.478008394179938
23.448539026225973,25.941020703985934,12.241178813527858,11.199619359924963,20.560189033098716,18.38927283642391,17.56863462511341,16.25955506549281,19.60457759096985
17.485126147243285,13.096871635462554,14.584318809917127,21.4704826603386,18.110344490834386,14.269843808113281,18.02091126946639,16.552044941040155,16.649742055088275
21.317436076655298,29.51367163152794,25.848273447594114,23.8893810258719,24.435317858286258,27.364731877908014,25.859250697667708,25.670644683686955,23.842889933462885
21.47112064506747,25.881142523620532,14.831985703619022,17.464225511746164,20.390990182654882,19.788334842845074,19.737349756712522,17.608230909970544,21.607783219036186
18.82796099841839,19.580332775243836,13.22648475022472,18.459479971697192,18.06710476063219,20.00881010013472,17.334096540843305,16.474409469658926,18.375031046446974
16.081171672068017,28.185904001445046,19.279711447379093,18.34637107707475,20.110299337183964,21.77772888082799,20.565463717730943,20.04120466125053,22.20182507497782
16.547294738418703,20.727619616773293,17.55854096283256,19.7236427009001,17.527571663553754,18.530080585013458,18.63373426585903,18.03519139484347,18.69931609074419
15.419040422593788,19.70987408492722,17.2176270526031,18.847321652134287,16.925552575952143,18.37934463270271,16.84152962375543,18.15965191562126,17.892046043158626
15.840888958847776,24.376674627137458,23.63618386564836,22.072467809722777,22.015851197150923,19.967243384471246,19.580779686954113,22.89902466630696,22.421408239984512
19.664108549753223,16.683227500848407,20.19650670223346,23.932156533803784,19.166509972505306,20.809315680871926,19.321299155218693,20.81207800590937,20.306198202212347
16.421200054446242,27.10812382199974,15.880028273186099,15.743715110031268,18.12321930126405,21.89636989898073,18.659749324250807,18.03660981729193,18.49430098629517
23.410260328563098,16.720050940365784,16.30209632963288,17.762686028902813,17.905060744263665,16.051999978649405,17.81094020914865,17.94578961648372,16.53501462419971
27.436230776679636,16.74972605088407,15.98965394437726,22.60647779569898,23.664793626436897,19.542946703228417,21.514860172305557,19.513537416287154,23.29839239395547
17.099733793149785,17.451551057958326,21.49895848632103,13.31332380776387,17.483148543253904,17.662426260675012,17.111738650397495,17.891391332259197,17.304893337267654
21.197022502676884,25.79750018758061,16.76740948218745,11.11711487261772,21.11783094200962,20.107529005152404,20.593335336294285,17.487451562413064,18.099847046870796
22.498425551514668,18.91612319240146,10.827385990183398,19.905263811593915,18.058833531182767,19.509766301562713,17.47530537819421,17.518603722951227,19.577153653328356
22.360011354596374,15.260021078164156,17.806721285062622,20.98538564428197,19.502879655999934,18.971984231339267,19.24375163922784,17.501235996999462,18.43550648559381
20.379776339580438,18.97160000032101,11.851895995488285,16.110799248185632,19.284179311446227,18.686955740511532,16.53965613972406,15.087699636855358,16.560493317427053
23.713412091798613,21.839788146597567,26.736922407019605,16.685395783518178,22.4009621567107,22.823207218033176,22.68365766496831,22.77786114498554,22.388320046613448
22.411244763403285,16.095137581678074,14.137328344611076,15.959230713036405,18.675014700039174,17.195258691970913,18.216486479679254,14.320116641948628,17.601661989601258
13.811687888363512,16.24159445482828,17.352540938569078,15.532299042622263,14.015145307879543,16.27527357037662,16.34281154002288,17.612778251342387,15.968654689816004
24.345780321946364,32.556481670497924,19.03281093880455,21.7739832824184,27.512083264297463,25.92104028666878,22.39646778395075,23.346011602266042,24.403091387344187
24.436454186333712,17.697172980930567,16.84536735728308,14.278006052009445,20.14914357571479,17.683333091022522,18.814111754612068,17.96153053775929,19.15338935540869
16.183569479107092,20.384788156134967,16.83987839413523,17.937908554266606,17.33783692838474,18.809982330517308,16.825658003629936,18.93240038162666,16.360574358276605
20.18968917723801,20.16381499600357,19.687309144643507,15.37865532994059,19.30247340833287,17.83820953737342,18.54509798354014,18.95270510267475,19.918872982455152
23.416644964055347,19.893215961147792,24.104863835185114,13.178844096395139,20.96344177612868,20.23401764633856,20.837721401033185,17.68331274618363,19.2943764232825
18.953430902103193,25.106733699845513,21.07003632726919,22.480712698987084,21.116565842023984,21.503116105413657,20.782967498636204,22.236612392513432,21.723329548265497
25.364890238830057,26.740714752360248,23.91405551429417,16.920699111305844,22.195556392879855,23.741510508641447,24.39103791168263,22.738350826993077,22.21585508284549
31.819362473096803,20.47022784234204,13.813523567625992,19.75376032168303,23.508928355538078,20.283670232542594,21.110832651635736,17.64065258376199,22.041281899674594
16.070069836825088,15.817608567038256,19.269450533021445,12.96769648079596,16.184091578919688,17.465804685999096,18.202143727338303,14.578944397784708,15.957835651360332
13.094776984231125,28.372201139244517,18.620984208233118,16.032242184974095,19.565653732870317,19.04469134291269,19.09872895496448,19.703653567858847,18.871911534313664
21.51909297802438,21.523294544016586,19.40436516670694,22.024351522780023,20.624789993592593,19.255670877566928,22.823118795533752,19.5764293929046,22.149796378580405
23.607812525630717,30.651609074285844,23.50492788254229,29.349085823381238,25.503465577243603,25.481056937139275,27.97603805099353,28.759217176418318,27.150888181896935
18.845668130776154,10.772070512174185,17.116843400831783,11.095135742438753,15.294995715919974,15.34900299484609,13.846324364500724,14.477396280389948,13.964228833877911
27.26630331660517,22.977016106416603,16.37798653378365,18.195568818842293,21.282412229117526,19.92931787583335,19.902527966278406,20.683410529614893,21.87900861629588
13.306971001383756,31.59303166938104,20.135923189674656,20.649122392574,21.03621796609473,22.707749552028965,21.53488942449091,21.929572827024426,20.772908336596196
23.464593115158056,20.23367932280921,10.88718908973661,16.535599387042865,17.425119540035876,17.04151152095585,17.19762211016451,16.46028945606143,18.28329654841795
16.970695896205534,20.87253288332682,17.052591803511287,22.398087947976496,19.82118402781096,20.075538229641094,20.90319591284204,19.465303203313102,19.929883396578987
28.59688953103648,23.477558457951694,17.463209242858188,15.533069317358748,24.212242085768388,20.8774563748054,21.020822465628658,20.205978067420563,20.1513836245977
29.96257676584059,19.206020905575215,14.318565534772299,19.615390640866565,21.645903272625905,22.73731792956282,20.475234503244895,16.411173362332644,19.551387579710983
16.16671706108326,20.439640339736336,22.228236045426307,16.91171238200656,19.396535386978158,21.314165819985263,17.540677996326096,20.557555750717505,19.64710333144809
17.2522143204571,20.310924529042985,13.751038730626863,23.87772433181909,18.243657490456897,18.129366527950502,19.21719249106628,19.119903290584993,19.020000457500604
24.29793943489901,18.862896327868135,17.456507806544813,16.294541987857578,19.489790201329907,18.562182935780218,18.053749107345553,17.919187269955707,19.857553762493538
18.064346751052426,28.144282751002798,19.172628901291873,17.592504814853935,19.239923630236493,24.458769959678136,21.185877717430973,19.97293034561394,19.292872133305394
19.77294391033881,24.305390161482176,23.413806245904475,22.78275614998862,22.478267160186384,21.74804797295289,23.148815843426526,22.739619516178927,23.572773511577694
20.12694210271205,23.25314116051651,17.957774260476587,14.887845363628546,19.31277673056291,19.3112085716477,18.306750609859055,18.595552724035706,19.096698541316456
10.401634219011719,26.042855034450582,21.744614376512843,19.27500022705429,19.34490266564394,20.294016632207658,20.32260589527507,21.94311961216868,18.2809666185597
19.930811269528814,20.678220833982664,20.80238158910851,11.709862625253592,19.52128707223524,18.769977608069258,18.005443640177155,17.428447509191386,18.074114369410243
16.55136112967913,18.128980908235498,18.49383022467657,14.648266165483701,16.523248689328668,15.48805707837566,15.484365911114505,15.371177142971943,14.942749809486854
17.53438588800114,18.986878476927213,13.64194636690618,20.528525103563215,19.288898415106647,17.89783206113883,19.21822129916313,19.650731346262056,18.31776726360168
27.21816001734407,22.008915205523046,12.261676556382604,15.037209961855071,22.02244136865957,17.761901433019208,18.20801986120188,17.21100721846227,21.017556544456614
13.717465528603718,16.70394145813549,18.426021605676745,16.821708272704832,12.21045728218386,18.082812803574452,16.924354757546674,16.73824435452763,16.503024035052242
24.066025933739887,19.498694917066622,15.829212504389545,20.972345608191752,20.25270414152216,18.15008149238856,20.517364214894194,20.118576979997705,20.76323595638809
18.605185348340957,19.419416790642828,21.677044366725166,16.683255435412278,17.88754460140307,19.44609243133652,19.48541015920465,20.353890172091518,18.488793230911984
18.601199157520828,32.62278114914507,20.98342607239431,22.29136829286543,22.853338113796944,22.044255009587175,23.996555583911544,23.957739436068348,24.07177329441908
23.951859480258555,8.130925300330416,17.2615560222518,19.862651149944256,17.313865302728797,14.226262816474502,16.331560351636256,16.407737069981444,19.45385876415793
21.70025647284445,21.101901392971833,13.369148304234923,20.74273244769801,20.11282442123366,17.990560734977887,20.919859255940025,18.628207500866523,19.19516258070237
22.853064986097657,30.628468964073853,20.042942198429095,23.963862394954127,24.996107104956025,23.866598742624216,25.328333786089324,24.70689471297512,24.538007304855906
24.840923302664304,22.60922232066227,13.928202215459399,20.279292250456262,22.61057876196671,21.45099688445005,20.88946675356096,16.94093262342868,21.07576400958122
18.343458084083387,25.767087367105464,14.96614430827654,25.155389161877377,21.212875599116703,20.879147115544857,19.725043494820063,20.745332735675373,21.59807168132158
16.938816327461247,22.49913157549884,14.082337047139383,22.645049132151293,19.180985255402664,20.18362057962553,18.06296564490726,18.918333209124505,18.418728056798706
14.57424736721101,18.663333093917597,17.445995912240186,16.906190280662173,16.81000940870721,16.749099636745296,17.554898290196906,17.50642346602822,17.808773520726856
15.872947350105225,10.790420327455434,22.680769336282246,24.172592300085086,17.826516988269578,18.6565500120397,16.37549821678518,20.115647841556214,19.273118275626704
34.745472126543625,23.027278435181515,17.979836519105884,20.05546408361178,26.09160955016334,22.5368464113984,24.29071665105107,22.474649807770458,25.844109210878806
26.22339790368393,18.121966976988045,16.227125230289218,17.421281165357986,20.623199148428437,18.240190406892964,18.167266021694175,17.752650694411923,18.847878291359326
13.244628168959894,17.99832296917348,11.897540279819022,20.11354278128353,13.182637139455629,13.81954302582854,14.945476772299367,15.714420907754384,14.930037360444995
13.38771021628215,19.50506372010444,20.208498338919373,23.449307297561052,18.649397643894208,19.61722611432706,17.726577285549155,20.673640608563623,21.05321265541716
22.40933030859246,30.72430703311747,14.87838157628549,20.82018037696889,23.161792830547054,22.588792134633305,22.454156239523382,20.405131653782785,23.236520217820527
22.736323986889836,34.02418771126986,18.470070476632387,26.28957133020559,28.5583628426552,26.330769407075614,26.496399828083717,22.967368273906434,24.391532579451294
22.744419176586824,23.086039687642003,16.583125536333437,23.346122231595288,21.26928421559109,21.333776135970446,21.787944181852076,20.74286678288798,22.629148078463412
18.72522103223151,19.67616388044136,21.35270887839775,21.09264013360865,19.861321495482162,22.298430038013734,20.669516530092064,20.902086848124576,19.68531867904449
19.372728699985498,16.11386791274395,17.371054431885792,14.89572766903537,18.093540460706492,17.075195613870605,17.106303574567534,16.21202144459682,15.278811853735293
21.639397620796785,24.342700807730346,17.764294581907794,18.281069943959515,20.23763522842662,21.608018844180826,21.18955924946925,19.490203823047416,18.297288783730902
20.429465031466652,30.91452800032572,19.942988589821837,19.286656559003404,23.72195550042831,22.876370212139175,23.11049515940442,18.809174267201584,22.064350959255172
8.903498136262325,20.763298064874217,26.427760729052743,21.78652600487099,17.289254852322028,19.386852432103364,16.755172539767887,23.3584775690176,20.20602015795548
18.85100184712403,10.10501979623388,21.55378772143422,21.54933216508877,16.73390924883866,18.295404227929627,18.92109212013187,19.893449057920098,19.973249803483277
15.742967828698433,25.350248359077618,17.645575574605562,19.678161640873146,20.571796876954092,19.89382508619893,20.40539031277459,18.26819399630702,20.485648582576673
20.87605709454256,26.926998557250247,18.012791962461154,19.481399661508686,21.075472045724542,22.38547155305329,20.961998988282254,19.84707485931381,21.925206237306966
34.926295013017054,14.070771798070762,15.900562158702261,21.88182758030428,23.83494684748115,20.705961247540852,19.720657409790896,20.680078359529634,23.354068229763143
21.83740832737152,22.882420918314764,14.200017185921219,15.565655097480057,21.45092284476033,17.812330789450954,18.863849407906297,15.955077742691655,19.789370737648266
18.43235156913801,24.256130080680492,15.788996851734712,25.782063276999427,19.679163593949937,21.93075892662908,21.391546248774656,21.223137586079748,19.26246348775009
24.60900750988626,21.63446348995531,14.911404145152229,10.811332459346115,20.100470143213858,17.176638330594066,17.551068418524135,15.503738113763971,18.925063436695105
22.413439436046062,18.04614540457323,20.61347353518354,24.821637928688116,23.32938245916774,21.67022741816937,21.66037380046943,21.95259577388427,20.78144183867105
22.100472452259208,27.07968611781778,13.715220568524057,18.81925788629935,22.06345578373982,21.704029185140115,21.500499514195468,18.80798808724597,19.522177386386005
23.034252966078355,19.983101270156588,23.332842245520176,23.010319257086376,21.670034465648374,21.819102660920816,24.73765065300554,22.253046396696043,23.172412529638017
30.282717824147706,14.574069186500338,21.00818553447532,20.455361737170453,23.53510592629977,21.978286782228643,21.72698724348932,20.871490227907554,23.266605499437656
14.345557823370422,11.752627571651596,18.082006917470675,20.384137643643207,14.350732997111079,16.2939462741926,16.474996170387218,16.640078170900146,15.776127112341731
22.368160384057273,28.30424759999655,18.001274445860272,21.217017904106083,21.595579189044464,23.460636049785982,21.648886208319652,19.679047835025496,22.98285085637259
15.368094350092308,25.083319882355593,15.770874761541787,22.236217156351113,20.42239431795224,18.940365003355314,19.113234491608623,18.604966194248668,20.015064315648743
22.77756323171124,22.439867735645844,19.080337645391054,17.68467669365104,20.32446154769055,20.762809831437277,20.359568696228315,18.65540931167108,20.132065784370372
15.406567442569528,19.798626815745983,22.352369852834357,23.139196522104946,21.338321269526265,18.946370483484497,21.351908193704304,19.778969847250504,20.147779383523112
17.91316593197458,19.355007928984364,15.187374150976744,14.662117505684865,16.986122956786772,18.589071826830683,17.598374135433197,16.505303157438195,18.761945495313547
18.524550428810468,16.621316757791945,11.866431644325079,18.9786777066955,18.800633979958192,14.032971826151796,18.427097478413714,15.44412767356761,16.66695009302297
24.879083596723547,19.842721777200577,20.812873019426977,22.343879697089108,20.932741476923844,21.28651927812195,20.479413346949844,21.838706897819815,22.05091595754242
24.59227221971207,11.399563924399128,19.297463896975202,22.980070318463557,20.439771462712216,17.7918682598478,18.243607619238517,19.872898016783555,20.561115468613092
13.771413117768077,18.31968173265743,13.519204794235282,20.843155393045603,16.292352538040728,17.149280075432788,17.71544669466253,17.45817503067633,16.56919446243219
20.274670554999243,20.44531241824453,15.066434516343527,17.42643024817706,19.83713810111462,20.117690186941598,19.75207231075558,17.777954161288143,19.203182025954902
16.452100726254137,25.049400235952096,14.563582903799437,22.586831113474815,20.235082760070913,20.346596408558774,19.696106866541058,18.276964018583836,21.10352013928805
13.707475446623327,21.80036768313318,15.101870923863004,16.322535043524987,16.177983030433214,20.03795737707987,12.26745841075725,17.24785548914264,16.142782129310834
18.914914747878147,25.974615569377796,16.70526898383525,26.005636294995643,19.99112415422821,20.41013539797983,21.15657973712296,21.792017809903875,21.15535707907324
18.457586057720903,28.745675525567147,16.93381078287701,18.661316410001344,21.20871314799482,19.82644225354913,21.035090846190993,22.156917726161556,22.24647594501651
32.13358243172761,27.290850469120507,15.39682537972616,12.841497223176159,25.62723316927518,20.908204454019355,21.01627588935988,18.69062599571318,22.149868542494346
22.16479912680348,24.352549236892784,14.967344722000288,14.221266127933792,20.11543535782716,19.194425933911283,19.1116159603453,17.72320727297209,17.07527062579846
13.111912496228815,22.05931339590392,17.084862624322472,19.17457454751835,17.47454296703889,17.1736278395341,19.756221214865366,18.21454573397386,19.37705544486633
17.176129979145287,17.096059957932205,18.670766139438246,19.559301085304213,18.01897884663059,17.32547128779601,19.55169711004999,18.52181762156408,19.30018220446351
25.106916477146992,25.699720256896583,16.734813854540622,26.878626739804382,22.877481666272466,23.747952400748723,24.41391157746728,22.389535908768483,25.683912310084636
30.442213864349625,30.398736911107648,22.634668093365207,14.846002649543095,27.70301178438996,23.72849292100658,24.515956100753236,22.19701322466485,25.627393479118304
12.070083438810208,23.71053019825209,20.032350857683145,19.157848797215724,17.596235462563264,18.235254751015653,18.2480352650899,19.886763023524335,20.7619439441222
10.600378074304775,31.586295742130616,11.636616572565217,14.762314371671774,16.819613803837946,17.64087343061399,17.90415250544557,17.08239833850733,15.216453494374313
29.35482587685891,14.372141459694582,20.094911061655413,17.029380587146385,22.562868197921656,19.312513978366738,20.23820939883905,18.53718280106023,20.01302436876692
21.94807088685452,16.229183076102295,20.42217593034233,25.73588812027735,19.529016063975153,21.542215220581078,21.143533942766496,22.165853800636274,21.143195823339035
15.658536340618168,26.27600753874131,16.261060127503235,14.454655107376038,18.38722674420319,17.883118841494085,16.61134916567866,18.37618605462398,17.020524761201518
22.673145430612177,23.321451050766257,12.019209650787378,21.348169696271334,20.676403237446014,18.686181251721894,19.125963574883396,17.263477270584175,20.397477860438975
6.821261304915611,28.568910882859036,18.032267037644544,20.571629436057567,18.337105758612857,20.040601640624715,19.250377632686003,18.81661422732031,17.048204102734083
20.016877532985806,21.922641796366303,17.969165394071023,18.903314294567167,20.26049213809943,20.552974846425172,18.60193291374899,19.69302995867733,18.464868384189263
21.639105864215427,17.66012288735834,13.51341505386722,21.07774649276695,19.29242520441848,19.324156320890733,18.738304673154442,16.837089348291038,18.17532577187899
24.62135069768915,20.93203378897479,12.195123134960259,14.359918472226845,19.705524353986338,18.203521266028464,18.4396101183269,14.788855975946538,18.026059050966516
14.930520238537312,14.33658014538133,17.64978581418624,25.62529003121423,16.287178680611653,17.837435901782406,18.606431873083796,20.824766834122165,19.708316723579724
20.428435807016797,16.357046634514827,17.06769123179671,26.699381980494085,19.113087524050325,20.02802332414179,20.698403129813293,19.18481643017287,20.247982716863472
15.372876869702063,26.862219989590052,16.330938538710427,19.188418791037254,19.686152567620674,19.60279388474946,20.066339600400013,17.67503728952433,19.81698822293746
21.276918778371584,26.36393707234805,17.666357061013755,28.692424522454218,22.526494924452965,22.92818930579822,22.876116266504372,22.29105608502742,22.475582893181425
15.52326838818488,23.815021424030384,13.588894504718724,17.40388827380032,19.151981396283052,16.032495798743017,16.115113584022403,17.203703601374713,14.160032504462038
17.959495804198898,13.394612395197653,16.260717548535542,20.60172797542512,16.141332108986333,17.502259695734097,16.18060301845595,17.23322954883539,17.36625802531137
15.020923026048855,20.207982122435556,20.133300122457392,24.727556255098055,16.862938361946124,20.263539474749013,20.752361578414877,22.9024890827692,19.382791501860822
23.255681209118286,15.875000556699746,16.600119678594844,17.16398215910836,21.843991406657064,18.60350801060201,17.022849307084613,16.52141780364946,17.739185860121978
24.29225558328333,27.882666268938827,11.312110112829792,13.473803764482247,21.364135822065407,16.49583428960641,18.199598252499044,16.808900393580615,18.16992280925535
18.826897150212933,19.081389332186994,16.109230889105714,12.553131737524584,19.04550479840622,16.78609013604177,15.596518276499882,17.037088346747502,15.744617563396803
20.191189974800142,16.57126144609225,13.719366145972558,27.243306255610634,19.920849120463068,17.71820601732397,17.585306500875635,18.33509377327733,19.301124456025462
12.75704292683228,22.148980825607122,19.068545185846922,16.883901397444887,18.194824907579303,19.794809173111876,16.567613217801004,19.10181315944586,16.239052451274787
18.501616759966065,18.79922771582694,19.2753496135217,18.257052946326006,18.523163016474047,19.388324055546835,19.708708672233847,16.965091847609504,17.283669026169026
19.748976914791275,29.418719551018533,11.364901499655875,14.548943686715782,20.739766119699166,19.328905846314292,18.053620760329807,18.528039846970657,16.316699759462015
33.103965455149876,18.325945512329046,21.036051882328756,22.793357117316752,23.951405714651166,22.556130763549643,22.065891835226765,23.222771297614543,22.43218876252992
14.440164871129182,15.003858703876844,13.551254794885766,15.87376056310166,16.564998348720323,15.026527446606599,14.20561587833378,13.94674331756412,17.266289461857884
27.32088619376219,11.235432421212423,24.236729161929404,17.03494788935471,19.998018827007286,18.584629662187822,20.46754613245835,20.614168913030596,20.33793575042948
24.98429386732904,21.846067487932924,17.80489494199753,20.198081677664643,21.87442398673659,20.832038490292106,19.377561728847375,21.362208263877825,23.00944759578838
21.403182022450682,19.19034943071037,13.014426005843351,14.74381629101771,18.494630955504075,16.312468906672375,18.041253747271536,14.318634794213068,17.107463452728673
28.793102420975668,14.855476967441366,13.432055717229275,18.285670921943098,20.38142253942588,20.16850412896664,17.40059569153827,16.1090513000857,19.636861981363325
21.860527363034315,27.946132306278926,19.39238116714938,24.60883835801308,22.810537424035193,24.965374942428813,23.05648615963224,24.260966585665827,23.715183035132323
21.945795978339643,25.336225737146208,16.43480044040649,20.71301759006745,23.13178701162245,22.12611805093006,20.69919482649433,20.117123087886,21.791919954177356
19.734396734912274,21.858910605313852,17.613384361527437,19.522169169713433,20.87660494832417,18.20269064882337,19.12077511111122,19.68339245577849,18.42475931183592
26.117844412093138,28.821631220854332,24.451120930788157,19.85945883785546,26.291844405362426,26.041443407766522,24.747712151916247,24.184593937658374,24.06796655821486
25.482346169054416,25.312680166993065,15.2030237430837,17.443459616093744,22.17214017194905,20.927539005194596,21.63893777778293,19.816506876031468,21.285664279046024
16.871613562518938,17.885720492407838,18.239851430782828,26.9846092790197,19.525068658632932,20.832376284781073,19.954647109879115,21.168560451300536,18.44845549797973
13.403764027006163,16.80389918004617,23.679377949492213,15.751371477863731,16.249219469723567,18.298405334962432,16.803929498508808,19.00453612578786,18.1405343982716
18.985096813021716,26.089907722269306,19.0820539018656,19.84370464785572,22.792184127385983,21.310631113377656,21.45753945601398,18.60073153304167,21.745790180832824
15.999807178011768,23.981834782336755,11.573589058567975,19.46010226537123,17.96642225963988,17.992393337284575,17.96109704969444,17.503824607822033,15.647281220756135
19.682377126923225,22.848738839853308,20.02155604692855,23.03505002853254,22.26517024193696,19.598940605503167,20.727426950632577,22.186363884653375,20.510286648831304
26.187190673420695,17.767510985655463,13.347988568866224,23.41269575517456,20.702176528172036,18.48722387990776,20.2211479178636,17.29568654581499,21.20791558107674
17.71349172456605,25.03973783502877,23.627230114931862,18.871924782051718,21.281489723567542,22.29050922501502,20.560753610937013,20.72016731181502,21.55086085198178
19.785883093442127,18.222505584330253,14.708529580008088,20.1626659724522,19.564498487381428,19.008408720886948,17.354157329161225,18.072899645618758,20.096898948843258
20.290113674041976,21.49006672703161,29.87803803098266,20.314139015655794,24.76401214729283,22.98078884903172,23.798890576077916,24.566806698034593,21.817555385297332
24.242154411026423,29.2347207319349,23.869503953310712,9.911433377717572,25.79268892992982,22.72117808345855,22.261411925066557,18.81759760020752,23.20509194947978
8.765553330076974,18.69582882094927,14.813549721488085,12.644041590088898,14.21921870099993,12.733740102088992,14.500123000887355,13.512331758673877,13.07599486007165
16.966498526173517,14.135053714635696,18.080055220006443,16.579745237112117,16.890384525530212,17.833092246403528,17.075466675633454,17.043449353582737,16.28276701367312
21.056418461397364,16.73726404064945,21.014577126533855,16.753605294492523,18.815073861250177,20.001298833566086,18.003246971714244,19.561683962399794,19.455100114119215
26.000394782134308,26.971494133438117,21.13464189690683,14.202870312143471,24.434051304586305,23.12459644652624,23.078632211222473,20.12473693748103,21.99299725104909
17.540487762468974,23.273655686901048,19.76934503990479,21.998330285494518,19.23894466359158,21.227470015265343,20.34784758341041,20.768560526739012,20.725129434643403
10.61723646979063,21.35561310655623,23.00863614786444,19.00847368406989,17.53193525154777,20.786965872245105,19.42670767533751,19.35949072696243,19.75672403865122
23.098557229830682,19.454530973442154,17.508124213462523,18.141221810452652,20.83157986839626,18.531741372813354,19.425491946825705,19.970301820353836,20.01183535804151
16.823188055871853,24.42679953776595,16.533129325695867,13.975378901970453,16.800633697546555,17.534530494280343,18.252787043205352,17.54813239153587,16.44728158000624
14.051666704548193,17.754475745048882,16.612544048301558,18.821820543020845,16.190438878488045,17.94632317377537,17.153354689176886,16.579937318876727,15.895695247290385
16.87827305143388,23.52832784321298,21.43349292788851,8.493260976005553,19.36070715580481,19.557166418526457,18.39653908491962,16.35856690556824,18.07644904447892
19.07737321172075,18.343727155935216,19.460724161210585,18.348174756776636,18.77731988224962,17.632949402754065,17.172953700401926,17.598337475077376,19.472383807915485
16.976276677308938,17.51170307362473,19.165134662761027,19.252734675231025,18.160370831942874,17.717493709846853,16.650064559522004,20.45339726938189,16.647721991898536
8.972169714504654,18.81256282587494,21.180936997028727,19.967659937285994,14.123867883342378,19.475109008306617,17.905043233775757,18.948890472427628,15.075123629811488
24.485330984435663,20.12296276758019,9.79579036858458,12.743592946082881,18.28867428681327,16.833078055169047,17.143281731664192,13.814998593040052,17.17748235752142
26.374375206393612,21.755850820331485,19.240275295500602,19.8992669467659,23.949425245597535,22.3407277833997,21.041798419059276,20.441254072403968,22.697806243902452
23.25760995669753,23.177278975555573,18.87427555549486,14.83427492054183,21.515081944144615,19.074796792233645,20.40016876108919,18.330999703004537,19.159828725935498
14.311571647875917,3.55817354285778,24.67523232520282,15.750120670830665,13.64201823544624,15.139004748696674,13.165814336587893,16.6309105116109,12.985018619933735
18.99254233026241,17.961747211266175,11.885648070945333,21.87172554329066,17.00332210329437,15.707530613603186,20.94220529981015,16.842308970249775,17.103587683595915
19.96739342385271,20.042150113219805,24.22874652950703,27.056454893438975,21.570491222029187,20.706217290675703,24.135257626832576,23.828607977005927,24.607084921040585
22.993971947809552,29.525310193041648,18.301636515698664,19.20543503521072,21.33404046356192,23.51478936940702,23.12889110034802,20.02414655155551,22.72218144868673
23.341702443590403,16.59998695808934,19.95595812264018,15.731618165439071,20.727042444355675,20.215892815659238,18.982946793117236,19.248467314712894,20.03326726223316
16.32913100610752,22.813983090499562,24.703675150437505,19.754681790039996,22.09998337763685,21.218273955761454,20.281639714465847,21.450624882757097,21.4936688046672
20.409977782067802,29.475151548679186,20.24304507202229,22.756116629996583,22.265739705620355,23.00212718676886,21.91088651884559,22.201417758539698,22.267461440005256
22.286402023076207,15.435157350263635,19.601473157850243,21.48399026349094,18.673469484719146,20.975916265993966,19.587933071180835,18.897631998015186,19.76540878730599
27.279111610733832,23.96987612932201,18.969164743209273,29.972451489854983,25.33456547895497,24.137241512762543,24.187890357584898,23.048816038046894,25.595271719094683
23.522532699123616,17.988640830327398,16.06608746002249,16.138649723621334,21.106567083621044,18.0828862480967,17.627535829620467,17.48580900236055,19.12598522064153
23.945283436877595,19.47683128855383,17.88604350195843,20.008925919677193,20.99716673629365,21.693661534904972,18.91251439699222,20.34197175042506,21.748342608498316
20.419133139646803,17.984445830233426,15.137948935509005,25.195671813672813,17.880825952585333,18.70609460735844,19.933962981696617,18.529694379683,22.17880189153252
27.05229572601752,18.34071345792057,17.82173240229807,24.944636948074127,22.17332526641233,20.594092683539056,21.662851127754678,19.14233052414556,23.645871144006417
22.048813979797487,35.60956073953247,8.656277211779614,11.199688293902478,21.323686005213116,20.744960064270703,19.913656631078883,15.122096321160406,19.649304114052445
15.694560449132148,26.22227936035833,19.716158270270196,18.986569519840074,19.317550300929632,20.005901128603885,20.611990693554972,19.94806013175093,21.518657403478457
27.016849850625952,27.508689308931046,17.513050984865497,24.9380830633948,24.751724137088964,23.752907132820933,24.473632932033986,21.458632848382194,24.38576917052683
23.489516362695138,24.45996743418248,16.655185053332943,30.56257196159655,22.191766393917415,21.82580480940077,26.45125046100596,22.47305904391608,25.62765996067907
17.784779894357587,13.96871605799021,18.879032335760574,21.815183535003275,16.483945871617973,17.95971429237392,18.935633469343458,18.116862371558277,19.02782121768497
17.602535163003783,23.974789851616535,12.265744308138238,17.528546825214065,18.51398856505777,17.966474132773097,16.582338026343255,16.70458323532627,18.402383479056702
21.48287772570381,27.36464807253673,25.717079986485132,14.96318739025044,23.65731606050184,24.181751715620553,22.8406847416655,20.94205113249462,21.335637222316652
22.315923976337924,17.733002629804442,17.588930154049603,27.874973430123397,19.127573419477795,21.492015853110207,21.32418880461035,21.756370387243845,20.727423170843064
20.986461328156032,26.82663333580563,17.41662226811124,21.914966345863036,22.51377734272199,22.40478022444846,20.444640248657517,22.666050429679927,22.063913732362703
21.556543367214424,25.521681049270395,14.13841515946831,15.60773229245833,20.285644059674986,19.725139687337172,17.784460087026222,19.026793503580446,19.430385541713342
28.499786872881902,31.26020022406835,18.095785529797045,18.187374534664876,26.93613089935177,24.070973893916634,24.463989707632614,21.212501157121885,23.301902499627047
25.35771576117443,19.911084937431905,23.54783956109312,20.240746067314817,23.63055182533731,22.76692568425116,22.961894116632134,22.678003369393874,22.27458860829677
20.95317795632512,16.511945088621367,22.143664837728135,21.17522661555247,19.336569157262286,18.910031718611386,19.149746425232248,21.15799453901579,19.487749899259402
24.706552903837416,20.191859453137273,21.417751004562223,15.40152536981684,22.37802942940801,18.15553272018639,21.39958923603308,19.653060030851908,19.480934575493933
14.837380482362303,29.177854965818117,20.185595806669085,16.54323832749803,19.542795637075148,22.24707666493112,20.470931792402165,20.53352450349202,18.805912384164753
21.989635249734043,12.857970595790185,16.565829889749562,12.38826175050816,18.528999494466692,16.376880007958277,17.146283528388008,15.79641192204276,14.869690949626339
29.04653174866555,11.65812142284484,12.199347331853193,23.159049158419126,19.072687307675757,17.47137037354643,20.105382813784917,17.94710694407598,19.849689866040706
18.90977052303813,22.446976394658066,17.19584491253346,17.633526132918735,19.85327233203675,20.276064331794817,18.888092575384107,17.7370958727227,19.60528786439844
15.761830356904575,19.78705353612922,17.056514141865293,20.865286596733167,17.55107054700269,17.646996277179372,20.003270888010157,19.363476768665052,19.812966539023616
16.7395555570347,22.038639465878422,22.195177758684963,24.68903403430531,19.19845850350733,20.850370553553866,20.291485613855382,24.032927286130178,23.350778133706715
14.551834813288059,26.726558856179324,19.23756176983928,19.879480569495783,20.575077754871764,19.831361540668183,22.489153507151308,21.341545773366658,19.122085363536
16.076190459361484,19.237153269405738,24.449246111614194,18.548118096203726,18.332151387642735,20.598403500534907,18.698891303660393,22.335646488613953,20.32467926683523
18.147459507049856,12.634970845346897,22.789954160152696,19.77568590753574,15.884962314229819,16.629148507352244,18.289014873343614,16.806908199251133,18.79810255273607
12.97216490410679,32.22240778599972,16.174017561983618,19.252774415400907,17.133655888211415,20.1969538615145,19.588152868259996,20.582846459652437,19.109412785911353
20.078091669748016,17.01385856280612,10.819483213520527,23.98465999151178,16.822712184168356,17.452267888386086,17.59723237151687,17.198023432305973,19.187696917645532
24.511385868933235,16.704814389939514,23.542300935765923,20.24335359015516,22.924702630022825,19.8209314136067,24.174017358712423,22.309112613457707,22.57797061096899
15.4612190992654,27.518600068612983,23.437540892922975,16.82239592168435,22.067553898546745,21.08325488698955,20.347218308210348,20.34595089974523,19.37801162392562
27.596419618208845,20.07755439479241,12.535153636391096,23.191396227559,21.169406113407852,17.729808001394055,21.70123934153076,18.240492071831788,21.23756601172873
22.553960442637973,21.683050739825948,24.036960079310003,23.92193742543341,22.351630242706936,23.616989468756596,22.813574260515416,24.28390818456366,22.676991493369318
25.152902928120287,24.41395062030159,19.52846868237007,13.646677492718146,22.1907947675284,20.25480668162691,21.62205036046527,18.243802580177988,19.801583939226905
16.710827230739316,27.41791551554998,18.64274199250261,25.13113553907242,19.817935353918916,21.08730855623697,21.431495551095086,22.393417542358076,22.9636028473441
24.272626135333077,20.33269653409114,24.45913301698931,20.458847092833942,21.797738855418487,21.088820784998966,22.63695778847104,22.398170672091897,21.613958673586954
14.540330498023435,29.599760029571495,23.37874069292246,20.133079800586394,22.366265846124737,22.410018764265054,22.541676055748688,22.56947460619553,20.410108087776734
24.451237504182544,11.321000756325972,20.605323807980817,23.02649852638606,20.10439771418498,17.493288988514315,19.129203695382365,20.43210162488848,20.93978882363928
20.859196698967658,25.798936184765385,19.892868263247934,16.732094435982884,22.00823148979444,23.168179238542773,23.57849981996656,19.106981755564515,20.646074033266192
22.76625609992392,17.802362209911713,20.465577162121438,22.816658056763696,19.486845729382882,18.212220025778485,21.643654425413988,20.088209552222292,20.91861207971417
14.12202697187574,28.861356583039957,16.399770264469897,17.49289812104858,19.4371648426951,19.45070392305133,18.99304203059117,18.853002760451137,20.220324236455433
15.524650788616977,22.710222394152726,17.779594201070715,13.100197281158646,15.585020632534594,17.978821521813412,16.581431649399075,15.935224057297209,16.05478192728711
22.986141091266923,18.63547333995299,14.39073138162183,15.008974883572263,20.006944894434792,16.73150560730373,17.847053197730485,17.515615597170743,17.832689779495425
15.258259978878996,25.314205465108163,16.667840897044325,21.268087331612907,19.416517444391342,20.11201510803724,18.41110040754763,18.83746251178109,17.427562927165575
22.316031460495616,26.465941736036257,16.533464485324266,15.218126640021367,20.349468213976284,19.607051911565392,21.91568634431932,19.489944879433825,19.55513097058829
13.164310967698771,25.209470614293192,15.458778521513342,25.440304492758596,20.080777282436035,21.451492296506583,20.249469921467057,19.298424669114116,18.392077906213437
24.24087106333334,16.851518801834697,18.54698601059385,23.75713381375857,19.040749990209793,19.100275405037166,20.761141354968718,21.044522621208138,20.56283737215546
13.837383426157455,19.579914381889576,16.70407659719769,24.33375666413186,17.713424853132185,16.168201370435725,19.659760621700862,17.6726301826654,16.752280595284425
22.761499688397617,21.979635814392825,20.008938881407897,19.499114318709648,22.205361596808107,19.750195359708346,20.34078239764103,21.934002380938885,20.18339481506784
23.128154668230003,21.793701736749696,11.510717546824939,20.031446469179837,18.854990105247403,19.00974078736807,17.960045518815683,18.420409778763503,19.533702977862287
16.516140907852126,25.748727377191738,17.5465808235708,14.22515258302289,19.225055308504704,19.0189267788549,18.379017351180647,17.534954162436197,17.637267915802717
22.910132835423635,11.92549383746696,18.526206560709984,22.983134040629963,17.108428159461674,19.066296402645918,19.213785468027226,18.1558942554316,19.443548103924773
21.30221131666778,23.671635272767517,16.757483040652478,20.51933382014834,18.179430782315883,20.994789138100188,21.0932520691518,20.181144061025893,20.307383454246537
17.30579071903631,20.550093227816802,17.310429200763075,21.26922250116904,17.608476119297425,18.43687902288983,17.632605995764077,17.619429926319185,18.639618039166965
14.95722657961896,17.80749691808024,11.65901595708057,25.75324724581153,15.615642681006928,16.492965133838794,17.087929845128592,17.481554684947884,18.071841192902014
10.186871541637105,18.287566111152003,19.425908418677967,16.57614806420996,15.748071120967825,16.28131750446518,13.035658740750701,16.61181972821045,15.461374394428942
21.748250236498468,20.92731167741018,20.590423930268283,18.495433800490726,21.01252984898599,22.388403573198033,19.258005740260824,19.89077695610844,20.651632854819102
12.175986143189725,3.994574477702411,19.974149176815068,20.30668368616867,12.187810463952639,14.377973376914294,14.828109904669374,15.454329515362412,14.337583429246415
20.47672099720654,18.49355214604225,22.15490823776873,15.258258378165173,18.68113990478197,21.233220889396144,20.05688574837041,18.387454704592365,18.41652619581757
18.682758919588753,17.62092587676853,18.80611842313001,18.24960471489264,17.815554182939938,19.155365389207653,17.197847448281962,20.094584008656962,19.143340267261546
23.39571387719098,24.66391604661312,19.914724722603747,20.971799241867878,21.907658623698705,22.183511459655282,21.911933922994553,22.310327741980554,22.828855568994733
18.48977250255068,17.972366587447397,18.624362953827408,17.698314914508675,17.057349052441033,17.197274858808644,18.221810394711536,16.722827241455963,18.143346441630506
18.35276106826454,20.92443099914755,20.750202878369976,24.23595763891645,19.598370639628463,21.221653575840204,22.143948285016737,20.71521734491148,22.30664581242438
23.659353521441478,29.71138313830651,11.691081455471512,12.956301752732024,22.085515201532385,19.68300126075188,21.03362483350487,17.728984117148574,19.347838493251754
21.675290145420586,26.971757599077115,14.425676128087957,23.491084960933367,21.423248540178097,21.358857854082096,21.794034463602777,21.348163317677184,21.668226633268535
21.58077978591389,26.511356999717265,24.347598628132364,21.64474189926402,23.29621026040864,23.69369194849122,23.26050267267465,22.30772870391415,23.07085614166839
22.34633794904263,19.50063784794574,8.158256711615179,16.724685649773637,18.78776125221257,14.059410380055308,15.238785930893663,15.114074592762877,17.418203288182983
12.32213938396447,24.715161396448263,17.439288280698623,15.302365727080009,16.86074398267729,19.432075741887616,17.5528079316089,18.006700364222574,15.801041405956187
23.78394339993491,20.83051099773203,22.689099838432274,10.678869531030193,20.034470949095155,19.897992347824996,21.570528443272618,16.88212736915626,17.169138121620236
23.06234397006801,21.01953394661531,17.62695733783294,15.819299950344664,21.201572756214095,17.956023053388368,20.672226351152553,17.903516388173134,19.675262571196274
14.916584357117515,24.04842671873275,16.37995571419721,23.18870662001199,19.041873211815755,20.231335634378535,19.80827664877377,19.673774734790282,20.351299591221476
18.779597631628995,19.01503205789534,18.517686707261202,18.775657094885304,19.126111219133282,17.915030406243293,19.075371181617818,18.76922979147939,17.772161732076803
19.803463561861843,29.465015522216017,16.587519279990214,23.651923521567365,23.069424947100032,23.068978480318492,21.688464109956804,20.283351441775658,23.320195852493505
19.327516077991337,21.199349302010315,18.123397971027757,16.52051571750179,19.824183915063305,19.848087001522508,18.43555913835628,17.61511986767813,16.972503158594733
21.669299832842672,25.091802831298324,15.26647585391948,21.828424640426253,21.460127109824395,21.826664990888442,21.111599965206032,19.217464544591188,20.562184806285625
27.156833909155917,29.27800239628649,22.434697679822897,16.130005591662314,28.137527040531218,24.010261196341638,23.900519234550345,21.848488902940993,25.034607687684836
25.408833638364143,27.158268872875876,23.693059684262643,15.137699975160643,23.27842730527506,22.950927561827996,23.860215475568886,21.472073557412024,22.690162281356333
13.438904032842968,14.955404486547376,17.46643871155351,18.571491131317295,14.626202536055274,15.50309363199765,17.070142523306586,16.76036121369588,15.78500964648442
23.110349951530242,24.22447947504942,12.454042317235027,16.340133954720013,21.603640046724095,18.17109723047489,19.55281820484476,17.34922461858334,19.42313536563019
26.64466659767705,26.253596972303235,15.904627318746419,12.82871140385115,23.140328626991764,20.52491282340962,19.408754394945174,19.899876127396844,21.47000145791915
21.934042603446013,26.459315110803743,17.264045359588142,18.270741197132025,22.749217800261597,20.948621838841433,20.020620746560677,20.742996539026784,19.36094731188959
25.454902125929834,16.433525829426845,20.022155507612833,19.425741665725155,21.228780296831943,19.087529343620737,19.44618981188908,20.985643470750784,22.07318915518312
30.061352228503825,18.71482381491338,13.967947107317288,24.07343444598427,24.213977453097414,19.488003857763914,21.93990968838635,19.07755347753157,22.286953655697385
25.118547730534907,26.972791178708107,14.923350725431398,22.74722270853224,22.391138006132657,22.033240566796703,20.414157031045523,19.695996961284415,23.447344438844322
21.246542978208645,18.19119814658677,20.04270455143523,23.879772796931327,21.694954714646375,20.061236346490766,20.833779545825873,21.74533286233904,20.57045171292983
25.225442370423767,20.50151971667843,21.75563532815823,21.881429993574034,23.950899421366355,20.957154012968694,23.74964956866275,21.873320369828804,24.26721603972199
20.724439165484455,29.879379047509847,15.513623819317264,20.3304510357999,21.179070133659796,22.659449913726416,22.278799301708503,21.08322236464683,21.363904630584642
20.119515216424777,21.76100374807605,12.667131784196016,14.08422037411243,19.148621015130846,18.94128052861431,16.807240169756536,14.773970872584783,15.817931035042738
18.242928821431338,18.366129310830786,31.136472805151534,19.5994887917411,20.951213829789598,23.38185237141341,21.13799951853891,24.48053160265988,21.723322132103288
27.81706679416054,17.611913215685476,21.133216948354853,21.387175109323255,22.16917956385409,20.744199418232814,22.793058301657712,20.998279148282176,23.811528585646958
15.907856670289993,23.66359664792594,16.931984952931874,24.829751797481745,17.442974643110606,20.275966489221755,20.63935288320966,20.08432353256319,21.52866203587545
27.66183862339058,15.334259957613956,21.47612510212336,21.745154166927254,21.123940202640497,22.464943027672224,21.307912009931044,20.580276379139356,22.27767521922461
22.49932061870186,20.76332018051791,17.50217348114231,23.961533738421686,21.833424511891337,19.598119327145284,20.5925561257898,21.08235902920508,22.403430363025752
13.003469125990293,23.66615267495011,21.468627556400744,14.872008434539044,18.896001076875763,19.898124708196352,18.328947437657323,19.856772316855455,16.968031235389216
21.83824646495711,28.495749102738337,18.637572791104887,17.69432949540762,22.57026034398991,20.598428552081923,21.363437699565,20.279888274386764,21.877474821429075
9.49986746174188,25.337740401849977,18.365087592670292,20.717402854645083,17.963012052393598,20.838340089064804,19.264404147643525,19.923100548429158,18.16855960994842
23.12754008415518,18.429674410089106,17.545672527076846,23.643810762970247,21.598694016295333,19.71655972582388,21.92784354205156,20.45091752448833,18.33120862170179
24.426157414944953,27.8920965878186,12.21047466614764,18.41908541664432,22.576735375843867,22.828863667031538,19.36970369354616,19.169287410542196,19.87348159238877
17.03822022173973,20.50242481226261,25.75237959757256,18.670216163403385,19.261179444379323,22.746192398621,19.26499062621573,22.69323886595969,20.171336398608446
20.617738479777913,15.821484889752956,14.233864318929026,21.748561224011915,18.456223957839693,17.383434193781174,19.45346841576668,19.25540630797628,18.885954484629696
29.770787168751433,21.13979320367264,12.55990569475762,14.496516691419503,22.698870344354702,18.24396506845285,19.657569632314253,16.11278425641556,19.99105344671135
17.471266478690318,29.19084600572851,17.14856046897453,25.429618199293717,22.39237869726927,22.676774349898633,21.17842215138293,23.53361539605285,22.22752131697812
14.705462064716997,22.826200250324625,14.154112745957974,15.48345562756926,17.974616282934946,16.95171847069547,17.775559278802856,16.45954241825193,17.660405560362445
27.408317012312992,22.06260932164893,17.793148837758917,11.325642305762788,20.911139027626714,19.301952347851916,19.98911446925974,16.57350458698179,19.94546164595265
29.812935952653973,30.186058223514266,20.751055394247075,19.04026803409032,26.525300485008575,23.39366162809896,27.1508251630513,22.380523321846905,22.51075773723673
20.018478359239236,14.843225764727865,21.981211602116893,25.79383480950226,17.53736352879984,19.69524026014714,20.423885956631022,21.967088192783145,23.05629106646564
25.05731517704178,15.57200442973614,21.258922886486726,21.34581252133444,21.82788926752369,19.219424612785865,21.917217750718482,21.251206026571904,19.380577668773018
26.707379577654407,13.920767645165839,16.77747178085728,22.00436217201453,20.202801250004008,19.503467884165957,18.403660854790253,17.750920994018053,21.71131303581403
16.28757883730808,23.863240932400274,18.198367310646343,19.165543049228457,19.661045652392843,20.700178166818716,20.774710082559363,18.666531652619707,17.483939376078915
17.57347082316066,22.832465635575623,19.631516203589964,18.390490010915293,18.16880151355631,20.672670722488466,20.55114572652154,19.160477037282853,20.705424594925724
26.154372565773674,29.71368183639888,10.96885030423171,12.820362521627537,24.25264073993128,20.342081749296927,21.518664240801723,15.928454480140024,19.550927908263333
28.425071393542545,23.21737538568385,20.282338800479437,9.962454968383256,22.193615265437113,19.874512461093246,21.582390454531005,16.70756923695029,20.60047830192649
22.814404300871775,19.979214202603487,12.170802849664675,19.785089353763453,20.306758790821497,18.370304619209403,18.588329490850168,14.861817503639475,17.22369157837222
15.600928232489728,22.008974364390536,26.161386395625957,24.250196777360905,20.618310730066877,23.21409837361945,20.834244878429924,23.319694172087363,22.31897282025163
29.935305558497205,22.58853709230479,16.38193966143322,20.376534819312262,23.87528198778201,21.167275527283564,21.718526382522832,20.42905357430401,23.30394967616711
17.345145510940178,13.641193633359165,17.260499291221635,21.494398108208053,16.36179585683678,17.157403022598892,15.674158748734138,18.47085803347557,18.449524937451283
18.32431109414274,35.551658221674465,14.921171603048577,25.33487018255816,22.874880233708836,23.728223613487167,22.612103744172277,21.1493583757616,24.141936971559705
21.711689172448107,24.599355090509558,15.48011987257724,20.315067405764232,22.48720908812475,22.091560474178994,20.952419234533217,18.032268988714193,20.8024308355797
27.77080210357387,23.050041540112947,27.09637427657296,18.50937959876952,25.306158953007216,25.151509220738976,24.058896500932136,23.25052350553566,23.702629604011864
24.269879882761117,25.075819921392903,21.76147875449319,15.72590077739974,21.88636222780771,22.659505346546393,21.484679693879517,20.867856160460462,20.555287086625892
22.074327501809552,25.547054902933024,11.803190219408647,27.088850251888346,21.179410338639453,19.321015353476646,20.835252803062396,21.17355649449432,21.775888140100786
22.31644265059053,21.297232572487843,24.016851602740918,21.10619111661472,22.358075291395156,22.451589332777264,20.411780474750216,23.147410824827624,23.29610158472931
20.21757334321733,18.843794318796498,22.772969100565724,15.225593136322676,20.71512604811662,19.4186488927921,19.447065587962808,19.09955360805706,18.118513003835933
22.79069757259253,24.99725343160852,16.875150150846846,14.315329328795052,20.817398301051238,19.819269344444255,20.123767813429378,18.683334607175976,17.66319301453403
7.352199611528485,23.928554202657264,19.22678776811935,24.01225490771565,15.828252593999458,17.65608002234017,17.638385562458474,19.571783142116566,17.05287182319648
18.516962704651007,17.95054950455296,17.940223682315704,14.850233214366698,17.888450118273507,16.35290251756657,16.781052006307874,17.147311364261807,17.79435609277008
21.206609674583905,29.095178056836318,25.89031961778773,26.415336630008884,25.904219693390214,25.95202107539999,27.193994448893633,26.15800212190987,24.980831182698545
14.244929581902465,23.466760181614916,14.814839244031639,7.974148811637155,15.129628081619476,17.042651284592353,16.28466740837018,15.84032762544502,14.926537059499843
21.9316165890578,25.649096811338154,18.58404243910291,24.690380791159907,23.158576876952885,22.00381668133644,21.229359595935744,22.65726731798801,20.83276598372214
18.97764389506939,28.959604438399595,16.287418676028782,20.94757924464786,21.167118019089518,21.159212835167697,21.20842517630565,19.718141474990023,18.04442965239747
28.77737849157745,22.109444105824174,12.267838381528584,19.474377692227495,22.220357492158215,21.744627978253025,22.112215350161676,17.288520504789577,21.61509192231853
27.865098626074282,23.584760034920578,26.76655302021995,18.29816625983295,27.40617043606292,24.041224504555764,23.91222348795442,23.36644142273461,24.92393496353527
17.670972154409185,26.05013619253058,13.27373368359035,26.562919394376117,19.997999171127006,20.51514974873976,20.620497167819394,18.691027741252935,19.423946217262767
19.245811442166524,18.37569458099974,18.880516749951102,21.828235433604814,19.924653594825813,19.27642799238778,20.67530217842362,19.470377012331696,20.299499548261394
19.630262171958037,22.270258314230006,11.037197574478657,15.387185564418195,18.998254271593115,15.650221167483332,18.068295150546437,15.304453369510364,18.356989072233315
17.741702619201888,22.627742933255742,16.40371784302763,12.124360175884474,17.198159599752948,18.254448915317397,18.159684238223033,16.965040917514106,16.76172745187171
20.975124920140633,17.219707241583027,19.68787528573383,19.709188852589232,17.619061757713943,18.556261394156692,19.135989325837553,19.94148606254982,20.487901476618536
16.20858965556205,33.588183943369394,14.701064081990548,18.995715465850342,22.220657500635692,21.497564814850726,21.53627630296813,20.016552436169444,20.409548775647085
14.346923325312368,14.963532782537987,20.34720740294262,12.920527850497963,14.505777238076144,16.491085255224046,17.139293354277953,14.812447518725708,14.979449014565665
23.113556119501343,15.50948048156421,16.92383563244767,18.778425898070658,17.496693353995372,20.050948826753356,18.531450834427392,16.595267199515504,19.875273369082855
23.147647921109055,28.571132878517894,22.640330049594453,16.704261467703198,25.0550534035324,22.01605071164991,22.362433457917476,21.491296904363807,24.110662987848627
15.978421201700037,25.56633125398271,23.447043653360893,19.037160273226778,19.63496588109409,22.572110952254672,22.237311734657236,22.453365362913825,19.749508281728875
24.476777153812996,16.87017591259611,15.653020957079953,21.903694446593608,19.400219795694987,19.901776637158108,21.771356920417787,19.272553585785243,20.33104918704096
16.842111354173344,25.036445075508464,18.306931437571826,24.970439789856144,22.380581485911154,20.72730840995071,23.403986797843267,21.255966389409835,20.221755191031654
21.265826190189905,29.33925222498655,18.73381690588893,22.63555614547715,21.658689777915857,23.80170105444804,22.619101366860683,24.638357079781887,22.940242071321347
24.10172006306228,21.84868471201507,20.477397181738795,16.11423700067918,20.645910533838183,22.384452132166345,20.361469489876942,21.366706506674202,20.373604128422794
19.831937176481436,34.99411450037291,18.057527984977064,20.47566051531678,23.630382726757617,23.212041074752193,22.310647711150498,23.587645364160494,23.86105974797965
22.27370456070567,13.379690945659823,18.760843837371368,19.252428485968096,18.360543884216874,18.188856841379266,18.534719281841035,18.88403288053414,20.305695039273246
17.417851780562142,25.46911726929551,17.02637410081952,13.671484181476396,18.4865538492074,19.371315967382003,17.32208790158088,18.206145280527757,18.61388451592164
19.017667082859514,27.832641681105017,18.460959467888074,20.59293113876909,20.549689247606917,22.3443788439772,20.949416400947932,21.41613420940398,22.188664040668584
18.970702845598296,26.456719508026232,23.19176077414053,26.426689351670856,24.316312405074306,24.74331428481987,24.46259791802137,22.588096172960075,22.844077498935345
16.267108267298806,20.97822136677176,20.584332964847416,19.129706416748014,19.093133075700052,19.714434064547287,19.629819664055898,18.743715854252898,17.97662335343768
19.11612918442109,20.547792589944255,20.805022557773476,12.623269281098398,19.819289634625434,19.26716042376722,16.462332098142276,17.90802445712127,18.22919994492391
12.256908505681267,24.220725855436285,20.892281296542315,19.121074684434475,18.122319710096765,18.898025133493004,20.69303988379797,20.29094344101356,18.45601664469173
17.544231264289476,26.078772433260347,17.384764888475857,14.145151204106998,20.022247282658903,19.540941183839713,17.701233860381432,18.04317240686087,20.19871108618383
18.575622533151645,25.01236718141182,19.27530817431812,22.45442202754515,21.96736466641193,21.015970253177823,20.36849605522768,21.57876234879932,19.244903956426274
18.7191012375231,27.200289453966946,13.659305286657021,21.099459966900515,19.493235370675443,18.99176175791783,18.930616834497446,17.002227569536025,20.73706811565583
18.792512770646105,16.905650214666323,23.075230625267828,18.316359786101028,19.300218272839988,18.906894213892773,18.611155010606314,20.49104580875465,19.731888720159912
19.691179000699357,20.861145104381826,6.868158270627118,17.675342936576715,17.972023392785275,16.061551792155957,15.377149949405426,14.25335066598216,15.993859459934864
22.39720759043032,17.29992033938123,17.651406430658298,18.151062793537815,21.0390440498562,19.030849384175674,18.00246584731301,18.01813627848564,18.187169304195187
24.372585370662613,20.069436119569293,22.563583908601096,19.03309797736928,24.133782543394744,20.202583557134723,19.045403792319128,22.11382075215827,21.209047171804745
16.751173865758666,27.076104459071527,12.544528265482633,15.911059914633832,18.993172325566594,17.480959856719878,18.20064401829048,15.835934175603821,16.08128546378097
13.983995723054278,22.539919603626146,19.599119670467406,13.448987675994253,18.758935821689597,18.852964741730993,17.625070836101077,17.543832811387908,18.11503567866838
14.789777938784486,35.03429581574885,15.276934213683893,23.55479578677859,19.166898408281536,23.270431846558303,24.408357676641163,21.947467789933842,24.26634707023601
17.563985394025366,22.967031835948585,16.524786939244525,17.458396094012166,20.518783615021558,19.73912459221179,19.11489106347322,17.34422720188407,18.06379387307966
18.240393410917456,22.298459402898683,21.78376384255775,19.668172416676576,19.583381533694993,22.174210566332295,20.00110824854447,18.894344505615397,19.549719218169923
16.150019669012714,22.530914597201082,18.7922277035406,20.141127804669978,18.750743118952638,20.19305929454964,18.202857465132674,18.527374198813323,17.841114351791038
13.519416678750527,18.81095653570032,9.862576528462549,20.288081918620854,15.493481614131925,14.948752011552267,15.5239814555843,15.0808675747425,14.780819436527127
17.71939586262906,21.710816938112032,14.094297841073606,14.304728011606304,17.69689342854507,17.261208666684684,17.40603255274781,15.794220770133773,16.178815696437965
20.907133100569858,27.63894013555823,21.90134293955504,12.29663934179261,22.460921182553815,23.162736511933858,20.18266526004989,20.04976426636172,21.077956288579028
22.975147329177823,22.56985334063886,19.79577087277199,16.64522990123203,23.172385066766534,23.39821170789061,20.557516387303746,19.064085876400497,23.552245297221432
17.212884734458395,18.03270135058264,24.992542290097138,20.582846129667814,18.96753732459839,20.929815630771536,22.102597720260317,20.18743566594844,19.220942023248696
17.93501088928283,17.374576897606822,24.73059037605319,16.088200530102746,17.854391736715534,19.97174660478643,18.647984546222233,20.124121036109674,17.725943483249413
15.366508455763446,19.748990541670782,16.63101947941283,17.580314585203066,18.968999756508037,18.229075981515805,15.444932710720042,17.246428126750168,15.992055706594233
19.842804148126117,22.3693171720544,28.012951220277955,27.509189654998274,23.528190237426866,24.608872124143947,25.307052336255623,26.55391611659582,24.73284124847962
15.757856829045927,27.96793267738131,18.097918679407645,11.618304460781857,21.39717569210594,20.458841567344866,18.674824607469237,17.146346245450683,17.770239570144078
22.865639066206,15.297556793167816,14.149325862363899,15.979864016358006,19.02700414912023,17.61121070590517,15.364104423266015,13.778912824261806,17.643953258189683
11.070667540329444,20.40086861055622,15.46544053635769,26.586416274295715,14.976662941986316,18.64568595414802,18.80849191766106,16.744881594525864,18.026083256701455
18.20185163773769,22.721550097175395,8.973099578842325,18.821605312019106,18.419370802974953,16.595066386751057,16.18166310730588,15.198747393870429,18.805171719294272
21.50553669595871,12.831471161852827,24.428076032997126,16.176059338004357,17.97092910145664,17.193486977870464,19.17660820956766,19.46880527868439,19.52064927846669
20.91917258161252,17.83200858516797,24.379047956175455,23.67507566804448,20.968020568674607,22.314580159948676,23.608589706954398,22.280148336116543,22.541349603014552
33.46516831990248,18.600557301319068,13.937970244746715,19.220921745924446,23.600206338290743,20.511634592211223,21.129185068629955,17.842942461608835,22.68377115595706
21.749000122839536,18.020148130747508,17.088462846472375,17.606766419823977,17.666349895003883,17.665968871044566,19.699365579007335,16.304962289811506,18.6390633358231
14.979727015789948,22.959447725108237,18.38243017645031,19.769475708150043,17.72034824039173,18.222483650260937,17.794282838522257,17.48431482491856,17.97796813335804
19.522678764554634,21.197201952491014,14.158587791431545,16.367564762468934,20.84189342626146,18.446218477964734,16.29208917139885,17.132687593261565,18.35813602243511
11.118768332667742,19.22356948699482,10.979591874915354,14.930035748447686,14.141877533834547,12.669472903179173,16.08036183315207,13.5998369753767,14.278436154321257
19.597001253516197,24.139813132763173,17.15856958489235,18.54561228946101,20.191423452497048,20.317678711335905,20.16806407871452,18.851255957939436,20.269651743043088
15.834719714996208,30.61537358823125,16.715682282163012,14.956012159695971,22.170127854810982,21.201013545225607,20.16711687743295,17.337872295002747,17.13899675165561
24.57695137780081,30.19628258370876,16.4463550360449,19.04277324718592,23.686978348091355,23.266629097340065,23.717612864030475,19.822069043185557,22.753723054417744
17.252298627022327,12.386141139688318,18.890864250403858,20.417626269897355,16.345276907816814,16.52634682205315,16.70891776195501,17.92919602128039,17.247711699752994
19.416170421023768,24.885360919175696,23.718078634103968,22.412241824206443,23.207719209526505,21.69733983055503,23.433079309390134,23.414209180306095,21.390614377954737
16.822210792977984,21.10988354968081,16.787629121233095,23.51169994206731,18.36980940193244,20.02305518807842,20.231400013798616,19.50851928827223,20.40810269891636
28.694256759266658,22.77577671432678,18.68177199488545,17.377053993470994,23.037974776976387,22.85204985526462,20.58741004470511,21.489655440949893,22.290173357962626
18.39378616941044,20.00858483228726,20.907482094979745,20.997658431756278,17.387595764261214,19.580375643670404,21.58986319352112,19.927892055060976,22.35477015219719
29.162785217396006,22.58794314943601,20.216571706050996,20.970093784825426,23.64532243809919,23.374838457383248,24.541208980406644,23.098395891004635,24.085248832863183
24.070758810591332,22.757036980360095,15.542305902208632,20.311274863263936,20.648975539123068,21.94772471827348,19.386626900068272,19.485654858285788,20.67725805075422
22.41033363667693,19.105241213255383,18.385508492456143,17.082162356198165,20.23959044822704,19.484571206730088,19.446097866108452,18.649067152448144,19.237613236560936
21.8436657365876,17.518162260874096,20.190159280676212,14.887728750143557,18.90926143831909,18.261895214933535,18.378849270157424,19.16290407962653,17.3891813846966
21.968986491081257,19.75652158690258,13.486594649956889,21.00800755626624,21.670689768978477,19.609187220590496,20.473335040977677,17.221115745867092,20.772569640095853
10.36163710327195,23.171296322283826,23.054156043186033,12.1725497512278,15.86650099151911,17.636912106383093,15.779297798873793,18.21464685825175,16.320331815149853
18.60558302924622,24.99498170842132,23.726355620856445,17.928642269726755,22.879509762226256,20.6250542435249,24.91630568127321,20.50514800782763,21.036664735840592
24.225789855921608,26.266744886700735,15.108878978222025,8.785475937405607,21.69041575289138,19.82726150928825,18.422238245190616,17.290334856948203,17.114286046793044
19.75551408262947,19.529049884665437,18.774680073392673,13.654390306566945,19.68806967949904,17.766937601773154,18.66685375299482,17.823055947758316,18.462718491129174
12.974050765982124,23.419222836513683,20.56911302668413,15.491464246210302,18.62437578204068,18.573082747394146,19.500961050850364,19.95412748034231,16.40192370786383
19.73797774711265,26.812512959766494,15.81754337468499,23.386896830517138,19.222907814451304,20.78705118031033,21.242733384850176,20.884250168840413,20.909564129005727
28.520527581277456,27.82797447572064,19.926455382752376,21.752432097617074,25.9055849825628,23.908103497766728,24.39190549874661,24.017001650849267,24.758211775626233
26.234458577673596,21.70583572934239,18.65302250516866,16.78426126463103,22.152336640135154,22.114434866341103,20.34156362538529,18.713811260812832,20.39644213163155
19.689979953169843,20.895341375301935,12.128327289444798,21.917479180519003,17.62902967510811,19.891091191945456,17.772316323477778,18.561880597281476,18.29464116253042
24.757246385290433,22.95562116918196,19.83664526391423,22.550491853521585,23.47158918022164,24.09420621383587,22.796860315769774,21.368839606533964,22.70063945983077
18.16746489815974,16.251462635512972,13.599430334915857,18.357340606501115,18.41458519342854,17.35034961323833,16.45865793859747,16.01654526918549,17.937627049218086
11.480642065866405,21.03195244482246,21.75681140664819,13.46248742314524,13.926449939553397,18.29152631301676,16.423599136795076,18.82428099848099,16.935767880320483
15.377670059352228,25.72293199236565,15.315155699464444,18.168350759735542,18.21334416147531,17.588344879433468,18.195063179695765,20.58676215506265,18.978839332369905
27.81444384254099,25.209735647218505,17.35485826535542,18.608430379311454,22.77474675807056,21.866428315242317,22.823100487499733,21.167916807344454,22.926020882628322
18.63003459085348,20.648661978180556,23.4891156537863,14.070182436679097,19.823231630458423,21.93813118372026,18.411935135524313,20.523782982192277,18.162056575411782
18.78308010312491,23.088591005435834,19.98552658611538,20.468187171719872,20.158112094125784,20.336867153681666,20.334381448206774,20.085315042826828,21.5110762835563
18.500809018625596,17.876748298546563,13.682104321701818,20.119247417209422,16.906016490318333,18.705811548013795,18.443394655809957,17.091044506375013,16.161884917846677
29.520682947865033,25.517460741125124,13.940333716803664,20.780170799576748,25.019102053131018,21.95254490589754,22.686887521411943,19.769877902271155,23.415604287456045
28.129794576810315,21.610892819317634,15.6027888455051,20.115692388669775,24.503493985544516,18.135059506689693,20.315232891217097,20.818647410901157,22.757677406724223
31.09390116724067,20.62024274151931,19.578576333426664,21.91937214045993,27.39260442184122,23.302785947692875,23.279152026914673,21.49474664533199,23.853454238398193
19.204773947999744,20.191380819533066,19.433199259731072,18.282687888507873,18.714603417388233,20.651121087259074,19.715032100085907,20.54538148150074,18.448862802052446
21.478122443735476,21.68553066550071,14.627590781348523,19.807140429483812,18.182264824544422,19.101993040058083,20.388868271253372,16.976450112138856,19.61114412861592
12.416787252896045,19.76061177534021,13.331162057542564,17.409038863017873,15.861231165649121,17.12574837753303,14.974021320454272,17.147754887329874,14.808507570635937
27.384672130591373,25.290715180012818,19.12633362034334,16.662003137512198,25.64303517938349,20.466622179310473,21.5574012944138,19.584343791934504,22.611672998185448
14.161102243660325,20.023582259919095,17.27255973683935,24.352998523048303,18.375017342153285,17.50609848846989,18.257400702146573,20.489634285420887,19.95919228735725
21.083877818813146,29.964820480136908,26.62886354979095,10.824925193894014,25.437609540444235,23.56473011960548,21.480101561266967,21.136044393524074,21.338067491766374
14.513487361835779,29.326052517406904,18.146414626252316,22.507039956617056,20.257710950266432,22.122960334605864,21.528253331225127,21.945584334481673,20.987787174590338
17.05566586630652,17.542282550727478,25.257011310801097,16.517836498217356,18.17856258394968,20.911067499955628,19.687688186396763,19.3095914100445,19.392227038471866
15.813687844751499,22.348521347146402,13.31846560758264,15.999847289427516,17.409145299905113,17.701727580003077,17.9210340151101,17.214894425189016,17.553347237788433
16.96062369662091,18.746716893319025,11.70714824175317,20.04630993626163,16.42377200125398,15.343917177733125,16.774024782912917,16.987403491842784,16.414579407358698
17.304386484255108,20.36676218405694,13.519659469897862,13.04156155059599,17.70296531929864,16.448161725231046,14.652769467422,14.523435914109344,14.343075464618824
17.258656025374613,32.01213733822399,22.756519125813867,15.735907712215187,23.60176598600482,23.63023713201747,22.610275214864377,22.52975754316187,21.129987071338515
24.166669558901535,20.462142914421005,25.024406358774137,15.603441413948032,23.418619775608434,19.725752977831327,21.473308739918764,22.14732315479088,21.952728844254665
14.4756860346874,23.801130185387144,14.871282184189464,18.11440696725962,18.226903273859346,18.07610884152437,17.875595822196907,16.667310550776175,15.930611926154983
21.102707135069334,24.706606470041393,16.15773588096177,15.783449247357247,20.908779222643528,19.30095143784804,18.154221195046212,17.215718289848628,19.3075474612783
26.089795761527792,16.9968531375838,13.324076359150002,25.404474742557078,21.534663681222813,18.74043987609137,20.257964136599323,17.888018439127784,22.64080273030017
17.43401817743302,17.724522627953974,10.75344061152645,26.188066065991816,15.097466880611151,17.766582872281766,16.831357084600594,16.233099707366623,18.66575982475356
16.41040554626199,15.969888142959405,20.87364679110652,10.912025909007747,16.831631362848643,15.367865244715802,16.523456585779677,15.381991826349427,17.08657071813379
18.847376874098746,17.570146330511115,18.89208121184865,21.177290819062947,18.758618030239308,19.36048131334392,18.691829780176526,20.233574893123762,20.63368474056579
25.898626041803553,7.74984945341409,18.0419519306955,22.434653756310297,18.749341410487332,17.96368750406454,18.0117358991913,18.644859215298457,19.47563166949879
20.97053815476679,24.72291200396814,12.399773851346481,21.171940809564422,20.314614168068665,20.6490648597216,18.279135721822428,16.657125812486612,19.699541156780032
17.343928526962006,32.27096920628035,24.559826727314643,16.36754602763322,23.599437614356773,22.668114428204937,23.6626634917316,22.412614207761845,21.13026555643432
22.419383255940197,22.739103695182635,15.986573047802107,18.023617751365833,20.21455787409386,18.201069006002083,19.533604806343337,17.433637020437853,20.012890579814666
14.488539250817883,14.918655703296963,20.134505699265905,16.006901380889218,17.028127118711975,16.89394015444929,16.47413127890525,18.149987956223157,14.98576100744211
23.40679755221474,18.78611808550026,12.181754379021102,17.318943875364685,19.640449487290134,17.149238791004592,17.187913382332642,15.71664255035329,17.052925856607352
22.043036538508836,19.705615774875014,17.23789924151985,14.160139885331295,19.743179042587,21.22634005218021,16.63609780009209,15.744201048212666,15.978161165267887
18.46095764430558,16.91207611393312,19.165497824954336,18.540844713461798,17.447673357603094,18.682131129462647,17.738218485986458,18.627128599008035,18.29490252189515
15.807071007763845,26.300913191975784,19.30830087221323,12.98879315477972,20.188958735826798,19.500098763469598,18.22972821891043,19.06734014262212,19.799486996756098
15.566595388582714,26.05130022187667,18.6185941729465,18.19946178308745,19.792352933388624,19.981351797104573,19.90174791253818,18.720497354100004,17.07327808152253
22.674086681729552,16.222741030911703,19.97808996819509,14.005673243600942,18.577158906427528,16.97813943935869,17.865115320220188,17.439978918032192,18.059931299946225
26.14490251244531,25.62540522223754,13.477918175868155,19.827265447165615,22.76723120912634,21.48931216430849,20.550523979731874,18.176522715548742,21.39810766668008
16.813461264856027,29.634063317886326,18.78949042175864,16.282321756228438,21.63081638052412,21.067077699839583,18.876494793040024,21.252698877753637,19.461379403730085
22.29193351775742,31.5127910261478,18.45503073392111,20.16232139149815,24.629422539701167,23.402883826442352,23.15397266275387,21.531102131151258,23.986642074187145
9.564864906989657,36.32606011542981,18.926690736780245,23.32632291345913,21.328743403934922,23.24850614525143,21.239424474393843,22.068433485272365,20.029503640833337
17.076911346714002,17.490036752784015,18.289380869276727,25.357787744418832,18.363961904559112,19.441977634762036,20.87433571206409,20.077461662415402,17.940040058751364
19.84470533564549,36.121102131976016,12.90714890434641,8.887981643918039,23.27026025241398,18.715757060891914,19.59038116530959,16.83039568490682,17.891173249637664
15.451582915090832,20.228968057456058,12.728800991564105,15.66322362450487,17.599202647848067,16.94731502899612,16.580246737186958,16.069932780843402,15.258161435634396
15.31746812605202,19.03767272309743,9.142927256461794,17.787655691551944,16.18296270347313,14.228760382572636,15.072642283001626,15.548796193203875,13.336744133152262
16.661102217655568,23.635361874389226,21.27013803938119,20.841311273525932,19.50575690975212,20.834100474898797,20.80325864100589,22.377254445476154,20.477310759612052
21.460963641631867,19.08969332953494,21.310630038940793,12.398581983381883,18.755215944349057,20.177911056210757,17.674251932602115,17.825954280068583,17.05191573399197
19.063354907968126,23.99522070323263,21.374201164888483,15.071630372799138,20.061971677443054,22.2172722088599,18.697882961552487,20.08166284238613,19.231280442964596
8.808843833375139,15.399614061313493,19.22715984984581,19.52142881062844,15.894653350752833,14.353592263522115,15.754392716139275,18.99659968901752,15.061596516614767
9.396499236824669,20.80623698968283,9.467523129127557,19.33955296610667,14.109626627898251,14.859583303904031,15.322844735636506,16.21677127147706,13.601551713251798
16.965674110714122,28.427911171808397,13.893158032858935,20.510473625680373,22.270763792494378,20.464463493845134,18.00349246520388,18.216648791587243,20.597685338041995
22.28843293026776,21.71469354284422,18.68166167037245,20.774702907552467,21.12338551620267,19.2240037053376,20.36576927195518,20.869102758653685,20.716751890247895
6.262475786373827,22.707978933699415,18.542072011167182,20.35437773246345,14.802422499646216,18.500977351645602,18.808848223814362,19.114191062355005,16.289337811653382
17.501349119241848,24.37629302358656,17.109007147391914,19.77462126652597,19.638634574259616,20.017046805861277,20.169545190856528,20.327770300000754,20.066257406428818
17.368760717412894,27.8533081465883,19.475668811632985,19.222959093305473,21.028752322545486,21.711196645305055,22.517820225925412,22.108310521541572,20.73181298057591
26.94168889104224,13.723876439052836,18.04660683074098,21.65905235889745,19.895414178302968,18.333740312584148,19.458761178144794,18.114326607586214,21.07931914152385
18.074890941435683,24.922620259187173,18.483081862205445,10.0427093337431,18.258781491979146,19.05811733483489,17.42291983414841,16.50738038595154,16.292228543143388
21.914944923704642,20.659304303791185,15.443738668671935,25.17733394788494,21.071587016322955,21.087592622446792,21.76556378135768,20.96165976127055,20.23604699031515
20.706285700437316,22.83318947655919,21.92804394448636,10.182071796478704,21.59118780928519,19.733339409422804,19.53591808486872,18.611136336943712,18.376601444873096
9.347167600963997,27.299750848811883,16.276913565278463,14.683352732382032,19.097491581989463,17.365167489933256,16.80741161079941,15.08319696812896,14.962573472224674
23.841036083158688,16.029066742940778,12.677403667917496,18.09295681339942,18.256197964378128,16.56267038452274,16.397600017585592,14.422483025945048,19.115933060131816
21.07698252728144,16.936777792784554,14.916003948725086,21.69045156435937,18.31141680806482,18.32971704790702,19.811905920514523,18.63116400138188,19.071246834642047
22.54134319837295,12.322850201430969,16.606135234552077,7.018932436801535,15.96528333591802,14.639548136210438,17.132543415317095,14.305949107556433,15.302491802732831
39.63118853218163,19.25420529118112,21.976011153475387,18.887502704232663,29.038416930718903,24.977625299799204,23.365360731970945,20.921127479834077,24.815878523583642
9.579435302507058,28.652161721894082,17.830928006260827,22.16958015766294,19.02555370938577,19.814471722956306,20.961645446830666,21.570788686560576,17.680124452687807
28.62348324880554,21.39706405763265,17.255407124137403,22.978072464113907,22.74046660617636,20.697671894374082,22.095205581015005,20.740198394204565,24.88983407273128
18.56276240299822,15.299375521726072,13.00534630094949,16.210681366010164,15.334856927535084,15.805491377924847,15.436072746882838,13.959020145039853,15.943508800835517
21.436644522015047,19.571606277124765,21.141930359318305,17.79665885217987,21.406706407620995,19.5831918127732,20.256349490197834,19.29345961695922,20.825914598260706
19.77243877349379,14.560691482546886,15.392191383906457,16.535407484429488,17.392358130594232,17.03111606055703,15.359659001954158,14.784137746701381,15.471010042093408
17.878818333009782,16.37406949134419,17.599888564234657,17.429301385895663,18.085044745054812,17.261349990912343,17.283380998676687,16.715530589651316,17.104199252357034
17.150835358806205,23.944094551318567,23.92073230752746,14.87269379708626,19.43220987179326,21.41896709319712,18.360835375882452,18.66510553739257,20.482385003438942
21.647543677865045,16.130633368469855,20.035053324197218,15.442991350116328,17.17179241762785,17.253495966665607,18.790137919940317,17.963966827196145,16.795675000645815
12.414131516641604,27.56317152601651,11.486983809139304,20.73750768811347,16.73078657842063,18.48876070472758,20.284170672940892,18.157211974885225,20.030838267888676
23.75289583760883,21.64439854584832,10.921959054590111,19.526461493090967,20.819282589036373,17.726515538887572,18.321897243620896,15.583466395235188,19.69961750309868
17.91902797557373,22.427973519722627,17.742758199523017,20.966346030361894,21.652247467721963,18.6079206638846,19.595283093003605,19.68152486104262,18.880823694852563
14.349653304798212,20.60813516196053,13.14903754050078,19.856057558803347,16.108251144960327,16.10718610538769,16.871242715442968,15.968372618536824,17.36509652598333
17.74993571002093,25.864239192718614,20.59418699053199,21.817354404590382,23.43567476226626,21.306508786121583,22.492897668456482,22.399523362499966,22.271007973406373
26.285746084312862,25.915799438885053,18.169052259859917,22.51285599261998,25.003954084116327,24.22987045203391,23.626435812971252,19.518805106639356,22.630990538432332
17.323324564918885,23.675271759560857,18.66153907609545,12.033133520535584,17.574500219399635,18.00139446829513,18.84366324062962,18.25383134305191,16.5922707559256
21.7922680910481,24.82394552953824,15.173027273430588,15.58276139834255,20.971006327612116,18.202557488490555,18.836765237887498,16.070298646434438,19.461033458893198
16.34521862142263,20.93955165039787,24.965534621146823,18.074496170039843,20.484483763333625,20.78694626225257,20.514769270571588,21.021054545469127,19.969952489748405
23.7896092496181,24.71101503454524,29.37037491204184,18.909289898050634,22.268669283871553,24.793377474187547,20.827266540628095,24.03318274962009,23.427510179228122
23.42753869395102,20.310611122630966,16.885661104973142,16.319637704727867,21.117745963750494,18.616263936006813,19.90332472855978,17.69432892052005,19.76574709528121
29.243044166482058,22.01115811081201,19.412156993660005,22.64809468395322,25.620527146786863,22.643998835582533,22.11082077993156,20.35643648468314,24.705553899328002
19.122180272503922,20.626781253168513,18.38966937225725,26.919793473162393,20.605687830850957,21.88955702275756,20.937012211273096,23.129517709249495,21.789189985271133
23.343274023789533,19.71390730340402,16.961252546235727,19.744647822326936,20.556475881335434,20.290838089514395,20.686021532583258,17.69844115064179,19.56993334359038
20.490337697694724,18.55444101139105,14.671718129068813,19.337364128792846,18.457620838186845,18.517618314309203,16.727375409116952,16.222164856337336,18.572605427301276
26.47935890931507,24.338450519294426,13.660128050078091,22.397825020417326,22.63376450387989,19.991331572238007,22.80837342299825,21.493845306032345,24.019110473091157
16.40583806195635,28.553029564067316,13.457610937897904,11.536640979186256,17.797450575733833,21.07823602053341,17.36397507448823,16.5179280239998,17.117942029316804
23.725026564386404,27.855509858347798,19.62096010219658,19.113875761753643,22.994719347968616,23.861973663665545,24.031958557958344,20.27189487405233,23.5872003932258
19.026513519416593,15.717173320272824,15.92130208718546,22.91614330187007,17.38503810582042,18.39710254968569,17.49243889815045,18.160662165527587,18.396153317760945
19.679059114457512,28.446015257034368,7.686828599437879,16.427384011195553,19.699026690126185,16.896830007675078,16.24703402118438,15.424326136700644,18.32114267920325
20.458762422241865,20.409207491910355,19.77943288239329,14.093757680392137,19.11471480333066,19.914826245552,18.656343403896372,16.579967360106586,19.197799148102476
21.261201982133386,25.00366507572796,17.846954870143378,18.256777559600888,20.531519803062576,20.257653381808932,21.179225939748648,18.98440583527832,21.923275530425954
19.41885478439021,17.468923339763947,23.386692005604583,18.757258267192316,20.32105400265126,19.697636409291096,20.428869038047985,20.391143716916037,20.85154571428796
21.073565915852633,22.709899569370027,19.492489588364037,15.365390872338166,21.04804721400654,18.267728828899095,18.52484835055398,20.322367508343888,18.25289756488862
27.890590287810923,23.568615914484536,12.085305614758811,27.384645104203805,22.84311698605231,20.50974045123544,21.107656160194608,20.363468145616636,24.86520729930989
24.92724842807609,14.576976040401735,9.081293437080076,17.08521447596822,18.375050789851382,15.938519922880541,16.105359121479967,14.052556560896445,19.02139301152308
24.34577296248448,25.041335831720946,15.122110462648251,14.385362594293724,21.260510392783168,20.80149567493689,20.240089453262442,16.992130754979858,19.077135443070684
17.722302369880648,28.729675039191577,15.49957031722539,18.625514723717554,20.733354025014684,21.223241445439765,20.610052394610115,20.40153857004004,18.85572721962448
15.55379585885838,21.12676027159186,21.772636804000665,22.631442550817965,20.15226209562571,21.157685801355974,21.843285207789364,22.18154087855082,20.01101632145941
24.776502791188765,28.800840654140064,17.964516270841706,19.069656995992926,23.446981173318896,22.734072577971165,22.27942397662345,21.93385679006297,22.686417024233915
24.380233962648973,21.051532532737962,22.534753992394037,20.94237568017601,21.49633010354364,21.733700870738385,20.38232760376456,22.05678306889249,21.963971036365784
27.36335337875491,26.247922655233086,12.700667777189462,15.513957622667371,22.766112882755177,20.54893447357661,21.653141796745444,16.12180070469443,19.466176564533626
16.98009687015385,10.907150170244503,21.86105753752179,24.950753785614054,15.568005669015193,19.038040766583745,18.869959904994303,21.195758770600253,20.60530275236181
18.852256723198266,34.09388889656732,20.88395661372368,21.246844111673774,23.79309658281064,24.5180360749953,24.05142449679167,23.48896907856268,22.16533865658433
11.80257918737283,29.477291226214785,9.927063554275215,23.19080627551044,17.588074901906197,20.03023554663706,19.366525452949904,17.69519194685711,17.871959020561235
18.037644469695636,20.576872478731605,23.29047136504309,20.460642529900678,17.62859393359086,20.644791289235663,21.855051301211414,21.821979309595953,20.432080321399194
24.982852552897235,12.13955486678091,18.373833967065412,22.299536150915138,20.07036305344227,17.63021545562032,19.42592440026447,19.18978036457463,18.81491428081955
17.66752310385901,23.440141841527446,19.56817801547402,15.50778976129109,19.38077660654443,19.52719628808946,20.222459813865964,17.865190819706427,17.005363729249527
23.20239897600412,14.780372264631215,14.540415550286308,17.03435833324175,19.508486665944385,16.949560084584,17.941522545182632,15.88199020912766,17.503499055825703
19.047484470010943,24.22426768778744,23.10098805168789,24.38592238222412,22.160595922694682,22.8022280250132,22.0340832566196,21.401681127485308,23.32070338817467
21.620285141107804,24.05782859582141,13.256590683044521,25.238967789135856,21.77628612102758,21.846831930590778,20.810179580108883,19.933947477832586,21.708663247894677
14.261543050921663,17.292984154989874,21.328368073495785,14.411737601123694,17.789398594884197,18.126363779678808,17.44040224353126,19.069747413126702,14.266858681789982
20.426047248169507,27.60483511807189,21.282429903634686,19.998944271455247,22.576532759791085,21.320236821815215,21.619239371088938,20.280611853853305,23.2944339677451
5.044320145496384,26.027873514030865,14.103330287311111,17.27622479805909,14.37355546081204,18.03783714331197,16.499396288360813,16.66283434150946,15.519813611706946
19.065519209190075,26.879116686442817,25.933494397690296,16.211874122540554,20.924285758010758,20.157844930756887,22.18068460481314,23.187813787840383,21.33675404180674
11.8476337814243,22.044288518344477,18.926113920870076,20.139358781421798,18.391036475623498,20.83954361718608,18.62096698961498,20.022231268310364,17.954372322308036
26.029972582734082,14.922379665431468,20.615570441084095,23.563851729461632,21.2225047941645,20.292844380836936,22.72344892822797,20.15666712581095,22.65915354238009
23.887036763822557,26.889361361055688,11.891516818656978,20.806649893136775,21.07486091654282,20.383433048654165,21.2252080867442,17.662946914332213,23.49060049087061
22.333354909830405,20.648143004321042,26.47092001203426,17.72195020032386,22.93388637415514,22.086763687963806,21.865003885542706,21.68086519163558,22.320928334624696
27.6050311357969,15.051099284036654,13.101772239099642,21.05944471974064,18.103859967359494,18.563962060888578,19.121748381560334,18.520136311908523,20.526084621161605
15.255417395875813,28.76019682987163,22.09954573106372,17.560095305676395,20.47687046121902,21.820762107324203,20.78415685584115,19.675872344366354,18.789501309564578
28.736815989577792,32.49703760251255,14.020913128273218,20.64845720292241,27.021177063743608,23.699044668898505,24.288105345025098,19.960024536594485,24.28369113596934
24.660957821301924,21.793759355103983,15.52404478860927,24.585862801822934,21.528184320990206,22.353623677095136,23.004479175825942,19.951454924615796,23.01091918983323
18.81722356390527,32.79560577301646,21.15501617554179,10.69136136279669,21.94778857790649,22.652499649658715,20.253025458480884,19.134587172137408,19.52751574397637
25.67810073591472,22.45657364305675,22.11021085470063,22.189009194160136,23.233000680526104,21.984653480971424,22.421016468287092,22.518239166917077,22.750704369700784
14.468532437941828,20.097720479168245,12.91486300354359,12.843780313718126,13.674150486539162,16.106911509481264,16.366263953790977,15.900002574589461,15.34985630627682
15.877429192361632,18.847707729072614,22.361888676227977,23.913310842177847,19.58447124691285,20.84513393168141,19.683937170101462,20.27221474138699,19.19108372287109
16.9570513838015,30.185412039963712,22.179921980532775,16.451897560508556,21.79673227569021,21.84611626942974,21.65966560755434,21.393959430240802,21.36371517480589
17.355111459679925,18.099280593061142,14.24818636462043,14.129314489574064,16.362072873677043,16.79326370351743,15.366175761918026,15.285185187900135,15.479257738759772
14.717211786198735,25.676346549874935,24.39459037436444,21.78107690835499,20.378145828741324,22.163366214959517,19.962821946341816,22.56456346227917,18.841210949808623
26.115415335476627,19.204180824703958,12.172569487007848,20.456680252569644,20.70168210272496,18.505770738997693,19.68543666823148,15.879984592981268,19.79222477324655
18.70572799815084,19.698466187128183,15.500909668889538,15.003252388153367,18.645775598664102,17.052695716633224,18.342256954606533,15.873780099065655,17.09544453923714
21.762524841784398,27.151248469847836,19.916010496367957,13.988000971326425,22.180323132875092,18.8421647955345,20.64239134303893,19.13447031654332,20.691103395516006
17.148243167931597,20.09981576855323,14.585734861189575,18.250074050034872,16.269759826800197,16.958629299581535,16.03930839867109,17.677607585627676,17.99365648993955
10.896983497257414,19.976023102898534,19.055276342717363,14.183652199315214,16.15653693979159,17.438690215124897,16.137054368597546,17.38168846488546,14.040000033268445
21.35028679195711,27.664023485874036,18.96430431521318,14.75410810830549,22.60616312742247,21.18696607747492,19.92722928669206,18.12789178541664,20.27907806280968
10.438725122901115,29.986986466108114,17.251702920309118,19.462483161685736,18.77370188743974,18.866662042986796,16.665469334505257,19.393559564124324,17.88409532281124
19.656829769572656,25.223449016421167,21.329602154362238,15.136513462979613,22.284579696887143,21.88921525293751,20.255714879110375,19.58291247269652,19.38839193502217
13.158424805835947,18.726151121880253,17.086556829369442,20.706157160106173,16.39952101719592,17.21812861901994,17.937006673185987,20.06223786845652,16.323684084538424
29.936379996154038,19.446957503512103,18.92616427525522,24.960574383533906,25.201305631908937,21.269751918906266,24.495224517745733,22.233980705781708,24.09280366604392
24.556813610873608,22.399576318700188,22.58588750995161,18.40577834039767,24.307564697467985,24.29417000052081,23.74386868494291,20.41424671189681,25.018305045969587
20.528768956357403,23.604650309628287,21.16274484010336,19.520604247942337,22.05982495377084,20.38692059129169,21.855127765894355,20.31828824538379,22.824733306820058
26.318533388273345,17.060670449301142,21.144069163256834,27.072386931341946,21.833733394007307,23.01909745897616,23.832482391648913,22.244785774197492,22.659518332540653
15.768420112671322,25.615189697899318,13.40328159113288,14.249595530490613,17.96675510721152,16.939830414487442,15.974556282970468,16.698438821838874,16.875043286759027
22.717396893350465,22.427566648197995,20.099170302005287,23.764940780722966,23.45041292433131,22.190315454449493,23.874094457615435,22.411324320155888,22.136063088823608
20.99905216859357,13.421458406809354,14.486004836121982,23.28343039164993,16.153974529800113,16.326554521559924,19.31484663236526,17.764110592856444,19.008264073625078
21.32010040666835,17.35536758769635,12.874340080887894,22.417269356695133,18.15929172264473,16.57708207197431,18.124653873020407,17.268235151933535,20.083461569229353
26.361767500533837,19.47935663174168,17.713174614860126,24.166991402930524,22.004883216554376,21.78571369934482,22.611982662804383,20.731415019034586,22.46781146793193
23.66246051389901,21.635711555794725,14.382819253393642,20.122299863834474,19.979280909006462,19.967801863437607,20.531890980179075,18.354236796642528,19.626903200495903
21.443618314125118,31.446393977519982,21.162470875359908,16.66828201760293,24.7835668456571,24.54968896642864,24.15040480670238,20.116203685055464,23.111827125213026
11.725562818858519,23.19085653069814,21.258141838781295,23.37829316488227,18.613754842038116,20.32108877729613,19.737105816145174,21.266180651358997,18.186924216562474
15.199768523602682,17.796140550506877,10.389495054274231,23.531368846851578,15.138727113532648,18.422269949651678,15.982960606108833,15.717159582432439,17.44577219071294
19.38645533202138,23.103154021535815,14.68678984169244,23.42125560597315,20.570524788440938,20.16687201400442,19.659415330644354,17.80753873519349,18.91419900447257
20.466861871383255,20.239561262730597,12.160853312328005,19.178008329276945,18.45016838809756,18.215873093886835,18.908117177293565,19.130224841435215,17.347470815835912
14.34898137663038,23.62379119766771,16.149482893628438,16.135221945546693,16.779954110010483,16.67039364671703,15.644498943225972,17.771319724299083,17.84470459827656
32.058383377892106,24.902838435178076,19.820702679475296,19.765449016446446,25.5219719090071,23.167744498141193,21.139769938004473,22.05742505982717,23.81246650618229
27.581970276267864,28.04615323611969,17.030847607286447,22.768920070271342,25.565746684603415,24.112958022845657,24.751221804454314,21.639314748250918,22.244105562839653
23.010591601962417,21.87856752164987,15.640963037331458,23.09740715943986,22.144750099212043,20.39323115756127,21.181687794251204,20.592602485939445,20.613615283625705
20.360184306418724,30.194802637999167,23.200706107252557,17.28129549170162,23.084017051633126,23.734631718234223,22.777710472146197,21.3773497894462,21.141774717873997
18.93895515049424,26.54011331268096,8.780571309614846,20.26149158450956,19.864320808044923,17.619800977975306,17.324736211336443,16.47988988484161,17.561905172261202
15.240407699888822,18.46280227593906,22.9474875740729,13.764886782056177,19.18274411333493,18.34609282486421,15.894006318393952,17.572891406748635,17.533733028661324
20.387402592594313,33.04927832874232,15.822846827378058,22.939800412023406,22.269423385968118,23.445624039351394,22.415302956686336,22.581237633237492,21.225773251047425
21.288762700713754,23.634972566350488,17.687563959548843,15.866764973099746,21.085856012249014,18.647431472647263,19.98121114929789,17.86418471323828,18.823228125447308
13.791197122591878,17.824377480138825,15.890546649119566,22.141021438286188,17.08665925802634,17.943470795633722,16.82602995976691,19.043848111054334,17.656058232878685
21.670882086224488,30.26456525615211,24.171552422156473,14.402781690439353,23.927161248211828,21.845503111907373,23.52754556398513,22.11018134824348,21.366532767638095
19.223704755876255,32.38888792599222,13.076086012778962,23.12566362573603,23.572215056133214,22.2936039385515,20.99952623807558,21.34277165044552,21.393614688624968
10.460962210613046,21.834873681402197,18.046945478887743,20.28734076009108,18.57180719871382,19.879799036053306,17.138185459588932,19.11791026129504,16.478148587566473
15.69807494610249,19.48174869812202,20.10975460743999,15.874569217532216,18.076517779505128,18.87253036221463,18.49423792198355,19.33167467646583,16.17130728707891
17.931972332891778,21.13812521273169,11.55598892845933,21.7654255243221,17.768377102822296,18.422013059837187,17.720962983116657,16.237668908487358,17.811281350580302
29.43843828670095,25.573658637588498,14.320407318215386,16.638553232778676,24.952392500539833,20.286191415688403,21.165414408498282,19.683927638254193,22.459470056375867
22.78276562266879,28.38928327515257,17.407285866007083,21.998220149780515,24.153239280170652,24.464229949990617,22.000900274753427,19.65592495540512,22.15956439239187
13.322592154500544,24.852436654317867,14.453339861262501,17.903554098477116,14.946960285277607,19.41368029987193,16.804039951336655,17.49827548247545,17.395920061780707
22.430181447088184,22.50861604235885,14.7376329151234,12.11581149748135,19.88102956822463,17.239483253263014,18.302237829409155,15.728616036171337,18.93016572922708
12.263480055308172,29.490058851522136,16.60054934769425,15.070335038076252,18.184953584187273,18.819182236626926,18.83981211779483,16.881138642340783,18.018070294364463
25.413455269435367,20.43581763474239,20.598325326584693,17.27834116525086,22.540332271552806,22.103258220262056,21.15863328655461,19.157819409107812,19.738087660825926
17.64437674091061,27.154596691834534,16.629128892487422,24.47275609499431,20.78357281161773,23.35469162079433,20.85903099950328,20.548179671671896,21.839844849983354
19.531819056304144,20.559686008243606,22.313704777891786,22.6045745221169,20.618655740513784,20.02460991643454,21.050954191225735,21.575421692967055,22.26326574582238
26.62898323771095,24.155114790054466,14.008968869362581,25.49544564928857,22.386253311441013,20.87040010550044,24.168062920025317,20.221292872464403,22.68794614321448
13.56418215707875,21.432187176047744,12.99231095810619,25.614540864119434,17.749774512103496,18.019307288063647,16.979721911738462,18.604168266935385,17.052892393509165
13.014409074435044,21.720739086735946,25.705381622884538,16.86099678163634,20.204203580004076,18.031823354657906,21.21127292185161,20.155882092846845,18.00715031609982
17.082003368269977,20.11306741268895,15.368167489337955,18.24605256096468,16.917288375863702,17.729026816664426,17.80204255393294,16.875038882388044,17.882719471388135
25.191894255096585,28.724270155903472,12.75635197171136,17.354880302677845,21.58374215027276,22.13928506386932,20.826722781370812,18.283982271137386,21.65256478691452
12.403269622615788,18.335369809457326,11.031784232912678,16.313957578795694,14.319674616173081,13.114954636757549,15.474473649747049,14.396398113287578,13.9678526637234
5.839222009447155,18.298838737256457,22.300413815235757,11.634021162654166,13.420169643233104,15.801531365143017,12.450857862090016,17.502909105124125,11.326335006391531
17.744205707955008,32.604967829225544,16.634781941359762,18.94100912793263,23.27116271913524,21.527197193357807,22.861560726197986,21.48529265862968,19.57710598211212
22.7587039995546,26.889237823271657,16.985161059734406,13.857737625155558,20.723863968887244,22.12555393859777,21.98043595587744,18.842587667852385,20.119733197506918
26.001308748694147,10.074431506534818,17.36319315365344,18.863312473862692,18.243867654530963,16.634419780434797,19.163534338145375,17.649541196402158,20.93758598792615
17.684193189573005,19.17370630394798,22.051771538679127,27.46308323825194,17.834748559307762,22.916091726101705,19.490903198702295,22.9746610825396,21.767332084832105
17.942866964419988,12.940053312189729,17.281880664096317,16.962619614677166,17.586784509923717,15.450222437894015,17.04602293664628,16.069193333058074,17.828910063286646
25.769503671278734,17.246546532923723,27.376215115330503,19.77909602251227,23.185462682029303,23.267724238568597,24.18883889352999,23.81105752921638,21.532177070818825
10.651291501522897,6.307426668829802,18.53504229621692,22.62659354323713,11.6589795008444,14.36026331682872,16.072837290187444,15.614128372892393,14.304220507694561
18.057396124084953,21.31505211153029,22.247139067833285,20.121165167863627,18.756746934854913,20.56609694568449,19.027098870601645,18.95580974390311,17.825722168399135
20.95211944962529,16.29029090419344,21.220959431617626,20.169936751769182,18.29864455443134,18.687257771968238,20.67468346590439,18.851145537224667,20.208514363536853
22.24609360642517,22.299526283982193,17.85421071896785,17.550390265247678,21.328443397874455,20.328513296537476,21.78312562143487,20.494436799704687,19.076067842922303
17.450966534045588,13.874393705587377,15.652116055918146,18.07248809975507,14.972951700852875,15.522108592726875,16.291956817472563,15.907135108318137,17.16143935552438
20.172205058529208,22.4145592658602,19.327855714266214,15.159957911248688,20.27882216029642,18.899390863185364,17.815943264686357,19.05339102428982,18.44581578595698
7.5583632329350525,19.925418609398363,20.04039492482909,22.38418003555763,17.290412725650143,19.45097545534249,18.30574179340497,19.1983820092019,18.997738692528323
16.70875793833076,29.50976482594298,15.709655807493892,12.034033373543616,19.534179499023516,19.86191467989916,19.544410954979565,18.02856642290867,19.459923166720994
22.26754356277234,29.056784308728126,18.665355463802623,22.88435335352881,22.6841147018664,23.990660266926657,23.07930100788207,22.440272075608927,20.786626297044076
15.088529828726603,25.926728015051417,22.944819913038383,13.385206461019031,20.12292217016841,19.964613117763808,18.14559759859503,19.819096480171755,18.90764129049862
20.294921107947985,20.366931096693936,26.279790956278717,22.85042909630661,20.54325713229205,22.43710830965941,23.429890148342974,24.0837017765875,21.529651319669906
22.23436250401349,31.926901976301465,21.417477281397687,17.584729895151277,26.233768570619905,23.71855558979159,22.522059048594222,21.985548588147275,23.26149012710322
18.287253995711175,14.234823610800897,25.451038745521128,14.072525247467679,19.486428623904068,18.714953468033357,18.40875712641409,19.449940976877105,16.301359622314134
20.852318854982855,14.982206852181687,15.482503155174177,21.317194580318546,17.89963806776069,18.215119141109547,19.716722215677265,17.495111231022044,20.185029918505588
15.186337173576938,21.581084500554677,20.807529008237175,22.715070140303098,18.084579853850702,20.266614145101993,18.413707108715954,20.864957009641536,20.87883719501973
18.966943601519766,33.2701905446056,23.354078034325088,17.247685407585852,23.53764887883783,23.43756138131969,24.11748839497833,22.248071805755615,20.77549012863085
23.051080847946114,20.988305465649564,14.414666668112016,21.882442194715733,20.292435919881864,20.368166705687397,19.877541763786056,18.617412854197777,20.379340718683302
20.784864804842172,21.08377378395359,16.057639551819964,9.859662021322599,19.220139301326263,17.304733234173355,16.765831756500006,15.13495311415252,16.784036774258926
17.067343652180323,14.790448219440954,24.951619047341,13.7176148410136,18.665789549575095,16.638775499902387,18.146072874526798,19.890676259107796,17.903219284248085
21.121082021453965,26.72964792635189,14.09960457685224,24.169635721874915,20.667699043286504,19.171624549547328,20.758608530219096,18.664698670860382,21.74111770123503
23.57304895318309,26.76588127164677,12.635479869377157,18.105322903208336,22.807521792306275,20.453979889045936,19.094914112425194,19.08552985980549,21.170155971902282
9.75029360711261,25.94537600699955,24.111926294558046,11.55114669420461,18.278915786088273,18.44800495185302,16.055490878688026,17.52996140750679,16.33112655609743
25.79537032477949,18.85389663576319,22.787052899921754,16.204535278232026,21.6443917376417,21.323328110704242,22.14197649409333,20.863713740678858,21.53993387311581
18.31872630659464,18.46646615813497,19.728480975935078,15.306398109899677,17.257054480578322,17.407890714655945,17.583345702532128,17.170747451417963,16.358661617408067
22.12744966620115,15.534388747975148,17.81715698141669,18.3361530741083,19.024575911859742,18.23137003937445,19.023727529782686,18.513653695182654,18.783398420752842
25.98623461822614,22.419362508804667,16.245901977580072,17.516996064769412,21.061594118222725,19.92182395455244,20.05709171746342,18.714596566030238,21.934144732560167
13.14163151384767,16.59796335360749,19.127795495236203,19.715726915752644,17.056854251406428,19.041120150846474,15.984018816236047,16.76723873903775,18.41344661015583
16.452794987862266,16.112917473753555,24.3192278296062,18.7221357935497,17.02716961041498,20.114945405108966,19.55408163113207,21.570813403288145,18.81194793004121
18.557256520621475,19.88154641544662,18.954264504568304,24.438957020148074,20.169821328974187,21.597282884346214,20.785968688920942,21.522074152878858,20.5668911173662
16.081232394377857,19.55421912407892,26.667837068987865,20.698194398878677,19.62152918384518,21.246549985690404,20.5134715925934,22.898735668511176,21.646273579208557
28.67468287918404,19.310107355890224,14.40823205743908,20.830686444774344,21.666995530030732,20.838936627905348,21.107823247763392,18.10161877111652,21.49435030411636
15.716139530866037,24.332222984201305,17.921276982686923,23.660628495578088,19.43360944738271,20.643053672956434,19.447082442089084,21.515842505127527,21.408257556750186
17.222266102565666,22.395239010751396,16.507765329344338,17.444924998281675,19.733506879582922,20.073930889631914,19.45314863479108,16.754606422030843,18.074114875138477
21.021945158014884,20.55921984744441,13.659433827350668,13.95249022656606,17.51142239657223,17.18792111409844,18.59066690337848,13.635912961693126,17.376059923586187
13.989252369619557,22.91506464155741,17.38766506796138,23.827881298528997,17.918384928568404,18.256756306124554,20.289270415753755,18.52304271282449,18.30096766918471
18.02159644121868,17.04236479447684,19.669317206641757,19.54336699243245,17.457804590714932,16.52787576181187,18.19717559959876,18.01938154707726,17.362542873122056
21.587266306250875,22.52639311954839,20.09692071980812,19.557404831595715,21.329331951937345,22.684239498940784,21.00134303898419,19.815158107846198,21.8461935670251
18.335697978087445,22.75301246422317,26.681808715778224,16.466680313879053,20.458531812532822,22.269426486544578,22.628136316126735,21.562056302282294,22.050496799032086
19.53306570550026,14.484765703212597,19.85786987889424,16.53257866758569,16.015406593314687,18.06017639929098,18.883236206409375,17.362748028406312,17.793932947880545
17.353339437758144,26.97846877185181,22.600547214718464,22.386889355083376,20.738537238178473,24.311398396830967,24.323680285361675,22.237475108267542,21.671680328405422
12.427648454096165,17.592831473865022,18.264376985195902,22.93862319255044,17.833401558630307,16.178681923321644,17.025351173113705,16.83235411985994,18.80396476334008
21.607966056696192,22.451548996032173,24.71222240181038,22.135293622986634,22.78135317543514,22.539182140057523,21.85654548539421,23.368706820106844,22.89309718262116
28.774665358236206,27.82205870267635,27.59379714235228,22.1718464217819,27.804789878554114,26.577989279897174,26.724962193843794,25.86627630638304,23.968802117383973
20.09200815391719,26.628383788569348,20.1243405239038,21.276118149039036,21.89518592781371,23.041717787540204,22.437108411153645,21.071105642831437,22.75465509784346
21.126320586237746,22.171666942844176,14.029363938193676,19.526090920312626,19.808884772909185,18.298151340520548,19.071071431837492,19.414559589936562,18.099025364964373
23.463613775584296,20.18750498558966,15.804779908891327,18.298481262716077,20.002689191129107,17.948730732489583,19.048910555359935,17.95315335249235,19.71536515677351
13.653347517266504,26.737559542877836,19.127737212820648,23.841295399766214,20.219212383351767,20.048168959118982,22.10738010101193,21.57486189781652,19.97996581143416
28.512573290648028,25.3734748890431,19.825992141002583,17.505116518038264,24.833590717235857,23.912796147022984,22.713557119135857,21.90373427046907,22.204541772477686
21.01164398211401,18.90817489977935,20.79370053753749,20.479916855522987,19.112573645680587,19.466342704919334,19.083147650820138,18.854393807611668,20.434780890009275
28.159284495445544,18.02553176499155,19.840790724920165,15.783948008183014,22.47165077658221,19.596525763377414,19.352699661449545,19.069925441297936,21.649861786566508
16.334835022380055,11.638224091520009,18.027939665023755,16.362803852598198,12.808527631401045,16.073875052686684,15.838014983014006,16.873693196347595,15.7738455268133
29.090309612789124,22.770159208417937,15.455206235191486,18.055381728571096,23.777610227214222,20.197802493119973,24.3454166811541,18.970430912911514,23.19867525118358
23.875777470173915,21.586511274908005,19.604553045056917,15.784246493091345,20.116242772025966,18.58437566588689,19.236828327062366,17.97863258126357,21.67022093115332
22.765200429261792,27.68095687321271,25.419949429922625,22.191407301913202,24.6174427636743,23.3398922634507,24.199504439904523,24.15563793516646,25.63203455123902
21.17012227176574,23.795275467401833,22.079714421711017,13.607862993819882,20.18873312945485,20.66128662313552,22.568048563940657,19.97929863323096,19.55254614468568
18.757356909627752,28.671145970863453,20.13881579854479,19.396918493524293,22.07456476370462,22.771172041818105,21.2567785633016,19.37768886246154,20.73005710588816
26.00265829236936,18.513178860419146,22.118267695291003,19.530032387368724,22.909952272144782,21.093726858810243,21.996495150133466,19.656557400546543,21.752398990858755
20.701799349240236,27.690751654838092,16.51574388439659,11.756801686721277,22.569601266948546,20.184111572771776,21.04218486639028,19.71520522160177,19.704201591081052
10.164651482064238,19.355418104476726,15.966939415666719,17.235904717905566,13.248106724081136,14.463980970029356,14.729249749124492,16.929686178425037,16.350001805858557
14.414067691464988,25.88798030896136,15.008859582536072,20.02279815219257,19.511545856672008,17.611121595212637,18.524166211767184,20.112856670327254,15.915220053021443
19.070771239036265,14.706208037346531,17.49885350892225,20.71491197317627,17.742585511298014,19.87259102261738,17.51332025598579,18.928651428402596,18.682566546875886
21.549994915827774,23.175676496830942,16.31197641316368,18.182771165599338,20.202706161748438,21.02563336142049,18.28720938488824,19.163740349068373,17.449347956900038
19.71705755550052,12.07656029277045,22.833098962608556,21.70755281792286,19.007022689404803,19.526791743196895,20.652933352889224,19.723444005580916,19.390246704335485
26.094853948968314,20.664312570291226,16.098706329271245,18.562734971055836,21.477325262549318,19.300698783139133,19.76974761642679,19.13186480636514,20.220876775391115
10.244490679806876,24.201769969389566,14.789113135100335,19.054611648300227,16.93914157099039,17.319079206237937,16.19625068232736,18.94679600125116,15.75098749082449
20.717939682525802,19.395157243844523,25.77030871532253,20.006615475946216,20.26817662369481,21.692873502310917,21.02807139133935,23.08647246910179,22.099715378525325
10.910103873064227,16.747811856220164,16.194499075674624,22.707998514936676,14.26508774042404,17.920659870885142,17.56893473512803,17.897582248148087,16.026606809375313
23.79856147742084,26.230592346479668,18.614113829001404,16.297127990337874,23.684737912540903,21.875332512641158,21.347992447817827,19.788411476540297,20.98814342724543
19.527706427789987,21.482686050765384,19.805291298973646,17.05271250992681,21.407618420703443,20.228390793752865,18.67543276643359,19.78556171297044,18.29935329923673
22.09804986012059,19.552146764846643,13.45322752431674,16.32441403308314,18.992918982521044,17.418450130272262,18.26610939050683,15.866806951342458,18.20153591647872
15.680585197051169,22.20947960577138,22.94193507801228,17.671209135432267,16.503296964341786,21.00844833847187,20.438396951815346,20.98656562310844,19.99555164942003
26.397324658288756,35.183345709727945,20.54847616164491,24.70493703231906,27.495073229186318,27.24232164696469,26.684756302592408,24.609317691132098,25.59916619397614
25.208623320294258,27.76751424890772,24.233536047523128,21.29090127731929,25.421927057849,24.944242741197645,24.390382794645443,23.801129096530584,24.99000395240249
22.917721515059437,27.8128683409392,15.283112251127598,14.475641019324632,21.78236228377035,19.66438251231058,21.138211719994935,17.282577559725713,19.893691122937476
19.352413765682797,24.17773159496182,18.39650316990464,16.5982121376453,20.669745394172658,19.848823868023924,19.4520299205352,18.669089560721766,19.347354462015726
22.899286426475662,22.832426362885734,18.157423019976783,20.49106889710561,21.21312404556458,19.895493175795053,22.70324268290097,19.582976133860868,20.86466862317491
16.465537160063256,10.01958855834792,19.055553977400088,15.373968876268918,15.779469975314614,15.050304962003882,14.471027270929733,17.576799072625725,16.14028753075787
24.27777829510356,18.60509826768434,12.181541005691356,16.098639836740972,18.172099710428053,17.400186766346515,17.009850885544264,14.956510079118269,18.94117110366642
28.247404471619603,19.59712793398763,18.44334551476889,24.379838664696596,24.541601845621713,19.533072277283882,21.763132366183832,21.820291134883913,23.262832794427222
25.35305279989593,12.625539679762335,12.294144354305018,16.546497486107253,19.5924404673199,15.62547572832034,16.46596212332765,13.995137884142663,17.75648018239531
16.351987650962954,16.21292104892283,19.433336284787686,22.818667264117547,16.660145620371015,17.352127978524663,18.706732123564073,19.54361370470732,19.623424102487345
21.807086586365514,12.09581764538683,9.485403501925921,24.021292758123753,15.737190078756752,16.138681538608374,15.526764213377692,15.890336817875802,18.606277249696966
13.534292281206762,21.808380821513136,10.593652662837654,16.066151635324143,16.09227216881412,16.277858572162412,15.59737661813461,12.921308274231906,15.053903197775684
22.861951555878377,26.09382985424408,21.274194865759995,15.440149773771434,21.584563119410834,21.444487864265867,21.982885699699427,19.248982516549884,22.1299431839982
22.253017064312694,27.533872593121643,15.81264617922087,17.89547165407534,21.62084213381096,21.582675462502273,19.408260317889606,18.471103001728565,21.577988188630762
10.65091830233918,24.073922310396206,14.048567705471037,14.6454891173055,16.859333423335304,17.087095425024167,15.333552932497096,14.58971323564469,17.3246592478674
14.191080780438181,17.183018294007155,23.08338248430219,19.48413551401097,18.134034613115915,18.585247652970867,19.052889996758605,20.018390586714933,16.58627562290941
18.584305516281166,12.339674207400202,19.31050486931366,18.177392352586455,18.79566101954349,18.38168027209134,16.01354997051945,17.746365255364427,18.060530815319215
18.495701264295867,13.215656502992491,21.488360782135135,20.442320063545207,17.875665766997848,17.473734514100002,18.094531131328715,18.15766980357817,19.774299405627943
13.952615322905974,15.655087113727507,17.335031710716677,24.587773824931283,15.59251798563892,19.07647918015387,18.970810562004157,18.960822223734713,19.165307620832873
21.944893646760917,17.555701509821628,28.718514775600013,22.269939923081278,22.066608370732006,22.500032170411725,24.41744522694198,23.449938940033427,22.266580271155735
21.25736804470256,21.201257510042065,15.58194455776082,20.956959101649424,19.924820953202115,18.634499696385294,20.189297514787842,18.786377826508936,18.657781959650798
19.028654340107405,16.92917890936516,24.97798219743955,11.135806348128327,18.66283537395012,18.253491993884175,17.848652162932495,17.992212709692176,18.97042503866583
16.221042499208185,23.694879468341306,17.754535839600347,20.7735039284095,19.20133469285095,18.734344650176713,19.10959241325411,20.182602390414214,18.906502879492045
25.243535632082818,20.838632486002638,11.381958420349015,25.890510642818196,20.282680038139304,20.677544394274904,21.749413394084716,20.646945878331554,21.488887177758567
28.277035565441476,22.052728558705127,19.931394982992433,6.957909934745933,22.89092053883185,18.039457184471477,20.438173659586912,18.072514457524502,21.033857152880195
17.582192580767316,27.701252763356024,19.259050245820653,21.757530171902502,19.962152659909524,23.345644007055792,20.418570643343976,22.922739809326067,19.920863227411054
16.939165414225897,16.098841328998148,13.794712743043082,18.362565700974145,15.483691075187721,15.092545242905919,17.20924811275425,14.537514831625403,17.388118109253462
22.456038327059982,24.09352289146184,14.31112289146114,15.60081998790822,20.513900012205774,19.96941876971649,18.508329722746574,16.793294461682148,18.344198996104012
18.209853101265068,21.930133857619634,17.90120942766003,22.204514335647815,17.404121404233116,20.056502334026945,19.201871906595898,20.594085986206807,19.314846064775836
19.30301399668383,20.332568595151525,19.398991260991927,25.838823602429322,21.053648326005224,21.218650759715263,21.064705160263724,23.016352878707696,21.656515979687008
23.698265758623357,26.4262816043298,8.117346868482397,22.100922915351013,19.18759794013236,18.93288290536117,21.077317529259005,18.182738945633133,21.324857095683004
10.453219562463536,26.395070772785036,22.21248581009521,17.515232194953896,18.963417129233537,20.528765326680695,19.453407409914092,19.437676007953748,19.06224754902637
26.591511624263347,17.26754602005786,16.022008104740088,15.226120702367375,19.25107285697929,18.485366991316393,19.059128277647986,16.654642484225274,20.284673693479068
20.363402621646706,21.08919708071038,12.673010062407295,19.578510535158173,18.55965454816557,16.65913370612695,18.778471728980318,17.530341300405254,18.028427776444175
17.9425342771891,23.406058412920327,21.764266205807722,22.492677169526353,21.320082839815345,20.675639672028247,21.869042035051237,21.764315221853224,20.021101417258137
19.553829228892756,20.63496625988708,17.905528082326175,17.451787895065088,21.53644549497445,18.42235961644574,18.772376649016305,17.681351318598317,18.467140108302775
19.812146775102594,24.925106661438992,22.86466310712902,17.838468033396815,21.87562211094557,21.112057374143834,21.99198490965884,21.17338721932428,21.200617054311856
11.343993482775373,23.405960089551378,19.75180905191902,30.288000999353592,16.555921002095218,22.526540584250565,20.537758709924802,22.788279268001922,20.915514030621726
27.47469113726618,31.162806201780064,17.993941988207816,23.314607783838902,27.222662624101716,24.91189842506488,25.637519428718775,22.087068179039846,21.43660050040451
20.20662816135309,14.348604320351061,17.389080220079375,23.60051471357453,17.993181671160865,17.50406258947477,19.7431922016735,19.910679254846368,17.662499946078196
22.215010652236877,21.387820051263013,19.93085104222455,13.158856375764753,20.67431277675386,18.979604909643555,19.872271124939278,17.979447582536498,18.635421222467624
24.757748852870215,17.457487442439046,16.34587496476268,16.17124528282616,20.584508325002567,17.822344465752728,19.434117967418626,17.284419718216956,19.894571575068817
14.894187712198498,25.02053727719522,14.589709645014002,19.298726557816956,16.08627289591675,18.43360745866079,18.915655938286314,19.15408075573357,17.27527695752696
22.367359495176142,13.914140549772277,20.439636490618575,14.995449768459402,18.71519508570699,16.703365560124762,19.102589491349214,17.569054920151363,18.8126693321339
18.661794545506034,23.731563551124434,17.422048634222282,25.40158919555718,20.199061639987224,20.344829293219338,19.03263519762382,22.182147205573145,19.95363389691276
24.23385387608247,18.849757843258296,18.134270592276025,24.641249226362582,22.66128285050746,21.636836062313517,22.318528842060008,19.810219100162364,22.31490513913312
9.363862898242523,18.32919066939493,22.35751934461843,16.865818650463787,16.129501857424295,17.637292417312185,18.704555417837792,19.037933671306032,16.26909851008798
19.504528498793654,14.767508982296564,17.544493569057035,26.13567442642994,16.72752832787928,18.669303803910598,18.86615589418544,20.601776757604426,20.623200336184457
16.98589672108019,19.67462026899497,18.060135702167162,18.98299161312023,19.469696923225076,18.516827275503825,17.692181217978135,17.7225974922309,17.329336219397987
22.161314753170778,27.42250265145463,15.601401954196273,29.357558869556193,23.596838062659785,23.16538534966525,24.92201357006827,22.57009085578697,22.512809950148775
22.350220936841012,21.8740565823526,19.722959735927404,19.578744522100145,19.857530151384463,20.655766882540586,19.954756104826007,20.214965076525047,21.62414482605516
16.46187052588987,25.138402089372374,19.399311650720353,21.30477100131369,20.192361370935874,21.43174726617601,19.909364504248614,21.034662648295416,18.711376494431406
16.43913067911978,30.323209109831375,21.603100527162233,24.59961376467823,23.488022600353453,24.228801765705615,23.4112120398957,24.204480847486384,21.925975566047526
19.446673157213354,23.31877792411288,15.683484651972496,24.110533399231237,19.108009037863436,18.840357110887314,19.84091607297943,19.203770582479972,22.259297107310424
15.516788863423958,19.206002139688298,16.16873212163926,21.042928264543573,18.6841327739037,17.79280151808253,18.85863734931733,18.113195783997515,18.2127509388724
24.209918477260636,24.33626107591395,21.168549596581876,18.435438722224657,21.549470731089755,20.67469524230504,21.2467398457381,22.87761369178358,22.26332328616123
18.15396399776277,19.27851926842854,19.008852013451452,21.056530799972478,18.161337685674223,19.963887547566756,19.735099867610494,20.645477090459114,20.04535843493325
5.4650589033917925,19.477886583514152,14.375127495229222,15.73526331249554,11.535070531316668,15.163635223650763,14.047816536654182,15.706557044126196,13.719819138726214
18.12588971689097,14.400536001905076,23.226216270938004,19.608534875456463,19.553547160649817,18.22413170268071,20.504182288706097,19.67296354514762,18.82439466713657
14.807280895780139,26.631287455421962,11.206197726398997,14.56276987000802,17.11879899067005,17.108496752369202,17.967185853198007,17.787126456951537,15.477090555603636
11.843620922695273,20.069987121752803,21.137139013055005,11.876473439678794,15.010702649521832,14.994716415794912,15.702277582841816,18.24597134225199,18.041511351041397
13.812866808887136,22.91049122907931,12.939151856007214,19.201707056557773,17.351506048049927,18.330597512706966,15.951561831160616,16.936976654004226,16.781666063955324
20.547042359164852,16.820190356966805,25.543154065942108,24.04911156268669,21.43959701080579,22.337907851494386,22.577843428167547,23.0711481180834,22.182561572107975
26.643204141241156,24.17973814857736,11.821601092377506,22.703218566384237,23.213381270977727,21.819771575549066,20.683549652391736,18.58102439596682,22.44433382599109
21.565922369324902,18.19029380932458,22.609002607490993,18.672350817097566,20.201153528509284,21.77398770266626,19.92371566290576,20.83332897808138,19.698390781052584
16.967483058921303,21.29145639149088,17.673462559955023,25.987958792701985,19.562452833313937,19.056454762781655,19.420262510703665,21.41388727970983,20.253927381371
22.279520975853515,26.38913015619563,16.533589720645026,16.723754436613707,21.157407738761183,21.56551524718408,21.1605107531138,19.838948432613698,21.773759316606096
17.70454844890504,25.953796561162648,18.741586625871044,11.328669352807907,21.42394428630154,20.69456296087116,17.785657130749154,17.675765721123376,16.91006446830866
16.526998154184277,21.8898496374153,20.52760135663125,10.271594823196152,19.454639065202098,16.590376022660813,17.26896930455396,15.849489394885161,16.93549793765109
14.228186658835078,13.159344836466408,14.382397990676521,14.275236237617133,15.026038165411647,13.791996215587607,13.991788365006322,14.332006046912364,14.955229335884976
11.240855966241405,36.964052850303204,14.736849099325712,22.266498973048915,21.553693893331104,21.848339589517316,21.48562484214372,21.798379004260347,20.178244282796488
18.050381467202772,30.72929485136568,20.598419460451545,16.460789266130455,22.72443716698917,23.156010304403306,22.12135976300726,20.14994834065797,20.52501015092233
20.79026744960066,25.613374124441492,11.1706281854016,20.84383456742921,19.074265826846162,16.96808003001482,19.36170570982402,17.832270636242395,20.803936214113506
19.51688164992555,18.233981092045145,15.663083627231659,25.58513353433591,19.601378302719333,21.005480148867527,19.00834239399802,20.880723719835416,20.17266802726683
17.920165360263205,21.432039191490176,30.16274781663776,14.599612149688776,21.204453909912086,21.869854540234183,19.16909649576453,21.319932087816053,17.997682384863396
15.271269696516095,19.282897851117415,14.127948141642877,20.91399892718356,18.073730839939515,18.176401924585164,17.501658283482655,17.025351124898847,19.04163313087087
23.041230958424844,28.319279695481942,22.59121116703901,21.15585229062289,25.153522936867045,24.05232667087424,23.61989448727414,24.838358336879697,22.465747667315817
13.414340400267076,23.31251445425917,15.656196925144751,15.557048046107587,17.596815156177314,17.977016154075784,16.274552126323652,17.091245468882487,16.70063556921261
23.880139569217377,18.079180708200838,20.036180579188574,24.416843700980333,19.740505728552794,18.77258678164022,21.665638601549315,20.817363612291196,20.79438892520303
14.988914905366375,19.64622450437609,20.61742276238487,17.849171777802095,17.70883450710809,18.261829143861274,19.131416160097242,19.022825436596023,17.393276105013715
16.237823813234826,27.605940712849524,22.51582694073179,17.464988076347964,20.468683675026284,22.62485388533463,22.068032970738205,22.216714855368775,19.6987112012027
12.666074046921615,30.00048923410239,17.198984692748898,27.44645287367189,20.503384539099404,22.471079908887784,20.292862793436807,22.17672945553001,21.647823955837474
17.492989265571815,29.641657817431227,25.955538555019412,21.091066969466873,22.77435918796602,22.759129066016172,23.184451850857002,24.984748117830332,21.817523875535358
24.876562292389895,25.78516032526989,15.642653741659279,22.701162198741994,22.808874206649676,22.005314012181742,23.212409851913694,20.947088609255022,24.54171479563998
22.578140442219784,20.736875655986815,18.93688165439824,24.419571726087355,21.940686282079046,20.48292730091544,23.26390840419607,21.622891765353483,22.058597258165367
24.892110560140175,5.792430873354398,18.98110772887043,16.398104002163134,16.698467318484013,14.784685241954671,15.698674637973618,16.821113033890143,18.22281390823743
22.61071272966968,23.48580011904111,13.512127520202338,23.99928438821472,21.31397061001616,18.900683442033195,22.28030411851454,19.26803953834725,21.373730254424917
14.481650857348153,21.990856205779497,16.856510980083517,16.99242354000932,15.941049863816442,18.567727657137528,16.230264113570502,16.74215702805463,18.208963846037534
18.346053878362213,22.699910481606768,18.64605399695363,16.82150644264681,18.727354662722266,20.55031585170556,20.276665763012296,19.353856621180174,16.718810972554998
16.099004354412685,22.269486735166033,16.27151582748232,17.912000110767455,18.821994506091055,20.48464479599338,17.856245424751783,17.81360003392087,17.206756351142026
26.6528745201952,15.368689190254216,27.76369586182614,16.51174066022018,21.245477686845117,20.098590159964257,23.137073323767684,21.349914606953494,21.054065642013065
14.016056767868442,24.787042784255927,14.645505305601876,22.288625730628652,19.446224254210392,19.858073087883238,18.47027643083343,19.430189364375423,18.248028868486237
24.468488446945553,25.16108157015925,22.71769787256171,20.068842620580224,24.86054304169768,24.10427141674235,22.794136900801345,23.864144175118856,23.455633046344808
24.464769350543847,25.411693910298297,21.425839252595146,17.035102341531548,23.129864062639427,21.770729610065104,21.950958584538363,21.055103737592784,22.40463311306581
29.148101008580436,26.732885017866934,17.944551461982915,21.698020132619288,28.436552319953233,22.654876786785568,22.3438392505395,21.957063267568497,24.11527215625246
17.951567036852513,25.020258224608117,14.539163784591013,17.899270250454617,20.6275676419354,17.952251739254237,17.090092153367905,16.802887718453288,18.61783920988854
23.561610797900812,19.949852942305448,14.92697871843292,17.687718518541292,19.214488290686937,18.185562118049717,19.54169443733583,17.40054410277486,21.790676789150563
31.408259182694213,21.64581576041955,15.92813080313396,19.194735539606175,24.908322169491008,21.595404509382078,23.032697668816834,19.820952500339622,23.02028117360204
16.911791615331516,22.455624336266883,10.857034872214948,20.853841422664868,17.824058130041905,18.90703638065064,18.377150564460656,16.76082630578423,15.76701448413764
12.324798762338201,22.538497245533094,13.986138296802839,20.55939059750968,15.767923306847335,18.639566872680472,16.09823061136743,17.140295990460377,17.940296315305613
10.599949830461181,26.991088279858648,12.07009393854543,17.54700327098868,15.43611638778381,15.732328341542534,17.282222575035526,17.27619286586619,16.81578759418868
23.563560144306656,25.218343765112454,23.38350001271087,22.38844482975761,24.90136500766271,22.98211087955934,22.648258214268193,23.52796590004308,24.66531515942823
10.58424895970708,32.38671719784976,20.473849569552875,18.110423395681376,19.25758153209234,22.89674487560795,20.79646248892144,23.747238300447876,19.778913288293836
18.138404735310385,33.032344899423364,21.14389639546184,16.380062045565126,22.92997449256299,22.425472912045596,23.304976164142616,21.999605890126087,20.28603367593485
22.186565935194803,22.398247913069625,20.35532780616779,13.127913404930595,20.056931721498902,19.83205442038613,19.884480618175722,16.032308467389257,20.03506349931949
20.92587768414957,2.8167222577031517,18.667870493336654,22.932713923996086,14.494055304739122,13.511807212326987,17.804329992038298,15.890862985753934,17.553801988398476
22.12722432092086,28.184162330636333,23.842721328516546,19.04956030477603,23.852709523668683,24.99645543839819,23.1509295998597,23.633630800328483,23.804576434019186
21.11144927900427,19.298118305064726,15.556949377073051,19.84348943404206,19.717936314664094,16.73475984139921,18.73585227749166,17.503285370014083,20.805394197178586
26.394329066566968,17.992580390844964,18.42667862146818,23.183211662798062,19.37080347090227,19.19847526878033,21.566551233200325,19.982353664422835,22.03524775860127
15.238418096306015,20.007773625053165,20.988235311296492,17.090375073608737,18.021303694825278,19.81537837572455,16.98855944276736,17.808573337289726,18.773636704484787
16.615024307707344,19.766784765926968,12.715163072575484,13.502403006103485,15.723197055401435,17.68813149387946,15.246892712461204,14.274913044167038,16.565271241335402
16.13670277364588,25.061349050526964,30.386355584570197,19.279122808860873,23.380631875866793,23.426865422305582,22.400749384660912,24.758146919830605,21.873038469567764
24.150959059313053,14.202821104368873,18.114263051110346,20.23184620832118,22.51001983209551,18.52482348830779,18.890972412491486,18.95675492413349,21.736348641630816
24.501992941975317,16.61139627104199,18.56795780230237,17.94860373535851,19.933388957145333,19.95220511725306,19.675778854832956,17.56434713843666,20.81659317625437
22.25612659659254,23.715792770987083,23.027512126699687,24.894950312304676,21.389957365790355,23.742654665782858,21.993266331822703,24.453667271544436,22.90859604078296
25.917468334449637,25.11472015206654,21.659821332040895,9.055333729114574,23.25577798863802,20.65370467856841,19.291221903057412,17.80385042560408,20.106828267705808
14.109795663118096,25.20770822468006,18.152312077585837,23.48022655159913,18.97928647383513,20.04055691223752,21.36958022588425,21.195470116753146,20.809179627870403
28.336120557755685,18.064818605333507,18.520517752392166,22.164614601456904,24.64580946432774,19.50894998167524,19.764269655170757,20.841214032872905,24.387377239735372
27.61619310856129,17.1086717536688,11.983405876208085,20.827083110801837,22.3250575992225,18.64922030495591,20.000209531182847,16.29048276027919,20.972254981417205
23.678109986228733,19.466825831060405,15.774136888600095,5.656393802123615,19.89713347233856,16.347272751499144,15.77030694620553,13.214433534828121,16.13800380057907
28.9089945438553,23.199363761423626,20.068840864635842,24.135555133081073,24.364036550991823,23.15152514409243,24.238311057412414,23.181265533053796,25.83082016476478
11.716883961611131,29.427386846362747,19.775571356171547,14.894263557456458,19.637276831714033,19.081302169011416,20.511625215734412,18.87579085653653,17.60448163741569
17.377759318686742,11.762814071146249,22.884663000016346,16.96923208646645,17.01881011653679,16.363110549085985,17.117434333213623,18.144474226734502,16.243610730739952
16.32348269659024,20.89635621520817,17.5179957671067,18.317629340839726,18.37498523400325,19.070904922687156,18.889254010441977,19.001442439710047,18.778960365920117
23.607396618786716,15.33660779487398,12.450853946276535,20.6296721386079,17.038849140525112,18.06531592223313,18.0646995923182,17.07644160217743,18.45044471719051
14.749296301989272,13.738786613232552,22.226921723102713,21.5577121687702,17.68430540471668,17.723998038761856,17.95880303202038,18.66482477762301,20.801013145615308
23.787475746687427,26.834783226724085,23.744357384728062,22.571362217277187,24.679241293676764,24.01303020298219,24.001319346013826,23.961276648791113,24.276449445541573
26.852680719983567,24.723122872496692,21.592978291424917,22.263414040314064,24.60210486451425,22.864401254621807,24.559107329561034,22.011392973269043,24.70791764867144
23.476014500419996,24.24716757973631,17.345465316570035,20.011708816852504,21.53466352407932,22.112154575920663,20.53848718727337,21.008672687629364,20.736518478230813
21.418755118307505,26.605129198654968,22.177544207506315,20.663690636230363,22.257302212390414,23.082286942411866,21.584256601623526,24.069543089715076,23.645868830425343
15.060633295496254,19.60140551616932,31.715641912032854,14.636985136711015,20.02876045040595,21.702538894229367,20.32814143853345,21.658601423416542,19.145745958871757
15.765745169373176,19.836812418332357,18.460609257761902,15.995892772723911,15.799890120215666,18.200024221341156,17.70754890813633,17.69578143155936,17.063439330017538
26.248094526483335,32.92865308361287,12.753053231019502,22.58184089469933,25.976127231001072,23.16279735809231,21.8037522685548,22.00377464151962,23.684799778117494
23.896745019526662,20.767144728702128,15.654859801791392,22.348837946914724,20.10059174447537,19.010357852592914,20.656409445623066,19.533909760812367,19.86667149606979
19.80490240311228,25.675660565270455,20.501904001216204,21.895197665777683,19.855879011441765,21.197156228038075,20.742539237629643,22.446448540965534,21.49501631344917
17.91045227117055,22.031907704816575,11.58078275640775,16.94233295337389,19.606038382458152,18.182249715923636,17.74321202889001,15.964046088166581,17.724539459899535
9.870960634443115,12.758707349607924,18.677612299648278,22.641968527774782,12.91762872202118,15.207797412369871,14.18362734697189,16.74566930367053,14.495756439079193
14.645737906577807,11.776854980993658,19.52134660126353,14.355022190078568,14.008964034668088,14.779250174260083,16.999816249591483,16.053915101563366,15.981537369445437
29.557095435698617,19.105078900300477,24.14048695925061,23.30943923944909,25.84794149117269,22.41258615752366,23.689826717038873,24.55303551839798,24.240735120326406
13.597722144987667,27.280506258349945,23.2407794242172,17.95651679501644,21.921479200361773,20.251166973844555,19.6539192071555,21.81343234416815,19.815255552665924
20.947399106105404,25.94145828318002,21.458339167007082,25.73668162536253,21.49373154473041,22.787590384320993,23.237997085045563,25.21104600544733,21.25116931293772
25.03721986597599,26.57038582112017,9.349283957941882,12.91423163173806,20.191115587237963,20.054598417505883,19.024051177827918,13.660278364498376,18.79435646578401
13.725386659988537,17.064769105318423,21.6842125121917,26.053616183674087,16.669110694236092,20.23853244517799,20.522466204528122,21.654309796681652,18.64035029434325
20.923552373905416,30.07936245061157,20.822053544240987,17.554142683346154,24.247856324624106,22.439174938482456,22.070466453001195,21.05528396502992,21.372133351175066
24.689577687553275,17.175533499068077,19.023777508313387,17.482082975953023,22.220587051929243,20.377002229467696,18.15405250290975,17.882569203554436,18.323894858011105
20.06249660953625,23.064121993349843,11.079111495418058,19.779355275942386,18.057740506919224,18.05904155042965,17.28397420993946,18.31894384914526,17.89932070023508
34.34201527833384,21.948238550461316,14.892904363251759,16.211684348797213,26.33577232197022,22.51742284653197,22.13509833395178,18.389511310176136,22.37078015610746
11.657003705609023,21.130630898427068,13.332708921863734,18.710683994790774,14.830566824094852,18.62426983656341,17.1950840096831,15.986570056095742,15.731221850790273
25.293642649419397,28.692960691478035,9.939966241971637,16.04949493891658,22.654410912442728,20.886667336968287,21.11149138203053,17.40236726682006,21.014057013678386
19.135991313017676,18.4744473991702,17.988339394340823,16.19574587608325,17.142519512006807,18.099734431096067,18.11672357106377,15.510029678650813,16.024007391107602
23.859600774183377,15.25197372144036,14.808711514228882,20.947543801202286,19.053998695489465,18.678944359294263,19.68425701894515,18.998968507642317,19.402911124248643
22.20653575849623,22.099977431032098,28.501222321075645,15.393738018785935,22.641113084729124,22.715485900370965,23.96271759993948,24.56368971023622,21.301239460172546
16.334219014450017,20.00086632856737,17.324912242248363,15.927223059978072,17.276493952482426,15.814023622155295,18.587152874047245,18.256840427073474,16.685781272773394
21.1449819622967,38.88691459541323,23.175012623463843,13.508835001014365,26.49492416965655,24.894716144113293,25.100973946951406,23.62652640557356,21.895324645737617
10.710492743008563,25.382537382199875,11.7236039012271,16.984277280154643,14.935075955271747,15.719204794007515,15.39367064355526,15.715706068136598,16.831836345814153
23.016237502856967,19.95329712390688,15.879641655980521,24.246408118895687,19.909329983213684,19.525619716485878,21.736515720838018,18.842849954345805,23.393095008469594
21.49079232995263,16.719442154064566,18.38759150413726,15.616265439588126,19.289166567936043,19.747193084008146,18.51475533482439,18.72694771307228,16.439462871540307
23.19330084321551,12.598557947156076,14.36738420556932,16.073466939251034,18.879746587447723,17.065285945165588,17.20882311216512,16.324377061024673,16.249033776568734
25.290591625435752,16.873904571312835,16.31119726078102,19.77568778592614,20.395402558269044,19.409671233342184,20.823951589808452,18.81114157181378,19.152543652162628
21.838099201048554,22.57470885879566,17.128196375025844,17.516814264801894,21.18864381300565,20.5941972137679,20.123012523286175,19.138703410763235,19.46553338515533
20.740447098991382,29.136643257973848,17.064368058220424,27.912617733398598,23.999387212269994,21.69880287543042,23.6109727064846,23.401498318666963,25.091967386180045
15.59465831669354,27.608445711939595,25.420474292141385,18.349888141294972,22.269985901450564,23.425769005911526,20.673500807856453,22.228374413512995,21.31681841048751
16.438896181754746,23.1454741582319,19.51290514172604,20.340873384869486,18.50234436116699,21.093092019514394,19.563020899000218,22.681577349904927,19.411754157041027
25.933673100886654,20.384161671487576,19.918042251765215,22.775075139197288,21.9728234758688,19.592663637305346,22.465590307996866,21.184315546329135,22.689427818299365
27.181677028529894,23.34406178206077,20.15861909738028,22.698311463451404,23.48736971790785,23.792038716007973,23.623286683038117,21.833216943774236,23.345520069498654
18.80944781843973,19.40681001257712,20.45050550934845,19.933150326229516,21.357872066535638,18.281640642844437,19.893854715319023,21.043060398012784,20.332889377749147
20.230013736266372,30.59181997881938,17.66845206450054,18.355490053255995,23.146983845549975,20.225177014454417,22.670953817971615,20.68618743874318,22.088040674094696
15.476928125031169,21.0540490936246,16.717014514084614,27.096114145517028,19.02331601585349,21.17224575328198,20.951391169781473,20.555148165264153,20.91742331802018
25.863784226337224,21.568310708766365,18.66726423807311,18.600958898742935,22.77579139383745,19.95657206145553,21.112991276523314,21.361803301318922,19.189996638263178
23.32708411845889,10.920887874896659,22.62721579565389,17.233239582286078,17.53507372359244,17.46054910192978,17.679844735367933,19.416359425322977,18.890858601589798
29.706087182318747,21.02282576738618,22.504952753745535,16.416604046823927,26.270124029351894,23.272476344925394,22.79597537434617,21.8315547340288,22.35582737261149
15.608384614101306,26.182420689824706,17.038406097246355,12.092787189172977,19.19422752174146,18.201244124523775,19.976837195201792,15.82281070083279,17.9458205109709
18.109960504908916,16.661387114807276,21.071374778672446,22.28646300894865,19.408481705690058,19.21894789708635,19.85353912711337,20.658302466214966,19.904585979142734
21.157229612627862,18.246398327535935,17.22166134784133,9.607726411596694,16.576394965124056,16.591322201020162,16.262329972527237,14.530377153790635,16.879837285275215
23.232447688628852,25.963555088668322,18.135482197740977,18.97710863638032,23.386496757599783,22.019221221899407,22.11298455532178,20.008287249862114,20.98737730861417
18.92166181226184,14.616713882409734,16.10590647378321,18.18055746291446,16.636703480548118,16.410895545502466,17.551946166603585,16.887680055658574,18.21458823272957
15.635194547731498,27.289005037709593,17.273419444375065,27.959860768925793,19.36866632144683,22.201864482315955,22.624020550091263,22.28243666866725,23.224816221252922
24.407037644617855,19.33928054913449,23.36532027819872,11.673395085145494,20.451239120869985,19.523908668739928,21.069138584319845,19.81092481714059,17.738058606895464
23.605676812727907,20.057158897543985,18.369684589356947,15.395586852062571,19.40801978897864,19.68012536890774,19.743119744876324,19.109249003984747,18.089558776729277
15.418629497181374,16.38060797437203,18.54113003420927,18.455614165273403,15.35363741943874,17.565213166969915,18.524407653169366,18.616754647140898,17.909074397571885
26.77721400552748,23.890231302139416,12.211128882968167,18.209882650123326,22.201716854822994,21.725713224346617,20.50234832392711,16.458983066064736,20.544008738988513
25.85099354598302,34.2993599251469,16.763024369469083,16.801821636759822,25.27622964477543,23.468027375259663,24.94129813684858,23.55338584048014,24.03703510037708
20.671482486238965,25.90748619730316,17.034740385021085,18.67604836239133,21.64946112909127,20.56800862661835,21.77917455347824,19.640777282034488,20.63452536524159
20.39798931188018,17.67857369029732,14.68342605822638,13.961749084521035,19.471603823006653,16.819371929774395,17.60223394778413,16.850342171561554,17.473189182481136
22.770288855579537,27.67810292745738,18.086661646814253,20.428771515979754,22.94225218780252,23.333677090908065,23.030141972220633,18.66163273678646,21.365433646586514
15.69148464871871,20.416602270328752,16.283270839089383,9.714058631689687,14.384745277614527,14.999485435729918,17.827871774527054,14.814666044316574,15.301431448033023
20.15015739582041,28.8724249071378,18.319983420974328,18.896922576490972,22.033521160765652,22.07071501467098,22.636489663772313,19.325888764675682,21.495237553857294
9.2380822769541,26.033382010821814,18.48601203927574,16.598573222945706,18.055701680575773,16.01532327895416,16.739695382874825,17.64309604249476,15.965981460330193
24.38227822751468,7.284292172641333,14.176982568709423,23.065151771026542,16.99417116114598,15.656336505391076,17.473076736441318,16.53598056765528,19.52817742460772
12.192533887790702,16.979601835224862,16.405192870067243,26.021244282533218,17.383387761642215,18.730921075751777,17.634926450676744,18.648874750090044,16.24577075233878
27.517099142144996,26.72192611417695,18.309497131043333,17.67579132499857,24.905837642957426,21.82186263064748,24.620554744888913,22.036648394097877,22.771858825782385
18.349399530167748,22.758286360725087,22.737197724626903,24.562903716565724,19.33270590246919,22.407943490237603,23.353384392616825,24.619339426955623,20.67871045158725
18.941665090344117,16.881220261460747,19.026876691182963,17.735534877478358,18.32954319099866,17.578963504974006,20.178275254737635,17.234987488311223,17.16247773912042
16.86133046957747,18.832052422530936,15.352259280330289,15.135493907483639,17.27515045566942,15.795256188536907,15.785289491745798,15.646330250473282,17.421896541986815
18.55980563038962,12.468816899553097,19.59601903697541,25.98361452874248,18.76248838356475,19.49962081105307,20.253738702465114,18.952147678130405,18.67606839849457
27.092656725740184,21.55813356236802,24.83019555728704,21.083105778936027,26.19848901996906,22.506392546986106,22.27649392304679,24.433802521060702,22.588255570706757
7.560956717324602,33.05344863007882,21.666825890356073,19.017754090439258,20.083283382777324,22.024789811546334,18.732613997911706,21.89788558574618,19.497990353126834
26.384826930440937,26.02466695366163,20.19010612174248,21.748709900394594,25.014702870050037,23.7994909095545,23.190121344085817,22.476402672554137,22.572231580309694
21.69011740550854,32.952085005942116,20.902360701929286,20.09686014052067,25.428018890002324,23.661929704528635,25.422730950970855,23.46189747539453,24.32519193227358
13.964891760713922,26.4119854489499,23.759816165714522,18.723122368233927,19.965821002487267,21.744828567146524,19.722338894949157,21.48857855156805,20.485369743645883
14.62343803475381,27.137396716763458,22.30250717607064,13.694260690768015,18.35764389641406,19.560563075486616,19.422588807765738,19.062634198650205,17.60564653385607
28.381965136041018,31.870393438725117,20.26704152447063,17.917853051354932,26.800593782286423,25.422986001347073,25.798156155853807,22.745502480334654,25.297808131050992
15.272465600286344,23.886316296711133,22.27456887836034,21.493021693833892,20.24438740164224,19.8864172967026,21.57800627845723,21.39523551382773,18.323254072228597
14.233247447020203,21.0638633924656,13.673395614943757,18.50891429725276,15.394370923349864,16.63000454788556,19.086041766633436,17.00515403562315,17.242591706229334
25.686572711823647,27.163287583110062,11.990938990638876,22.609303044521543,24.40935510174235,21.152671463735818,21.865897574733392,17.948502728896166,21.073376517407656
21.692764381429573,29.269201185609425,18.62839460257532,20.534620095467154,24.24241805379887,23.92771097004544,22.089615521639697,21.821219127648412,21.72443508784046
15.310372117318007,19.600176786438954,18.274722838602152,15.487454727658372,15.83613050805729,17.6620783282195,16.07370053642539,16.71795211695459,16.35561804520011
21.083124877023096,18.392154588299853,15.82435978594697,13.723312168671505,19.853931790145612,18.181255211525027,16.887737914867955,16.384785907756076,18.566631306575864
14.871236581798613,22.6942801621544,21.303410679310836,18.371286000279326,18.546275048046017,20.402502817345038,18.206454396699886,20.963819371789626,18.271015684398535
25.504106992113027,26.15749433465831,10.548545654195056,16.90308620758165,21.070417283721532,20.041553637490704,17.981863017227393,16.51600593898028,19.984746559943588
25.30685482436567,25.990455243307807,15.860910975768785,20.345287238486744,24.20586711448757,21.353905088063396,23.839269651824342,21.373447608721847,21.627742389258238
22.660030994109714,14.879161999062005,16.06017782048954,16.12744936494908,18.301487085195244,18.060203901202108,17.480611843927974,14.76337885189431,16.841471924822105
21.808305306235084,31.55803033531661,11.454792859602161,16.53843069698049,24.034718185544367,20.217023749816747,22.931356670762714,19.579711781143224,19.076284194608988
28.80594062433687,18.79417535301575,23.978924029077216,23.21227887037965,23.42475350460613,21.50574823364109,22.858541282529888,24.43317645812953,24.46881405236445
19.998431636941127,20.674675015557103,12.563194925346707,19.592811874511593,16.94203780799143,17.674822516094796,17.778469754385124,16.151310063387236,18.498558087892548
14.090629372895993,17.486728200060902,15.646639770769257,16.189091738290827,15.35006905599346,16.44943101813048,15.07790325874714,15.143566594981673,16.473106508061605
22.247369564161534,35.49164417968544,21.631919031220534,19.07056723494008,26.56910410836883,23.7940306043793,23.969618937509132,22.202047622234257,23.578030239216957
30.43023524768557,23.210353351439835,20.584181373714927,24.51564497200673,24.776457890914298,23.242434102764502,25.55870748042121,24.194839028265157,25.03301213434114
14.92620253407074,17.745124596592177,13.567301214061015,20.17514675309889,14.694892927928164,15.183409160452529,17.16976774072008,16.190698871597387,17.55864288835931
18.19268616653007,26.31961774981223,20.729956837042547,21.37180323770052,21.685058885437016,22.814487361611516,22.528925423189104,21.382945972683824,20.907154147635037
22.082230190507264,25.845678896550165,19.159137914632886,15.99106185389023,20.55384230331604,22.78896608924691,22.111798806047076,18.71551755764239,18.983360577134803
19.730475754971305,21.06136488210058,27.33214224844587,23.105677508538403,22.294288666775124,22.87558363765266,23.914770142681526,25.861854598292542,23.377094394052392
15.088482098113428,26.203033563916918,19.61576166427322,28.272409041855205,20.30607309423243,22.94934715951903,21.286431847597704,22.1047213712107,21.49488536643109
25.609289281152353,17.873540195845678,17.435032715725875,15.834129429948586,21.17066374570705,19.386774981591376,18.664179341999095,17.88405502128453,19.561626755671377
31.600203610086297,19.535408625253737,14.57399217152231,14.272424102512042,21.458916072241706,20.961142727992442,20.116989937415234,17.39439589514761,19.957154717136802
20.980657295119535,11.948916727169685,15.023026532177715,19.702168975340594,18.249923291612227,15.575595327943638,20.64152572721507,16.009039197576847,16.626734814658626
15.479658551319998,15.380244578902186,14.696923618127368,22.50202019937764,15.8124890527682,16.39960724449007,17.787111879063172,16.65249956235159,15.511215538273706
12.255197374732624,31.03815402835343,23.484395255647687,18.634441311798955,21.537371008613338,22.193923873082593,21.45973580103996,22.04797959456925,20.51056711789121
21.289879906105906,30.20714313861157,18.071879660065882,14.787174415829348,23.63106373890683,21.774484944030547,21.762294001898933,20.40065413986106,17.085006343149427
25.519386716581288,22.32894324324481,20.26098849589892,18.56566335287844,21.657756741707633,24.098306337751872,21.06563139774001,20.344764569518322,23.04184614482893
22.375838732476907,30.314657235949188,24.05699039992355,21.392369091109817,25.877625162479287,25.09594697067648,24.79738937586717,25.966567895039425,25.03680796779144
19.98798079540573,21.199627566958476,8.56614343117014,17.371872692215764,16.38042976856111,15.546991344355824,17.7360683062476,14.099704087261458,16.251608043891675
17.053641741053468,20.78294848716046,23.1154950588015,21.429020071019686,18.452204518671902,19.711568199310097,20.566280654967436,22.290964669034288,21.912740162882127
14.53918183640955,22.282553242327783,18.221587647133337,23.65884314095964,20.474639786773224,21.043492269625222,18.91898821266039,18.540318121413176,21.621034864037192
24.17375663162441,21.375392023382172,19.74019348656178,19.96092250308179,23.138104576081577,20.302356975946346,21.234692108482847,19.799883178552133,21.190204371194472
24.568858106927927,20.924018382199097,14.686387113006996,18.888208914886828,23.004511246954742,20.038122012123875,19.44729152065903,17.366414840722243,20.570171646104715
12.271351066546334,27.71699053574776,14.979502406205926,22.317375700905128,18.081061608066648,19.04700190681777,17.964177507680393,18.353633353394436,19.052186253156062
27.94919489090342,22.750678269781016,19.955383559251953,15.575596690251079,23.655946482249178,20.25008412835762,20.98616119235426,20.283360081078257,23.112265821499552
22.870356104470005,25.562408822169022,27.53839120132588,15.18116066522831,24.370014141979077,24.14574296128995,21.395266411967857,22.859034861387507,20.642982691055845
26.997973225728966,27.156902626386653,22.013253251259606,17.93371086028406,25.13008624789401,23.10663871373295,22.2886651004188,20.037764688586382,23.086166828632802
13.289361257574424,23.940928978273668,23.06209168567416,17.032482180742132,18.06755373102501,20.590700526086554,18.190271537699626,22.447238689156997,19.416555022345214
13.170879222922807,17.148643370458807,17.23199491895432,15.786632098838098,14.541922196101389,16.604976692022163,16.78798870101937,16.551620387960963,16.376914929606297
19.255153451163515,15.235670555179805,15.599183101657488,26.321873899995097,18.2386487901793,18.91212681229538,20.592135315358476,19.110062221329585,19.79727075849355
22.51392213447597,22.743903174036525,14.876780193684027,27.687972837977163,20.506033286873564,21.05843532086361,20.419564908005196,22.36739562571865,23.97701623824946
28.98180411463482,21.14371847587533,16.046905101213248,17.585179830977673,21.80887269959009,21.15676741875378,22.519585546949752,19.81010098580865,21.641698227412263
23.530394569075657,22.43695714460061,9.788870267317899,19.366875798993462,20.431278615527965,17.324655968741293,17.654180272036363,16.26786843855439,19.428046776186967
18.786593615939832,21.91972980375707,15.100322628433592,18.248628719744836,18.84032443367864,16.05896994573,19.260698785941187,15.824809929941118,19.21162021099921
14.86815396167054,34.917868300832836,15.758587375760627,23.429996960472625,22.85454551669914,23.56945906052678,22.50221022045046,22.367208740065124,21.56384109003578
26.150002863595752,15.348868721793309,17.298567302420636,24.222582247360187,20.521722037113598,20.034338334292844,21.390856828505324,18.908129451145896,21.69152430464546
15.176472871246425,12.050268650894376,18.527000438989166,11.890944805241414,13.998908362113324,13.976586018248659,13.245428638781883,16.145049093061033,13.448387125124137
28.142342773861607,23.66188416759805,19.449803474502442,20.904043200262503,24.759420770786267,21.271630725479923,21.227161121384047,20.821581798187804,26.269656313868378
18.578076751967455,20.117887227059022,17.94029851022816,13.772714635355406,17.619903159932033,15.851035699815386,16.799335871019938,16.737452020116464,16.843461687489707
27.952910363089252,23.580339348649755,15.674227654628972,26.033088631501112,23.33529261834985,22.625313248110665,23.73701014942793,20.247795462701458,24.775957549501193
23.39465645029639,24.919415111420005,10.146565426937919,20.760992120841593,20.320645020636885,20.999709841464927,21.762311452859837,16.34797711333845,22.16861452843878
19.31502255278771,28.420523475894488,15.698765566392826,15.706601846549455,20.75287725552139,20.101554176122647,18.75550476272004,18.498018350280727,17.987525264413065
17.403018140869367,14.463870898080309,14.110197449251979,18.034714448248586,17.698316003743,15.298431635331733,15.90411274746425,15.485309779385434,16.95730800844459
18.2954606132696,19.216410510714184,19.864266993114416,17.844090966935365,17.46358106888136,18.927745724693732,18.05597807249877,18.495879637275326,18.68116367629682
22.141583461876188,24.14380629440382,21.637149586774775,21.100451771543263,23.83275794969836,24.56189892294624,22.238521595873166,24.080926595250155,23.923533355143128
20.385782481088583,25.852317978436133,21.754284268239758,23.16765041670991,23.315417037575134,23.744571480215598,20.859223425088935,23.46469704222487,21.678139204748252
17.030942959656475,32.96724775144193,21.02781094451128,14.40717083211316,23.91580962877873,21.552565115439503,22.856336457320616,21.04006279661875,19.478191135660627
19.17184294841184,26.778519855569336,17.46589705819005,26.355018003648453,24.967660396360664,22.40680116844198,22.466855544741225,19.408426740055873,22.457033500829848
20.39288514859575,21.716057020568613,15.912177738096414,25.422760431283372,21.82813577714436,20.784036454730273,21.778135748622123,21.199967372291194,20.77682623578715
9.35632952792594,17.54782123528669,15.011588985331734,15.49870572963582,14.484733499694174,13.682491251119034,14.121409346175938,18.093980810987485,13.509115001484364
22.290840573943495,19.178550736404905,11.970004333592998,19.291207177449238,17.680526683337373,18.420112693620478,18.373278781474603,16.452207835825256,20.73275466224322
15.101393876415965,19.036485885214468,21.96741480203143,25.843234176457266,17.543087432671697,19.672287019604063,21.616004677676525,21.04686021530206,20.611211255134
14.233337983971275,25.276168142568803,17.301155848280104,23.931674346709933,19.489774425051387,18.895253896050843,20.31730090347675,20.74185672497701,19.18028306387635
11.56327826444645,23.284987227929154,13.014638825516505,17.653027879808416,14.280961879321904,16.809282598724447,16.546689373540584,14.883680433527392,15.634800303268301
11.03053751066055,15.381752145789106,14.69403449715906,22.257359258271492,14.806722724551134,15.598159487180503,15.046979810344554,17.19628630083557,16.40641791861943
13.222762484438555,19.820492654547834,14.532106174269792,30.988793166876555,15.105631450920372,19.147068876705617,19.106615058354087,21.89607416306155,20.471354045889186
16.45489521184755,26.387737767257104,18.172097940060507,19.42063992740485,21.226996381233356,19.778413122382972,19.096027073801565,19.34713712834747,19.097363932823196
29.76629568763284,23.758311774870293,22.269871404282743,16.46940699423992,24.81322647586117,22.430482872249428,22.327953876776785,20.93842180095648,21.448315749032115
17.37060162052398,24.84322308006385,16.608041801617667,19.689679408365595,19.81838081885903,20.97588233065148,20.87911558810694,19.176129492491576,19.357797025552973
20.888750531340158,23.914608550286314,8.989865940865403,19.98620838198927,18.578104507573485,18.487419745012147,20.253467661127424,15.962386422236483,18.7657876468562
22.002406932531642,30.132153673044296,17.243278659364318,16.90185304399961,21.080923500976198,21.036735618451548,20.322648192605577,18.68222159693184,20.50023423834151
20.655325931079243,23.18021531912185,17.375224399611216,20.766500271256866,22.002585154410447,18.500300261667036,20.88948826530407,19.496377805569285,21.81741557051327
19.612782696370033,20.06988601064651,17.100319076257914,13.982395761089995,20.020083668057264,16.95568081545112,17.37365449589067,16.423092611288435,18.087172455469105
14.023531182003776,17.421224794332197,15.490155334097192,16.337864531965284,15.216109665913438,16.102992253482817,17.215162527315375,17.350574433629554,15.8255131047783
27.25463774139606,23.248047291048557,18.86975632290337,22.03297910461919,24.515448023649597,21.860932735034186,22.986215333169714,22.688244211683102,22.849134484064887
29.035983218189426,9.79647992612458,18.264564460596006,11.980516593830995,19.013410396405042,15.911963073243438,17.261910344944383,17.16018804467849,19.65018744442895
11.586706529386571,21.07855499083644,17.900678743493412,22.612670367979106,17.0881417387684,17.94448506084143,17.549883345764147,20.12017926059375,16.901186975221496
14.879857045568102,20.97080070039328,19.650565445771864,10.952074537177188,18.027642770137426,17.280088597662314,15.081544393135193,17.033777295578446,15.377256640118217
18.60094828811497,15.177645731913596,16.280668707408587,12.074701684494741,17.01236186932513,16.357252239276946,16.29442958573246,14.155893936061704,15.041989795008885
15.177311025449043,17.35867080672002,16.053657321197388,17.00408502777646,17.530635232622092,16.45955844507463,16.75140962003717,17.838269328352936,16.63584505493809
22.529827767279325,26.048287650741205,23.5204931583416,20.147455371277402,24.064142246635488,23.468027891953838,23.43896012743031,23.26286361834027,23.37782593375805
16.358638987966934,23.153558745374813,20.237421638861743,24.301054412509554,19.995197604861115,20.924372431483445,20.413341343519665,20.403830279434167,19.539529478020338
30.825280339033014,22.508941668536636,21.3077842437712,19.23049105263838,24.505981622314852,22.656815219871888,23.32235588048477,20.96270918872271,23.09546657530869
25.95274297171798,23.531737669660114,22.904418341336275,18.01378556969604,23.344375334498164,23.61839338290165,23.39174212421619,20.603779656483596,22.9248341577002
21.062870153161075,22.463137939744616,20.1037767224992,21.318324991939217,22.126728683606594,21.9887154955374,22.21914008156714,18.98389382922989,20.562594869682698
25.13493131659866,28.214312814291574,21.713554716544685,15.516404718128262,22.910791267134584,25.15390738386231,21.466329275472265,21.88522118152367,21.779198229922336
25.529502121786543,22.617145908518243,11.682619351718959,19.557660637385624,22.39504185876524,19.917926428294844,19.213383934350944,16.378849953953026,20.55874658196903
17.180262559708783,14.708934430906247,18.81661548798411,14.20221496817856,16.18718622155553,15.835746159437111,14.837123439622285,15.691178546968587,15.139927761454336
15.918913777290175,30.150649824372053,17.26912615274269,19.330362067501653,19.981015991118504,20.3711366529826,20.868527368070005,20.36762005259877,20.336349271573198
20.390715314848237,23.85170133664423,24.71073636359924,18.480654696602386,21.003285092531183,23.295950573074784,22.74279024002675,22.050009829346827,21.98645838021971
24.308180622489722,19.053731346024662,21.7105821272132,15.78292831420233,22.034168695314545,19.43252894499966,19.935140085433062,18.947233835271714,20.218582154371017
20.695301993267087,15.732991408524907,15.47821923682728,19.660162546150957,18.04503696804154,18.24419278801134,17.228812165192842,18.824393952669645,19.774265305996227
12.115017589045014,23.979571104790228,19.491176634116822,19.63419861263857,19.490298778372118,18.63115356811622,18.469689131342367,18.167491725548498,18.944336920349553
15.985877780245788,21.414139975128123,18.67072533379696,23.701816049356538,17.659844125805876,20.31215674238527,22.24945309960834,18.976884573025544,19.882359478470686
19.63013568202811,29.870733930162043,19.817325732608914,12.57746638774885,21.456322614094667,20.288187097920314,21.665843533060528,20.095174471191978,19.27846777115581
19.62167197837085,20.27046359666586,13.924630122501393,18.695804369211828,18.492093173642147,18.701908739598792,18.859139689417145,16.56872031258373,20.08898088771395
29.862710883949042,17.813096051587664,19.440065860952902,15.958950401186083,22.02106463739517,19.10660917527995,21.088773695001596,18.447353986980904,20.535673664291025
13.07006028800501,26.47898109117964,17.087394602847063,22.479048232705168,18.843220850537627,20.45269174185675,19.766129589065173,19.102438526840842,19.105835139302485
22.527946209179373,26.626409463584157,19.129799056222403,22.015648260768533,23.34612672648385,22.437741515704538,21.668318583343233,22.17289180083126,22.104503349569555
27.44556554164145,22.843256838050976,15.10245933951132,21.031519380274485,23.439331313131326,21.180938274878134,20.544009850561526,19.889279346274343,22.530072101853083
31.35724872711398,25.38178523837454,15.659747314413602,16.184666967722148,26.414018352897347,21.425039070642036,21.577951385392858,19.45050404514184,24.72603751352156
17.978012884080194,21.811564396288812,22.69536808146681,22.54188233176038,19.22446389320654,21.036798839123808,20.302927043597013,21.417869178459615,21.304027770212148
22.457147263600998,23.169325505046235,13.793809766639356,12.879476285026673,20.31812645872012,18.311046495240983,17.46712674305847,15.509917016121788,17.671540059600826
22.848801785993235,27.824954412819615,14.088982395831806,12.058757185628913,20.863736416384263,18.553554458830003,19.103478318948817,16.939997336612794,19.043726625890375
20.977408657766453,25.126591670107516,17.793674971137687,13.896516000392303,21.30734093842919,18.84284286233864,19.423246236288033,19.376023797607427,17.73337211724462
19.50577399380347,21.153627808336875,14.912438499256181,18.866100758692376,19.44882790209597,18.135645343138673,17.98910398963775,19.374267986494473,18.536991279648294
22.17987694750023,28.761812729630755,14.459885470948805,21.700657603953175,21.57561806924207,21.345146230745538,22.270767742648445,21.37585702327148,23.512584294676984
7.338769573901573,10.17572313604244,18.42030388483318,7.095870103961902,9.480720215102098,10.460339578031009,10.56866030253639,12.771641511616455,10.71158730549811
23.410347450313157,32.26036655710968,11.979736572385182,24.290971327519145,24.378936457956694,23.736509387329583,23.20005410800997,21.8544702565016,24.38938357998632
20.630889518309836,13.470204525546324,13.968151060345448,19.524448784713737,17.062896766272424,15.928100917940641,16.15383308729526,15.019789046605307,18.547619013177417
18.887625516108674,18.86453587613852,26.216382331694575,12.728910609640899,19.510956655856425,19.62092048450373,19.867236137905675,19.25312556782291,17.79234485342117
30.23431097859779,21.795412324024653,19.837900235876035,19.403787881158323,25.198293753712527,21.090085213951884,22.283006754662615,21.663208527063485,25.13008040810445
16.625329906047238,21.267596646359195,15.013746590920356,23.37010165871368,19.101888916244228,20.955125138748166,20.677747937248775,18.814420586810378,17.478849571757475
17.984620054674846,27.032055200132774,19.67286031306479,21.397764061225036,20.84818293794353,24.31501887269416,21.296833553183195,21.830852768573813,21.48819572597117
29.95776651102367,16.71081690694883,20.26932190794652,23.396292250215865,22.537792145462507,20.984454818312162,22.4888653325392,22.44402166175941,21.342595330582657
15.839693475750718,23.303834087415318,21.977657680360952,13.535013482411557,17.814141524000586,20.685475303134435,19.25763816782686,19.92033156635681,16.155402828453994
17.249423585317306,19.10893950890123,17.491375882173077,17.343979059446383,17.898578489378032,17.806961762537437,18.610279702414484,16.655510820948926,18.633649022485177
19.26487288284575,23.475704896687084,21.905990811091556,15.301231077905872,19.23682161500476,22.13149909729702,20.906543597323893,19.986238221528918,18.754837557245132
24.203672410647748,21.67613870101062,9.846213900471309,25.870320820177273,20.84001389490331,19.807737513009968,22.17467449109071,17.53435420564722,22.571554067279408
21.039012536766567,22.46467826341489,13.774767478096987,21.55745137394652,21.28254391816958,19.490888673363578,20.370862936460277,17.796661271142302,17.85246087606919
13.536873264238686,19.25037583767827,18.655485606945824,30.388038355830563,17.60630324368489,17.657471217782497,20.39070677732862,20.071499238400403,20.67013757442525
17.33915718436405,19.449680249519588,19.318534131231168,17.12956186633109,17.811025680940677,17.64560215093757,17.779587442459658,18.623734423086667,16.87831613300084
16.963227833938944,23.436362570137135,14.352870849325432,16.10130315327078,20.294749163436023,17.970196892855657,17.579612818468394,15.170360014000696,17.14868466255522
19.613894773884773,26.718577528780223,19.037679965052636,18.4286934456194,23.021238324948094,21.534061144754673,22.43372791876314,20.842918241703575,22.112376579935365
22.129218293149144,19.00860332901076,15.504639005250958,24.513428885690196,19.341941135026683,18.467668422108996,18.902006075252896,20.92897437390728,22.687244834033056
22.09102877943986,17.65616227713545,16.89216362309134,17.53552124249861,19.404258224843684,17.56103624577945,17.72471086408222,18.288193274337708,19.31055910187665
11.11994122975799,25.067300828359187,22.099095202660045,19.497750391627775,18.666439062453822,20.82690415083374,19.227035169567685,20.86630584503575,17.023967079171708
25.319704937804282,21.837480534711553,21.635749987554398,19.38676281154728,23.14861283692696,20.600051976816744,21.212609098357635,22.904243564611775,20.899901543484397
21.262844229983116,26.15249066992976,14.01175869054695,19.157987044808756,22.883708783275228,20.267170786824927,19.737498173975,19.036327844015233,20.31915421666618
26.92266023796953,17.471013933144263,13.770994151919586,16.39040615815009,20.490837613749438,19.273169236232132,20.44500315864238,15.7492449993518,18.43641263131886
22.22099163645336,13.102805372882846,16.355306417786736,18.450835728358534,18.172617998470418,17.357268639275077,17.234391749240412,17.04513997557531,18.751143105839635
25.50661478867881,19.33497959086833,17.8930147953083,18.27958959459457,22.098364006399557,20.26112593567364,20.665198257525446,21.01843169413739,22.257385318900692
22.332726557250634,18.16823695367492,15.368406045701036,18.969741361301402,20.544136770320748,16.30133503434543,17.051580879486263,16.612566038488563,18.115399081416832
26.73112878101374,21.6060579995985,22.162569771198672,22.774067272610832,24.821088788089973,22.209714765546174,22.216018686786974,21.311448688549063,22.710222810488236
22.611253180088895,18.815773928648053,19.38955936683422,26.04251213849797,21.709481324158254,23.2465548859531,22.647458263139285,22.20776613936312,21.056761075017235
19.51042376778548,25.705084756682247,19.624340439497715,15.638260949321172,19.44568931155662,20.02940258472939,21.78755591686654,19.409220620747348,19.356231528583734
31.362173602234407,20.55924868788742,12.933844684220112,17.43202550084914,22.5544778101305,21.071244041796035,20.79323371608629,17.11921074624386,21.389105885211457
24.44518561139946,22.752372493869505,22.66916286953512,15.699952406375253,23.527035014470453,21.044647323220047,21.085652085905167,19.513464509438634,21.14942996099523
22.868722105022066,22.78817279220472,6.7193247110372365,19.748406148889092,19.5530449340459,17.097854400245353,18.52731807017709,13.506646260038028,19.58432326411898
13.61847791730832,22.974775462060936,21.336221807397475,16.846602169956093,19.117857017839665,19.901902043643922,16.096584822961955,18.088842219257415,18.394695093167826
13.558461912682311,21.879354447725134,21.737246950683083,19.959187334967954,20.217725284695124,19.88920328504653,19.51268400503266,22.02929758690424,18.719900902284607
21.463577410709267,24.553003452051566,16.270395250888154,23.414507641779146,20.3698986091954,21.60414907238068,20.379260338749535,20.580594581225764,21.669020664819065
20.727605988841205,18.021724330870963,23.091640868989696,8.896673256781567,20.34346536907845,17.440475154355763,18.478504093594903,15.620399307635225,17.195468930136077
16.929387174958418,28.997089633269415,17.747609788182615,20.967119558402764,20.786752210947363,20.466440983639092,18.968002630522356,22.065622365262364,20.660087881507714
20.7049134980603,20.817313083157323,18.24972681330977,17.159251804408484,20.828379686548853,18.40707341504338,18.604425323824692,19.91645420009792,18.495542904701722
27.943134640217977,15.442254310506591,19.358115149616864,20.841689071937555,21.72450134298818,19.66475743900578,20.85532245496175,21.107751063233966,20.392450366807125
23.477012372751492,22.940366784958865,30.74629964724422,15.414122248999199,26.090591677830012,23.654945471953653,22.38265908053249,23.43599981838037,22.546950821525446
14.294957451236309,17.744097587762575,23.37773563233202,23.7850439532275,18.22535071487419,20.989825627560958,19.424974255951458,21.19611208983463,19.149066843255486
19.442455864285282,25.326672672544376,20.804524802851674,22.653122472161137,21.160687130907895,22.345816365933146,22.96112830363712,22.264954647434497,22.380016915453346
15.975167595737195,33.04802788021189,14.34878205359522,21.273408594170572,21.721447295286314,22.15335532063227,21.136850516411464,21.729704243300045,20.725917524131606
18.061500417957195,18.06713954221075,18.57435930191797,22.172902871240392,18.900846958072005,19.180931323658264,18.288394728367003,18.94629151328854,19.41353520514043
17.931921671851786,23.661861666119925,14.747503624614454,16.017518131311306,19.960676800741165,17.19726329432416,19.030101339482158,16.47540814506762,18.851178706161562
17.611772086979975,13.222472056476862,21.288443389131253,16.521504981242842,17.369342426290512,17.197199573332647,17.412028997528896,18.57317733837588,15.737554538433121
13.724323140133025,24.269526147206737,18.561867902939426,22.009744803269918,21.158999800299412,20.12701391391597,19.933852977972272,21.463262879461055,21.055748340771284
19.36172659240905,17.57143100100155,13.501913281544418,15.929083428925551,17.198006801063254,17.140088510372017,15.698527550742037,15.577158506520089,14.61693233172105
17.19696181576345,18.875826907827587,18.32449833367401,24.782540186632346,18.58506653427122,18.487409903286174,17.247350138312296,20.929862860403112,21.48471134431165
5.35275654998866,16.49356755080086,14.602330121134777,17.705635714875875,11.176316430897211,11.90003688940524,12.632441250843671,15.099058692149747,13.337534211222772
30.264860122508317,25.660756130273676,18.60486488535019,21.00757755944249,25.711569959453893,23.71043765624782,22.876646096358186,21.65161185417387,23.71081193539382
25.44384827108336,27.03652178736631,14.563690734538973,27.39699807702036,24.17199292033602,23.402083027780712,22.996967760321528,21.166986703017443,22.70066004005372
18.11849637537502,22.11692607329254,18.10995053344325,16.175106583727693,19.403187667155066,18.747398767524228,17.788264225467323,17.177887139244667,17.73396658004655
20.094095248702992,17.6778664733214,21.00187944774038,19.275047003379132,19.53606630685761,19.505773127461747,19.62492055233294,19.113482637873958,19.383014801986434
14.14172826341219,29.947615180519314,17.787792032299574,23.21673265854923,19.91038631510821,22.671086726820757,22.15434450474078,20.50777328706116,20.949537772707366
28.47861438905433,18.24794936122672,16.436446931310446,22.805109555506125,21.551965777720092,20.203258100145728,22.56819148662728,20.197045483386223,23.767593830489975
29.486443473865556,11.189838500362805,18.81310488422985,17.688738759042568,20.30785006756974,18.15727861980084,20.131743262738823,19.236021396280613,20.226557546005964
20.783468641232623,24.29194504978534,20.788730483171413,16.933078249912583,22.593562553289306,21.146548482729898,19.801680630213784,20.536160893693573,20.650753198779668
25.117653220926723,16.476126631792418,13.571266920472958,18.067456269819793,20.867697974476464,16.431425284659575,18.36702655407281,15.735030957899607,19.315125349992382
20.87643389466962,26.943043967495875,19.04262461882081,24.791431064605455,22.644190241900887,22.777376342702265,24.478549234567993,23.38610843090206,22.569955537703343
13.316372805620347,20.094311516632906,23.2701632760696,17.883576574560212,16.855649923440527,19.185588996512656,17.056371710247856,20.32051936278423,17.840672846719027
17.940883155181712,25.01856620272098,20.29462785310686,19.31246276993386,20.590921360186943,22.681669616091742,21.989865039660984,21.20421754899705,20.13169013829168
20.659639833859785,29.00750173276079,18.23101658666891,17.292854116306298,24.433260617606642,21.463938628233667,20.301649731009267,19.828359488415227,21.459906458136853
17.72726140628278,15.95570567689639,20.55895002679558,21.822194259183945,19.170593532176156,19.064299084145404,19.309793129873757,20.867482136799463,18.254839090010726
18.90673361282482,19.170314345537975,19.80998582441073,19.622100150334624,19.788737620239477,20.318474409006242,19.79006860024607,20.66362630343371,18.848133050679056
19.54300221245443,21.621644636714684,21.014404436639257,14.986264756967085,20.96788655607331,18.859183390580057,19.481242047263336,18.996203205675773,19.242329132542025
19.595607510672693,29.687756595171717,9.904273556068222,15.124703543860022,21.778461659761554,20.19741164315469,20.806558195645742,17.114684402289832,17.258015840701567
20.261292452487417,18.708086410297774,11.78617546534694,11.005577733777972,16.021869568984364,17.16552283200377,15.139451115006233,14.885379185652132,15.592563618322416
14.696974668016995,19.027481520254963,22.01931659793295,15.674714363497536,17.16632921052251,18.359480954110605,16.21513391250197,18.319962492986612,16.77518876952284
16.41491925436032,24.39070287777904,11.978883295354237,22.17578321452869,17.96781191276474,18.089590284258406,19.096519228032417,17.882682135857337,19.35641420522538
13.577078671500153,19.113856371447145,19.60615454287682,24.29504215204907,18.10283790088546,20.817546863397425,18.977992949743836,20.3912449614073,20.47946141271969
24.889077748431003,22.76262941448808,16.591801375870833,21.742233452868735,22.437114434819463,21.92822235013577,22.05123670613383,19.103004085703873,21.315652326392215
9.471765290798377,14.242312895159365,14.015243017616012,21.218528802562727,13.742612759336046,14.69729479716867,15.619057743407852,16.20895746748134,15.61630025186361
25.767951716584626,33.071649712782985,19.398599028589896,18.4938958018854,25.450897636508042,26.020287945721567,24.149334393256265,23.52125628181605,23.973207189146702
26.931746986314216,15.261453848452984,18.804134014866282,22.099658219655947,22.69387962467959,21.346949588739133,21.210558697964654,19.75313052394747,21.13871858317248
18.48909706508689,20.39123648004896,26.441370608385512,20.145112892327536,20.74646147281,21.440367164055004,21.510942193699254,22.887089167923218,20.9634161347563
6.984314560863506,21.837594820789526,15.500755181856443,26.217795887948498,15.761480447706584,18.09065694385534,19.427002556939204,20.530172055289558,18.72625997540784
18.193447190163546,31.56344067178398,23.760440480276696,18.606218743293006,24.55452754690819,24.53389002023547,22.660325018511642,22.812922793668786,21.932856174356566
19.679079193555904,15.3757710953363,19.40969165753726,24.372032334944524,19.918628886520125,19.274591161450005,19.022073372333633,20.478813499548114,21.481533529977867
14.947008900355433,31.918520677393758,15.35591247382915,22.49645632727144,21.236016299255073,20.280152399987966,22.060205497823674,20.199894711557715,20.567959699424097
17.423908030958785,25.785884105510114,21.196985830068982,21.941773144816636,21.958249830914554,21.02973771213056,20.65795796249591,21.363787600601075,19.793851205398504
27.650975994316756,24.085476622116232,20.262954017815805,10.95403469815272,25.175688321712293,19.66726854501328,21.130518138682923,19.315478201899847,20.304448958024015
23.324635811508706,17.076831564910222,18.143373179432196,22.716758246190842,20.86685548855677,20.267264537866637,20.145810546841336,20.061576207076335,19.3661534810338
15.3771794281095,24.85570621019037,19.065181425762493,18.489968084363387,18.53997032582817,18.76534347615669,19.345688102564505,20.236992019990733,18.626609686427418
12.01200415202284,18.382566887901,15.612051875817873,17.224294022260434,15.747462235532941,16.23806333478975,18.24503385851071,16.365981499412214,15.213694804025623
18.364913411951143,28.33330626599206,14.696851498981973,13.068347835288346,20.054881109883716,21.027603405215267,19.849941497975614,17.767540361871973,19.852865585074515
18.93271610324781,17.144689854461333,21.037768695290332,18.977651464127266,16.473811148703973,20.46458126331266,20.04478606260112,21.096131470642728,20.618969621080232
22.480995936816583,21.43420752771958,17.104242302746904,19.13420638727297,21.21892775602228,18.04715876702388,20.568983679115984,20.176810341811805,20.277648446395222
17.323416437161704,19.22363455993414,17.67966800700363,13.787992312740782,17.72784042553534,16.014571049290822,16.31216370776989,17.123715151071174,17.925439569828985
22.557497876809308,17.062385187865026,19.11928638377711,13.106879308425231,20.432677686178614,17.21086048435969,18.222993875956888,17.75291216962902,17.53790497987313
29.675770200301145,25.706599084539572,19.061153379135234,20.946477920512443,24.739072615872313,22.38575167404579,24.430824446950773,21.718399551241653,22.712980977054777
24.077505112221314,24.677293737048167,12.282694116103741,22.48682052424551,20.23370137926897,18.747047105917204,21.08006380254405,18.843143971208985,21.889121814318003
19.759557463346137,28.045050994504987,23.145008345819434,19.761131639689687,23.091133976233316,23.25031528297925,22.772437438184024,23.263769706141755,22.455601326777117
19.084247644733527,13.100624458959164,18.48472860760271,23.60333859873745,18.001343364580894,18.718223718079322,18.17078552871881,19.091092903643364,18.18581692835552
18.216634329100643,27.32085351170522,17.1893869487114,18.654460062594005,20.88006612653907,21.681325055186804,20.6187923627091,20.55094560974539,19.070073799944627
25.903204562260722,34.52724452678447,19.723384020678985,18.78259490239919,26.56310016100075,24.73787228642721,24.208535651577318,24.286974444020345,25.195432312782973
16.863432770243485,19.741794554115266,18.94616877445945,15.331887885036839,16.92160706352122,17.77354942931289,18.42424417553102,17.710970102148472,15.712658859325762
20.22611354499991,31.47574306054485,21.068250757958808,12.75903208978513,22.88380455975877,22.71590451763286,19.36651366216454,18.56355335761102,20.962523529856835
20.255989509405428,20.684193639700865,20.151934688603763,26.41864853543834,20.6314998574326,21.477280545620992,23.236435159737038,24.182995040744334,21.85514128196688
17.49107903594234,15.137951312193465,20.871384915985068,23.525196200998984,19.13732235209933,19.81666269193763,17.944736964412073,19.5303165596554,20.066313423448204
13.137672260579496,20.471837787966024,23.403975622910064,13.429949731446087,17.79973570237884,18.906633284502455,16.54360382665586,18.993871655347686,17.733755007073594
21.61487251808834,27.24101983837638,21.534498195883888,19.623007631325123,22.80945823931234,22.503927016646745,22.91220373154011,22.837885073962177,21.252143837000435
19.694980140723082,17.809117588342342,17.358055118685748,18.599814755585335,20.276204708510384,16.35247447971667,18.90543373118879,19.463461544733757,17.38170052849854
22.50120234718285,18.998306704967565,13.508395375692668,17.90403010734783,18.92314736002172,19.3320887205862,20.306261610202096,18.63038296676334,20.089196573787994
17.331998467804166,24.967697161465953,24.67119173201806,17.363928608740242,21.65152646672525,21.144769793909763,21.37998852181623,21.440521416735447,20.279369507636638
26.10410649406524,22.015300583692863,17.04910650661155,20.525076587871915,22.341640399254175,21.40271738920902,21.382942777067555,21.180326112094217,22.129384178695243
15.616131093940776,24.923114762433705,16.10757034655791,22.272702101885898,20.803323660834597,17.97038050314372,19.921178954747393,19.869054744444618,20.483557683998168
28.560201420089463,23.18914770379168,11.053092728942243,20.60956467611282,22.739259668386634,20.09530876567483,22.443489393521833,20.8411598473904,20.638089889126093
11.261817450858691,24.398126597757866,19.353892421248446,18.517926502483224,17.66315032205952,19.181816457232475,20.807340733751438,20.403186708141828,18.586288863496183
22.173850322784457,19.838494070952294,18.59554641581508,18.37109313243552,20.237436588033322,19.787802909621867,19.559945686587852,18.957156264113276,20.49044433996451
22.377153412633117,23.158654710151964,11.939540255002077,22.747257267690667,20.757603481869534,22.568133908328967,20.59842382754157,17.67636674840684,22.026985062277056
16.02221466029559,17.36313497152033,19.813096168532702,20.85377975246425,18.86536140317521,17.896949850774444,18.43866720370769,16.62963112897203,19.950627531152662
22.12196968930506,28.442168112516942,16.007232317194244,19.290757852141734,23.357804402814814,22.43802986415941,21.37126565153563,20.765426803834252,21.377134881858346
26.397593348800793,18.828626415913433,28.761260029154776,18.856394809599568,23.87359293220143,23.850996017409916,25.090019274731908,24.575355830595303,23.847229913156944
8.915905803229677,27.64423743774695,15.722555231636527,20.381082038449154,18.74357790924483,18.19079637648322,17.24021340390209,19.56924521646167,17.507006091018077
22.51372403745407,20.831965195085672,16.25922667120883,17.126605245762203,21.09257067366789,19.861092819712532,16.848599078494363,15.706023237605525,19.45558131382267
7.5336458983496115,23.009995053786607,14.500895102982529,22.286155269232843,14.607070303798269,17.05290634361643,17.150117190134452,16.58355723286568,15.319259204366357
15.17167598238396,19.525177245546498,23.11150608416789,14.696565752648533,16.637833004982024,19.639896563497533,19.327237794948797,19.5565986847062,17.26331402017993
28.145831824504725,16.920022844159853,16.508896822140986,17.354173960934073,20.956522541774884,21.089639680399724,19.952127989185943,19.793922403899852,18.541020467674286
17.09108983303973,13.276198061973492,15.100343384938013,21.444424381784096,16.397155245524207,16.370864167672316,17.230217466641847,16.7822594614864,17.098482090928616
14.130600177955138,16.723379207037702,20.82782003968217,14.468468746582907,16.878865086519518,16.70404832985512,17.289960423941373,18.520922755642477,17.410003288056952
19.010311355076592,20.380455733920392,12.478588258347258,12.707965829402,18.843913180118424,17.252924818386425,16.255241367596167,13.746540511012745,16.865221205533484
30.33953169081776,23.05939589414442,20.50044218499579,19.25231070171696,23.984404976622283,24.38297306818335,23.84422774136706,21.82883046507639,23.701768471428462
10.84158876396987,27.051896566416318,25.12559886640343,12.214167382214118,18.25958565306813,19.381142319690678,19.347924793404594,19.934367819949355,17.15018107348025
14.743450441803278,19.771212701015756,20.266431331340357,13.804785783792553,16.08486616179885,17.267983365287925,15.187865467248498,18.864185325888297,16.03167971914138
27.487158415898133,17.59019617866413,20.5515932650397,22.026376474025728,21.24607930878956,22.020667082937184,22.027697977136715,20.555468994609857,21.56390824024151
29.288511717688664,14.786426069986437,21.480240867629934,18.180858969577056,21.637647832601772,20.241842208323337,19.361226573261025,21.609503107556186,22.312813511832633
19.48284387854858,24.400318089520518,24.838832114702075,24.141947798835943,22.861806425393617,22.542371383756898,23.17781396529436,23.698752707670586,21.40023362677161
13.804736487366789,28.915972576646716,22.839575840076417,14.18074263625018,20.95407023447135,21.664455177635727,19.43997593624559,19.483858294819477,17.188744346317467
30.479217509045796,28.331651339781445,19.758678889092096,18.624190537470863,25.556983130496583,24.919270393672168,25.33244582321538,21.168673418001045,25.25344627266972
27.972211958745984,25.549663740736186,21.615565602544006,20.598338212831038,24.427454928123915,23.529293081402486,24.1783576379243,22.11045451654089,24.21206402184334
23.394734938811165,25.192716586337994,14.456260298139558,14.317940279484365,19.45893186367878,19.498576874333608,19.813605871781498,17.826470342172566,19.28842324118739
15.937988255312899,30.488118898546706,21.10517436298929,23.1270476179985,22.269722814363874,22.71442208417696,22.473131565749597,22.46162666079477,22.245229998330352
19.754853295809816,23.660407307084053,13.977776115265009,21.042715532664154,19.16775138479782,18.355731366487543,20.66111932531212,17.79101452125207,21.776993045812073
19.198199594775847,25.230648380120858,16.531910325473493,12.562851653250263,21.474172960578166,18.383913254655344,16.783577147882383,18.23737731320064,17.936865937202246
21.65425652307789,20.396080690740003,5.66975129942705,18.849032815165597,18.209189157504724,15.99433981487472,15.746777879981297,10.956033544337824,17.65744373830471
27.25500719065668,15.189783145726214,19.60571863746985,20.54382694503453,21.263018498521184,18.523328140627765,21.934891101330624,19.33901125027356,23.356808632607727
24.397085205687016,18.580755497502118,15.42451195556659,16.639773305887772,19.440828025683086,17.98493900698341,18.324882992028687,15.98335824632695,19.048519851439636
14.613119615076208,21.954204807326725,22.44458086081785,13.080540377964745,16.733809277994315,18.9461978296443,15.8772794101255,17.88559294234571,18.91417307483249
26.882482250097688,22.303926862506515,19.56077044242161,20.11383515778964,21.999836786108883,23.15333258318077,23.667894954817747,21.251242245405695,20.364822581643566
21.565660700065777,31.631429274276968,22.4963835788065,27.844971801130246,24.77732600361159,25.80787800136371,26.96154740992967,25.629664251688595,24.486872157625776
23.43532897929458,22.406385837955344,13.665613821309849,17.45206360336924,19.87547358567902,17.7531760642031,19.950817467092985,17.231108710584806,18.81264578856226
27.332704296393015,27.89421722012822,22.15354414863853,25.276964725138836,25.260580343991272,25.326602202238664,25.75876360452635,25.946129829626273,26.376444767155906
14.442098752432244,19.82461379211842,26.423425377453306,15.990844712954127,18.985087912836843,19.3944311398587,20.830992676898223,20.76213803878805,20.153481296483825
19.820872106467686,20.44162057117383,21.056633199727578,19.862182540039807,20.772645500303575,20.938265615629284,21.553945533414726,22.257776240391422,19.61374793610192
17.342727243203925,15.35496181388276,21.161396034769155,22.086090123504476,17.525835263448947,18.502765501575023,20.53414987263209,20.607842316056715,20.110169198145904
12.16070287317272,18.28835993561714,18.67839070557974,18.96634533611454,17.91825407294695,14.604868212637246,17.718950193068267,17.06829243597465,18.968689665460982
21.733549888024598,24.634906956818767,15.901324877738542,17.809057404475077,19.298333391734594,23.761015510064933,20.14250563301533,20.737675522889006,21.534789228186686
32.55778275792212,22.037800901970666,21.044769490806033,21.904510085401494,26.092022179433666,23.959592978088658,23.987050938010277,22.93070462262022,24.551328532181074
10.799611277471236,26.71469309948617,11.975668358391726,26.565820461076882,17.167387954532455,19.169386295381575,17.745024456640632,21.054661088563993,19.816264653831084
19.83859694475265,22.90626974172525,16.328979500316734,20.202347698556526,19.54264948837038,18.2373537292774,20.321094086804134,18.89131420948121,20.198739921332326
23.20271467537387,20.23773134181129,10.915772790651271,16.93575929387861,18.53147291419799,15.909176767627653,18.408351860224364,16.087086387731663,17.612791917561275
20.615391008280906,32.741484318934795,15.185374490739669,18.240993770961268,22.922816091324503,22.05738564107774,21.346029565321835,20.588398057524373,21.669580310660677
19.434359737421296,21.530482156434765,20.568180367574243,29.078830582581496,21.028879846350222,22.6684081535149,23.266644239119582,23.032339952615512,22.499879698536855
13.503918182770878,27.81500484852652,20.021573504881854,19.53962846535251,19.31246974806537,21.661796974823943,19.8878534187838,22.055830725127773,19.60473331429012
21.163933714700818,19.99395396727661,18.20365478214189,16.62234520568811,18.468005518071124,19.253976066221597,19.86339960879882,20.3159316479929,17.597007715082572
16.21618011492037,25.547997396917832,18.68160397624804,14.419728334069841,17.71105307588959,18.21011989857967,17.8342701623963,16.236351302979273,16.273761822424856
9.050391475107233,26.640078295758435,10.456541528543163,11.696395623549577,14.584611471638448,12.77387675794179,13.4057401957309,14.73940848013606,13.356823201661575
25.972961102568654,23.042459852877904,16.50975087771634,20.45433709538476,22.24721017747605,21.05090050939075,21.254298504918268,19.051485750683224,22.15677316747659
24.79192909921021,10.227585386516989,15.27459357425916,21.618567971298013,18.004785907343987,16.39877843172536,18.80695440332338,14.527309354447715,17.89572123173734
20.2583048842554,22.091262304280566,15.363761237941837,17.413215280139173,19.436152622699105,17.50823937143335,17.62285046199522,18.330570284964335,19.3187560121495
21.145373441028514,28.152300238799878,20.398314511255013,18.940118327876185,22.355011841207173,23.41034100290303,23.208713648749093,22.105632192227564,21.77851999321297
25.371590063577806,24.63740416513865,14.557970693978758,14.318153162845505,21.670859306234814,18.120984353839898,18.078691386999967,18.26340124089255,20.39624962793376
21.121698283890414,24.229194376146232,15.581276599490357,19.531713859310003,19.933336024125612,20.690792560787642,19.86922490411496,19.421061379110956,21.103756393446393
24.520087773806573,13.388715330212404,9.651723017161935,20.9259812822685,19.371538249408868,14.591207340409834,15.70855072375971,16.14326065825214,19.585485029256642
18.51258899563075,18.397724646624706,16.82350727849532,16.85934293132945,17.17524859292175,17.77484464851138,15.038391598836828,16.714960818340735,18.259098023982666
26.559918692869733,24.056788155757197,13.648649809145521,25.76181067834336,22.775934244073152,22.709951585732053,22.873243638804205,20.918687016754546,22.94234206339864
21.603928629663418,24.05191638393446,18.316811714758575,15.651574693012353,20.361877390184777,19.82378577854079,19.728246746711086,19.69113950198894,19.839259370633595
20.97025971802937,28.07333390066451,14.195567813030141,20.13390641607593,20.922026721419822,22.591423575436277,19.4461680291195,20.783047924530052,23.114211114142222
13.64969455643984,21.27566622426953,18.418168982196864,22.39326887881842,17.790179940815957,21.034629574585075,18.417585802446382,19.749196429774297,19.737120783702952
21.434779271508543,24.029120433369073,17.42125695703063,18.69084199940247,21.0337492200775,20.697412471321766,20.835824892256994,19.311261831160152,20.399297924014665
15.840225412527744,22.08187120965647,24.688167092169284,18.246092724422034,19.26343382840889,21.389660488527955,19.84593944270471,21.294252542860725,19.429369295409565
16.808586367357528,17.065286317492216,19.988871921812773,13.284535398201351,16.88577237481905,18.195580691219792,16.58813888564757,15.881232182973621,15.840528810892136
15.923121858419394,10.721043344526262,10.641448509750788,24.429365982865136,13.436974495969036,15.02367149702551,15.030288353567345,16.09153433922834,15.191046170650424
14.668825340503876,24.155048460650384,12.940444623589165,18.320427193329618,17.93590195617362,18.163741649637107,16.938884273088302,15.512881326816647,19.02398774689804
30.62385701508481,22.869736042064055,18.220832035969334,21.149461699739298,26.924768938411653,22.15776476359875,22.620634423471298,21.660468337268178,24.228608278068958
26.656695309942016,18.909124789499156,14.280608206429397,21.690881951440563,20.485784120023272,17.939079175877367,19.75963019803205,18.751576579157415,19.87336562774916
29.601837510721307,13.904134717420675,6.126526279056591,16.48680603192899,19.279924502253547,13.836831594223764,15.776683258708818,11.586690450340374,17.70738667138558
13.88552490222218,25.14869757204369,23.398185255334973,18.209885582835142,19.6443937988732,23.365514303986586,19.143278730418192,19.74658567988369,20.608488178687022
20.356268749554463,20.67039962902224,20.88089606762163,24.337929402974016,21.622229300482772,21.726687297303858,21.18166114457526,20.96975257572099,21.271578427516417
13.532461873979521,24.784373611840728,20.083907493967086,14.53120933703822,19.014992226137338,18.827535092554562,17.59306022687837,18.35910473096913,16.578270917637877
16.52152561401468,31.32024265205879,15.57070781811634,27.511672299029026,22.075404531968346,24.13725198277919,21.659338465289014,23.878465190419885,22.944918258287625
15.409365082917127,11.292845598401476,19.71070708403972,16.020508858894903,15.055971439269628,14.837582620232933,16.374371311420262,16.379205952927567,16.287823102215267
26.197920032207808,18.50199595648818,15.182558703116474,14.281930173437953,20.06002135814822,18.784444706423738,19.77373718822932,17.224280663468306,18.435183093801065
18.0188516094912,20.953121933440435,18.819429200870765,19.52923608275414,18.445326319169542,19.518574912302466,19.33005693203574,20.645657430089862,18.619397949127357
25.34189666847008,29.274130870733252,14.317667096654091,27.833393057359483,24.469024992722986,24.17262483648572,24.258244911235067,23.53926788801574,25.131533628340343
23.02060444794259,13.817984903967576,24.065153802224057,11.35613625763118,18.017692805157555,17.90387988367839,17.37240588707175,18.091500110896106,16.764804626485578
31.518193760523943,31.679305128403023,11.719053383672621,18.43593712604123,25.70461744195166,22.045639423645348,24.405153706451202,19.000557617467695,23.127709005360106
12.60277888430138,22.679279507831453,22.929135318043325,20.905060069026224,19.62808210105384,19.561221165288313,21.517244559876936,21.738160497615976,19.053675403077012
26.296166198933996,21.519996691330707,18.155663312069322,19.134599834142126,22.61757035388058,20.20496700537494,21.112812680093377,19.250689414693085,22.30339386351023
25.732204352003638,21.009701183905467,16.04213201863204,20.52768668001204,22.749651586636254,20.364557854842232,20.306484530245775,21.16512413596037,20.86066086464823
15.133105809864826,19.818684839099856,18.668011686782954,16.127867671310902,18.814880766821993,16.242068473526047,17.778392767719478,18.650411024348145,17.63891825451859
25.0356666823658,27.240583796345774,20.933392028712724,16.601112616274477,23.85620202330523,21.532119992223514,22.58161982496308,21.51407032795684,23.291863960853036
21.680724815131143,16.657396229587807,23.46698694677759,18.4063094113632,20.41086295961428,20.190246095737688,19.552698875257644,20.920911095612556,19.544548859213112
18.86261870023296,23.727070908219268,19.25257209253413,14.480447648388996,19.65988204175194,19.434831125536494,19.55187317037619,18.855125672711097,21.82177694722282
15.880322565140002,20.07909167146512,14.43721565895089,18.82125439423924,16.332819338234035,17.485439125257354,18.24262867983871,16.65678354274553,18.733313462317977
16.40445274275407,18.18933275742951,18.222520495063154,17.445018825313994,16.45461864654211,17.648406755028308,16.779512803815404,18.299435599620356,17.70966542221146
30.24906047892963,34.92987587841948,25.26717294664949,17.119819259380527,30.18715384296214,30.051840802070938,29.433516120560384,25.01080427973363,26.06828716439788
20.003414094787413,24.0952536737673,23.390712342050495,20.28202565039455,22.144914053980354,22.429616187772606,20.40990928315211,24.19697320860832,21.027505241176076
23.910650007657296,25.06632772330572,21.635053912497433,11.717362027202785,24.42950837735545,20.756937248225686,19.730657691324907,18.88085731831819,21.689949949873856
16.045503091662233,27.68888390334331,21.182748080489546,18.083639586467385,21.741831995336426,21.58844991613729,20.98416169579298,21.549315623234165,20.223568906532364
16.100735268891807,14.893250273407265,20.797800362426166,28.269415062459444,17.163557778773715,20.601300299530607,22.262173360172717,20.60594175224476,19.010435929045407
25.40992404624971,30.76145954561016,22.63501933803948,14.6555612546975,26.225309655487347,23.98241233590687,22.802900354468587,21.35079629183867,20.986819634681602
13.252118942242339,9.455214107524622,16.173484857112378,24.142001985937654,13.481233440068308,15.852162233663345,14.68995866060866,15.142159390172912,16.45641773074198
17.923931160473643,18.156167949807397,12.579655736899976,19.218624483650796,18.27107615400575,17.045304199239315,17.5188363111367,16.632551450637173,17.424376800395216
20.17013705536116,19.7048416341055,18.276014002948244,16.58816876447433,18.807193112170175,18.455502278240576,18.43619595650424,17.712372351833555,17.706692105177613
20.556863009200264,24.90861682485253,14.729673652889236,13.717433361880774,18.960582357659117,18.857222216420688,19.143402407160135,18.12789865442678,16.695510186021444
19.10453357491922,23.09359133070744,13.779916978491261,19.558727861140927,18.485991933930855,20.393626894163713,18.81341188641429,18.322052165989046,17.01059119660496
21.979098905479617,21.165926296508033,15.118885693648274,24.813588423258707,19.90188852978487,20.48705935783252,19.912208287593703,20.070950612315787,20.535438525473914
23.464278779089057,21.940013276861382,27.941255698134746,17.443155419212946,22.46003041162362,22.159846507988174,25.04605176373876,21.733380664314716,21.88573599954646
23.67318772729665,17.10988488238716,18.544498536303376,18.676154301052907,19.60614741739567,18.846673004144197,16.546540762679307,19.394846758912255,20.527450527672627
15.070980956660867,14.513838027579133,19.447631345443952,23.04148340076133,17.43291027042825,15.69668643365856,19.838722182961092,18.43921710766844,18.09569922288107
18.579224510356013,25.6325581116803,13.110548771982984,20.363483165385123,21.57595951684779,19.548872307000092,20.354715544085032,16.904859835629015,20.49542090796657
25.97381430938469,25.468530562680925,10.624988164829482,12.710896881101686,20.095982698080718,19.877060200133208,17.948968187971982,16.18486535326577,19.42918859865868
24.47323593786936,29.92247187578529,14.723789427524776,19.395548863420736,24.91386175256351,20.82622958311719,24.001181630983808,18.881705778456016,22.60311776189232
13.135702742594681,18.04991451592396,23.752782340834994,25.048939642662393,17.44700216827387,20.32747026858715,18.625415611259744,19.848223306207952,20.795180731228882
21.757399501761007,25.464076051504613,19.337101864306085,18.852235254130008,22.442709045632242,22.5477121317907,22.360814129932955,21.956200937241636,19.7564314454333
10.108873753125948,20.581466358176343,20.394380365777568,8.034042282090493,13.446123679494546,17.012475857425947,12.697045576745477,15.134413475030039,13.101800304551224
20.234674510301847,27.952374925967412,20.954264156808247,20.55285996636429,23.2497561272539,24.109299792441757,21.277665196890077,20.417018030393464,24.41900268690329
29.488835083729885,27.109813883390707,15.634602480806889,18.206174241823856,22.87070372203687,20.494072943024527,21.461494596789958,19.123947739244635,20.9511589788625
15.260536413655068,23.056046996122284,23.55186233589347,11.683622344315133,19.213698438219083,19.876135505810577,17.637360362067692,18.342043081170214,17.10703695572883
15.82838477254209,20.302349216670066,15.468769603111271,12.283167639784864,17.001385405647934,14.848080943305186,15.98224892340573,16.65999374406217,16.063838150068086
23.820148907864297,26.80466089304131,23.624929437050213,22.900428573155235,24.77549421007914,23.47466045865889,23.461565588669608,22.40007965607871,22.225154334497486
12.28599242395177,25.234522616282828,19.769208624541363,16.07046901761968,17.31073223050287,19.99353392017005,16.303637218901123,17.665421639004865,16.755004348946787
16.836224850574805,18.57779798956909,10.843819383014711,15.370014477056031,16.563121335838837,15.425780199152923,15.870414943754337,15.328117174179727,17.542191596124383
22.982205687908763,15.361006632602844,15.00796205359786,18.857445756273325,19.079602760707978,18.204956968936003,18.101105955523177,16.581107648054076,18.796129658162254
16.828570761552985,20.55733549659102,10.860245868511582,16.423188006720245,16.50304414433172,15.146509558383727,16.57626237424214,15.293331662905556,15.6845915018177
18.820150063945142,29.577069076741047,22.653128531176833,19.400194511110982,23.54367621312203,24.786731307549466,22.78455345500948,22.187813257478897,22.12261305646106
23.720928551575174,27.73243579366519,17.901058316790397,18.18911988225332,23.111621663747528,22.760391853743425,22.840120918056186,22.5563094621047,21.123354692099998
22.107730417682806,16.438362651647097,9.08663024020088,14.200017679625429,17.540705937478734,15.8083456063095,15.382702894127949,12.103407816145284,17.709844592251
21.33409198147701,16.161212920500397,19.502987526878634,16.95520880575446,18.852239727298006,17.276953515544864,19.500895943462936,18.535525102003813,17.62860331247022
18.304388603649805,28.373419248397433,15.85134295044672,20.771013285236418,21.29785312570168,22.253910277643108,20.049344373831367,21.579920463051497,20.044780836192032
21.850305576344777,16.321820476210853,12.064776579866706,19.167672160954503,18.541113846545223,16.40341308764272,16.632473319005356,15.650620922836415,16.49049100302402
19.381336599501218,24.54647661821004,24.71186334787479,18.672230070432676,21.52816072826369,21.77698905366684,23.204016054402878,21.58006928846266,20.97229281947725
22.289028049628925,18.919643923318382,18.429143464386314,26.74953696471754,19.718450199941906,21.637812759226364,22.95250675874008,22.1764530956135,22.006761194385533
17.51533987441011,30.085224622608415,16.82627439074675,21.924150101542143,21.86545223039829,22.544559473984936,22.161489390107686,22.080398509000418,22.409787459351808
19.087155128102296,18.147876004310607,16.402300876055932,22.40976505928537,19.79005291228675,17.817618253830158,18.122666354078746,18.02223689688903,18.342380262413926
15.05021103723993,27.716807651029143,11.946882123368912,18.336126368820302,18.857266744717972,20.63267542372398,17.292874359818814,18.790169987828914,18.432267684666265
19.82496194996882,22.924293270301824,12.781804401663562,19.8805807614051,19.66983403224767,20.467288420254174,20.180974058196096,17.69547193029209,19.13960947712316
15.944995681855776,23.260974271171435,23.139667139500332,17.275600041897228,19.66960787968689,21.169346708763896,21.177974211184353,21.194002586917435,17.353802127084172
14.429767749190034,12.148457093242996,16.104468520857125,22.110199062096513,15.58747649080319,16.214274469219035,16.13464374867654,18.43579651107892,15.887274466687085
21.293305739276942,10.985433233971406,18.088270803747456,18.558400383603825,17.100511048874136,17.02223866215211,19.57323746711976,17.898025883090504,17.005190746337863
21.063698879288303,20.89717029866343,9.822678095195702,19.889510995722226,18.19421857879885,15.856599867141174,18.377164639163553,16.18147930903829,20.112972051684476
23.914368674742864,23.23453031708306,12.727631856817977,19.64244520862067,22.151175710122594,19.61281881676448,18.772544640285027,17.3505371296867,20.80520347544036
17.844372152124507,16.374010861311383,20.43925007949901,18.927332474378183,17.49999706428816,18.497860789439407,18.12061029216038,21.621644812270134,18.53883394965437
22.04026423418378,16.55653294761829,19.510847040455335,30.75275226862308,21.64998115936412,20.80280561074508,22.220569700725495,21.75648133165782,18.75598996438878
22.753987861368316,24.807363149130666,25.01350079489726,16.33352289002111,24.285791999225797,22.45441216148468,22.31349231060345,22.460457694908474,19.78215660874362
22.223869039157975,24.814272402285653,23.371825326524906,16.29715387936523,23.20472672165245,19.778741507632333,22.926783379685148,21.933107066160087,21.921314453257917
15.87173158598929,21.311294698060365,17.077156110060706,21.77638698724703,17.08591544497804,17.948886026958593,18.05285343267499,19.770520107027668,19.75416852620145
20.746817411355945,25.901008605930375,19.891814258853085,16.619324003699283,21.73647970768453,22.132901433953375,19.45822877084746,22.32542329887919,19.62615879334384
21.820701480273307,16.12898852139927,16.733586228387704,17.834374554604427,18.49513185260847,19.520984533550997,18.731736379171274,17.499185105132526,18.496715971206484
20.03589233453971,20.220325414565146,26.219239274554596,14.654356186577527,20.293738776418788,19.9265384256636,19.775468793633394,20.83659094629846,19.651750978621315
9.567611708144577,30.239388028918366,22.5960587842096,20.96623167761035,19.657447603882723,22.14025137606531,23.26582867318755,23.88520985117262,19.896688300033386
20.8024481198674,22.34161064969909,18.678740363431004,21.017028977936604,21.6301197608341,21.76838305289715,21.653177409209157,20.18928763461325,20.377908799041304
31.06265519698621,22.631562572934996,18.801579139505407,17.73923176030622,24.29021719447549,21.670104879295856,22.03336071509297,21.35100355619875,23.742562844131513
18.199803656215085,33.5297329298387,23.77940114903923,21.85926675392029,24.109265572363846,25.88080248292507,25.554904861037535,24.789857275977667,24.585657647501968
16.359614510723393,15.003289170756146,20.31831138845539,11.567499945065634,16.024185893881857,16.148113363341103,16.542589548833146,17.155168740282576,14.482838068586997
21.86674279855699,25.98215183321055,24.234512068280345,16.172586393942627,24.169374767980603,23.863266997372545,22.697695420960905,22.65413366907944,20.26075890631263
21.561891052332857,30.3199313990405,9.225408294964506,18.320083255156277,21.140725207343234,18.557546030030704,19.734584568785042,17.00325158017229,19.07754599973751
25.96367582708207,20.37571036750727,19.84491304599519,14.31087001238819,20.663847393761124,19.016519563177138,20.544243164881646,17.058723256665825,20.17520645343231
13.710659220455561,26.298153934274232,15.93826054127446,12.005147850325113,16.18844192276138,18.093624925763557,14.885097485989679,14.933636565963544,16.517656256924614
23.65690126287496,17.089902513945475,25.02551195051197,17.768416139846213,21.734404829986616,21.015893919781902,22.202272371016704,19.28402166013943,21.63912811871448
22.952110306257318,18.566338022163244,24.185594748759318,21.776080348242967,21.004790773842156,21.714894065683495,18.433968466687688,22.124343991773745,22.94026563666199
19.28926731529727,23.924832080238172,18.131343236405225,24.128433565706047,21.60099305931449,21.876226931398165,20.926345955385763,18.85233494179696,21.798993936467532
21.69343658960845,25.99283336555295,24.142523915244126,16.81084846717851,21.653594286768808,21.81081463103878,20.564200031201974,21.908184117948256,21.807948799346143
25.147287407991787,27.60468256203123,25.132458079970025,21.932863350486375,25.021185516238116,23.86773673267458,24.45347170888833,24.80227483741034,26.32036886313472
24.361576900142254,29.848142934697464,18.29762668770459,21.54616815230267,23.182646943717177,23.125171789180875,23.43926139629964,23.044913842323606,23.406477478734857
14.284903439631357,21.66276720722409,27.88773508972743,23.874432697337987,20.612392541247978,22.10873935778123,20.730666074564002,24.58284730316051,21.94794813033268
24.10079093377742,27.96805877586294,17.87463538932111,17.599235878583993,24.014432212617127,21.809066430969587,19.11120300174713,21.335200836061784,21.998801523361717
19.676556974837407,20.288475782754254,17.141916198656364,11.805998019261303,18.904773724055243,18.794674304596803,17.43530246801839,16.83782186351092,16.757658484760597
20.364370490077576,26.51045655794134,21.463490354337374,19.280743409690977,21.233721254846163,23.09162410043653,23.991204985039715,21.384605985179853,21.321735786454404
20.36598495500847,23.037443989260908,16.584837075430745,14.944825036121108,19.12331335336926,19.48208618678884,18.3819925971053,17.655486690447585,19.839655977311903
19.2487850560087,24.22838953540962,18.341359103179574,16.10597956375197,20.481214648649033,20.063877110158202,20.440459270813264,18.087249960815964,19.030148807331557
25.958537485535324,24.117539370110187,23.63773769620364,17.79512342378727,22.437995278742275,22.64312684604311,24.381619331465995,22.441080256532167,22.324484528720774
19.58141020075394,13.976474951010939,18.076875408869082,17.64428947460343,17.164175650451114,16.207199886252035,15.41972458426355,15.693277465829707,16.841324242661674
14.402269358084157,16.37939070569613,11.21992882809877,19.566237067583177,16.392239780656457,13.876339724579918,14.934681338387236,16.139983182468413,16.132951259314215
18.032350720151356,22.51270719908761,19.469277551396786,21.81262526567847,19.861914935453655,19.86908377184061,19.180354572389753,19.68068122546307,19.83775171421032
20.893473584052376,13.563604601794157,15.214825683790421,17.529057666896133,15.733797078574943,16.27511334750409,15.993963346155107,16.300561174027063,17.614239921250956
26.146073921485254,26.15605551599878,21.461084629178185,20.58279002643202,24.048332904196446,22.475930632953876,25.288512724420187,22.926567690256753,23.719810953424187
23.01547342474417,26.35777983144071,20.784758863304983,19.05926403972202,22.5457091702855,22.727228859053554,22.527998526227165,22.76750898565554,21.62354095960132
15.74732360626478,23.63585276438895,23.88560139266609,22.74197758351378,22.581312088543754,21.75985835783658,22.291512437753575,20.997573387521516,19.655496960777377
32.425949583394456,16.39432993621039,21.63012920317079,18.245632595574733,25.704946994926427,21.144355766064987,22.130111223623807,20.321743202619572,21.777142170890766
21.3238765548899,28.900694694342576,22.360977134632257,18.684293296901778,24.271319220976938,24.541668420262422,21.606907774456086,23.012053272960937,21.382913799546476
26.376953689995073,32.18605319859179,15.323612959449147,17.502398208004372,24.678483917524435,20.568151604789442,23.525370211228804,22.206254167910966,21.661708839544556
19.241427832113853,22.735384137229868,21.21594598356201,18.351005840166017,21.796105815723227,20.32015622540861,21.638516319710757,20.424072028897523,20.523263949761525
22.666796223527246,24.55267689225618,25.87380515744116,15.866047486616504,22.060427698187176,20.482075911308478,22.557205656128932,21.692205601755898,23.77432486965646
24.197342522592024,23.00869327398022,15.24540036545293,15.469610855425946,22.254161465108318,19.648181440362983,19.969386116122713,19.78750506606425,19.039914666109098
26.09097355877128,24.651845944993998,25.198953166908392,22.1030615411309,26.010013531921526,25.35622833675008,23.27640716658436,25.05252694583334,24.044095672875194
25.286841526891124,21.40220621686802,15.802599635194678,14.667193267261595,21.011291994932673,17.80114251023555,19.99657379470308,18.903956502164245,18.842589061171974
24.360985000364888,21.827178800780985,14.592115019800103,17.723527641208385,22.122509721811884,18.119633090597592,20.971965438464938,16.745897832775615,20.766889317217817
18.424566344029458,26.528588002486828,19.184801773419352,23.061371145083985,21.02427927808625,20.31290459888409,22.204417290526358,22.26163539191286,22.01481606230865
17.14126979021969,33.728120809482206,20.86364166451524,17.58919681998557,21.641506575735907,23.387264056953455,20.533774025173788,20.998641591807136,21.32086505570557
21.663037551620988,14.999643827991306,21.64700049588906,22.3149618147423,20.70396946269775,19.44880489423274,21.791790423336195,19.214477260395757,19.30961720713478
24.665640361705346,21.480937577985166,14.152950316907193,16.635817117092632,20.719466264028934,18.67180313383571,18.28901244977882,17.99655687699786,18.54945248237018
18.886396496116966,16.09769757383959,19.73816038901716,14.795345574599224,18.412815109160686,17.11913416351438,17.767186835283145,18.093894391284596,17.446987789344334
25.325859828571932,29.960124492880418,15.25778171406598,12.620696580396718,25.252893871705172,20.18108407950971,21.74409192253968,17.931920623052715,20.65083545450381
27.263083727430896,19.06131015340051,12.044310975717693,24.250896277090646,20.73532428744882,20.766356363535806,21.73451860546093,20.063600905394967,21.659208935214373
15.418395404632902,14.78399603107103,14.285054737868862,14.452515273462339,14.761439941254503,14.967238046432643,12.934933549978936,14.179395441524338,15.440010484476856
15.8153964810186,25.190934994242866,14.996398536176727,21.98874636050037,20.651227938543396,18.43236509065207,19.61508634905758,18.944928955667095,18.156132188897605
19.298124705473317,30.721555573715555,20.086380641410027,15.00021189282647,23.121745602723934,21.40150136836513,21.32758981423895,20.572700634708035,20.754678099675015
21.538063340945982,25.317989342803813,22.608854652274673,24.269535671759286,22.459563892645804,22.667504226597124,24.87263893967245,23.298863988440708,23.57563482492399
17.377164931164746,23.023989386409585,12.107173480498933,27.827130898460403,18.107192870795124,20.986135929470645,20.542588216544047,20.810785159486702,19.62958210359917
26.76101339433572,24.04570461387997,19.407844296832224,12.253879761238654,22.496992937285242,21.550262577011395,22.0652281776166,17.88284057383,19.7902780072123
22.120334307592255,29.07420331412777,13.293207256916375,14.660974263364745,20.956718890192107,19.93999542858209,20.327097385385443,16.988106084597288,20.201004161185402
20.197235241203696,17.629003649929253,20.516341636056,22.0925274552129,19.917464383682276,21.608777310032753,20.034610791039245,19.18841159821536,19.177406217971953
12.820452380657361,21.440764479568436,15.509077675985008,21.052171693463258,16.845877507874402,19.311521056689344,17.899475978956676,19.97299778540772,20.015526723267506
13.420920917862464,19.73654925745233,13.794683927906885,22.107687419040765,16.538276426141486,16.934380728846644,18.788557297668074,17.115062419812304,17.920590739034562
21.405046251409033,16.16067346354145,21.198658061390297,16.704977798382494,18.479637130182578,18.41923894531402,17.57040705817957,18.095079314940293,18.84753670927575
9.337021869225818,20.35812370291599,15.65230957821962,26.95013664409347,15.59688753109314,17.698197731107193,18.980352458734256,19.063984064155335,17.83608187585133
25.063187048220357,27.538605479912242,16.736144194589208,19.472197866759096,21.525605314899348,21.236755289377392,21.574917656149438,21.399212939910303,23.003766908036074
19.209230778138398,24.833010741963626,9.120043649774495,14.132149692625921,18.51582555042331,18.588166860141463,15.981129631376907,15.438953065887057,16.381675487980576
36.215464847973664,25.221552500541,21.786205445693895,17.98740599982822,29.384074023429232,23.936489050371968,26.32608356512537,22.20138200813394,25.292096585576484
31.539581253080552,22.73237805826659,21.28363408467643,14.185732415084669,23.686100067809775,23.218170691943392,21.552244197766065,20.07002092196632,23.973384803821883
19.092754653762416,24.61661891364294,18.021831377125256,25.363765434216422,21.646258585092003,22.373382235735054,22.150817311612084,20.194990978127677,21.393087089681853
19.468314987343426,17.99704828825947,11.889676234576964,16.358674948799536,16.589228871449993,15.826549365855955,15.939487192585084,15.34843745601582,16.86152323391557
24.97790757001015,20.452450570363855,22.83747671333905,20.96993393897849,23.59388808937225,23.98659159057305,19.952505502276413,23.296569174058046,21.682125833490147
28.515863049590187,22.960021184843384,15.334946454556835,17.117307420071278,23.231719059419863,19.05602806467083,21.45975050736977,18.13098418776331,21.607985146266188
11.809854712819917,23.387579294409452,16.18658619959765,16.538450760949946,17.036082102125768,17.462219441977215,17.10693901490103,17.93048406869442,16.999939175372436
11.068122673226567,23.600939274609367,27.248176225438122,11.358983274875797,18.157888323004084,19.251115674694212,16.408974847622645,19.551852600401222,18.580850393632026
16.889825972228092,21.30832358991811,15.185454223563081,21.392698411962268,19.653119958159866,19.56523137115328,17.995486007879027,17.346989479295967,17.846163987980738
22.91368791586932,20.11288299434835,20.968839849706,24.196725010516737,22.16019101334021,22.10016530286868,20.2410418258978,22.6407786362885,20.90159424243147
22.484367952537987,37.78885641522149,20.24836904833047,15.336129674539393,25.20826716869923,23.247971985814573,24.696120659953746,24.854043987580255,22.686803777051576
25.34885727491925,26.533936364661994,19.56068877152034,12.819083540005316,23.392484979991906,22.701455147586067,22.45363469048682,20.055097180321678,20.05219328102775
14.001512358173459,24.065737379763114,19.128002170218043,22.213264170951316,18.49837196537101,20.68653889374387,20.70161962482267,20.11462264428264,19.487733830179568
8.419280685155616,20.83395750896803,19.5055542475568,12.415034603574995,14.922913743141104,15.233224722740637,16.28258691811395,16.186085690521267,14.840185263788937
24.290070976510727,19.743905865280617,19.08776236376216,23.878131743793034,21.4247960849534,20.93346190798719,21.23213733166982,23.08551812878162,24.481817537723224
15.859018635173827,21.345997031365222,17.792326564895756,15.382419508181519,17.167303091730084,16.689899792577283,18.141868446014453,17.89373776803934,16.748610805004358
9.90756067805681,23.464144217933416,24.045132496442967,14.586829028701494,17.46924915150994,18.9808229300481,17.99184797514151,18.91177059796004,14.639768567349831
20.725318729796907,12.597822279684593,12.749357756802887,19.993849684525166,16.67452032425379,15.89810566117048,16.70190162879121,15.62776927362223,17.047209882086417
23.965878441093388,14.15305202312658,22.085832416061507,14.84744285995425,20.7981335976289,18.299682433332006,19.720482895513456,18.73090453600708,19.242300942875204
19.389714339393613,18.815588055305213,21.289369194750208,16.17155567482716,18.860635679648954,18.693276677987928,20.092044236716283,19.53851712694798,17.719741714216905
17.710758069087554,23.035697183892843,20.793596485317604,20.415927730684025,18.21447060543949,19.16138489166627,20.099238477606992,22.332470971113608,20.43754692668818
19.203188839270467,20.803634264240742,22.467917710560513,9.283550651333416,18.98043362376254,19.016054952064362,16.531928054996236,19.129176510495142,17.33781377748632
18.147086187996084,29.39060613049742,17.629602418926428,25.56967698371329,20.5324737375877,20.92496060230608,22.49683839559045,22.613812684063667,22.778922405396504
13.259764440299165,14.588016065021156,10.524103696692492,19.17456052986295,14.118259362047382,14.051580440783779,14.167337897655058,14.164094082244146,15.54404339752122
16.426596615047842,18.243272651983148,17.710829361142057,13.828135950385889,15.294701980532293,15.03802129299185,16.83680652465389,16.920072464242764,16.184548887918492
22.606399525069072,29.600458704955507,14.035223129501782,14.931018522852634,21.234472837285796,20.648693050407815,21.126270889058873,17.66589300984616,20.535899437774127
21.6083927068825,22.655596623375736,15.072563160567745,22.96658551304321,20.38887279490873,20.22732457458044,18.66120253548324,20.590968857147974,19.119164275536093
20.8402990298341,26.424212914005793,13.030321304670352,21.404211740296414,22.553819525860234,20.688607387307485,19.75384769601019,18.798792731144346,19.601880782981716
15.024257590733104,32.256234716347315,16.09062056622466,24.547122629140844,20.28651971164154,23.280618345547975,21.01567068629404,22.244959026691966,21.199250791550522
19.092484189321663,18.530977910490886,15.613505224066204,16.26902862078306,17.958295938914063,18.36323592463901,18.627392774857242,18.454808247247744,16.43222132992656
9.114674767785726,21.50342831103984,8.48972068029159,20.18633534860321,14.39345264830214,13.248104121301285,14.615168883577702,15.216748486211026,14.79552883529456
20.892383319426948,20.637865495345643,20.80088764512916,20.70627164713471,22.263178223334474,20.693150882321692,20.246468457197327,20.979751149229585,20.423603820486054
27.144288539067837,12.227034977583623,26.881287432019526,21.78107000100895,22.85798514712843,23.52850931545635,22.54672192986656,21.929284365379154,22.044138054364684
12.629339339789471,20.448015981220156,20.424948773985154,23.50912449372828,18.715949686084162,19.60868276176285,18.65985079626474,20.497179930420046,19.899936897989363
17.070361633411224,26.405310936903327,17.188304173863088,16.13094437662261,20.664800265721908,18.886997594935377,19.183535503403213,17.566652735354133,18.762936616478058
21.64553389355065,24.702947709061206,17.781014417295136,18.543318928958076,20.27050967509732,20.703258075969313,22.48227493732829,20.31374452352934,19.469738369366326
26.264213172137417,25.09541584694005,16.316056527947296,16.55940101767942,23.313153534611434,20.604498610115513,22.845061965062687,17.005385974602824,20.526056347243617
17.758876918499254,20.122455096802504,18.360166335467834,18.7895525065745,19.539936766363695,17.678014157563698,18.350378391273203,19.749717562890602,19.414273530915448
16.538748353670517,18.719513819971795,17.851967623707065,21.7937311282519,17.02461983535233,19.507044517695146,18.54362842924074,19.808367546636067,19.013749489531474
10.155384287919585,28.346278359493102,14.635806278406822,12.38385799895719,16.151824401868826,17.986826407020693,15.76130323046337,16.35245593725367,16.554129778327486
20.51719064654053,19.51341426821165,24.731553555791326,23.43748627783714,20.54776758289463,20.729916659964303,20.124045912054992,22.345252329750227,22.88196288621936
30.21038020071872,23.47041019396607,12.051383057160916,14.443271502945002,23.75250188617203,19.493993732253937,21.0800505837944,16.852394810262677,20.11138723242616
21.38679230982338,22.816673403387693,20.873326172776984,17.770518721211076,21.282154931293032,20.37199842987417,23.133169768471546,18.608469970393603,21.920701673451433
19.888605104081435,29.308585081285592,17.59520949072987,23.975767699864498,22.34379033981558,21.24242041786886,22.248592406339572,22.905192236181012,24.05788607978613
21.61041155383493,26.857061788361797,25.60332726026298,20.31203887193362,22.571482580635482,22.707787342265156,22.77891614130906,23.703571539480706,21.28339338013768
19.94453998025699,15.523706896664397,19.363458396992886,20.35811979305464,18.476037466612365,17.26072171895918,18.524609470402222,20.46724584903715,19.100011810816888
15.934928138699352,16.0622341661248,16.560377851267006,14.277495818819556,15.364878302467789,15.770838643278527,15.793805041556263,16.105329818372113,15.038410100258004
24.116399578388528,24.89454909034567,17.00917120626201,14.823656256704638,22.24246399064614,19.90117425579758,19.075413922718333,18.872748905753753,19.80228501023194
21.12880761555877,21.67831176310417,18.159626778079044,22.765025586675677,19.720477290792683,19.77096024070594,20.47446447487028,20.942849639519103,20.31958686383543
20.088066259668288,19.72414108023118,13.428837220014398,16.64342581806244,18.480485113251998,16.900308875998867,18.4860148484321,15.342686889137038,16.70862240109186
15.123169863608751,27.078139419972352,14.932521899528354,17.020352506800602,18.422298631522118,19.77943784177756,18.665926556944786,17.55606551516015,18.946362214555194
26.517539659673794,22.937296910444555,10.86022412323257,22.855805004218848,20.696533336336138,20.370621340153722,22.06310245252142,18.57299343222564,20.403446046336448
23.32351372666555,22.26228693444722,14.308092406503624,14.80034581852189,19.02246059627515,19.597754518944644,19.038327574396074,16.64558520099411,18.844588298486425
17.23539581316349,25.89914320377525,18.3756259266418,20.07694053154503,19.169700136858136,20.51658514334757,19.307859100008475,19.70018828023524,18.699517639790805
25.009124268409685,20.124455025282177,19.200700197138083,19.171629304670766,21.591890127402678,22.236254472023813,20.300463222155418,19.675175981855947,22.38866292834329
17.512145808073964,29.84259492736277,10.082681220014393,18.989257096547032,19.994094189459503,19.62594330883584,19.355081826554024,17.493713098642687,18.96550995557852
16.089982537444815,18.05976188383496,17.4511531878232,16.926257472489986,17.306601597319236,16.767605100143015,16.00919949443713,19.598031414459655,17.75234720199183
16.201484412598564,25.28464533171044,20.25363980328853,16.680579274146687,20.09232617035338,20.33085008753911,18.35276747252545,19.45731585615149,19.167381914223398
11.144657234559544,29.169164193299224,17.34835122649506,14.686543344820539,17.38841347061545,17.873418789224484,16.894978446427864,17.616172577406605,16.79961910053137
22.35771190209103,15.1135225536395,15.4648454168888,20.930660104165227,19.721579528817717,17.52499965616197,18.982489382009955,17.570882907018476,19.170556096897574
10.84427560830825,20.283324120737753,16.351355419807145,16.327403233933055,14.883493360891206,16.854713860838338,15.585349580274013,18.081450421580264,16.985772980301142
13.857780843671186,27.71103696442779,15.836946580091112,22.874978484669008,19.76146035134167,21.0226164371223,21.25262734930772,21.698349374829988,18.83199784650703
9.622059954607334,27.786222738655127,15.453077763567771,18.101779833637387,16.921328906022946,18.106395885484616,16.844364689670268,20.080313674398116,14.415663094466307
19.569651536045534,21.142521998058804,18.695294100979392,14.76619804231585,19.761917069966362,21.552405172906372,16.08601615139605,18.1544221095294,17.48145337880451
19.24839769864064,18.326644531615703,27.230752910941803,18.048744471406316,20.23404940212504,20.954439923621354,20.5829297843479,22.538685451583298,19.0915346758542
18.36651893406818,26.779679111653813,15.025200332379267,17.356571203454102,20.514843370519248,18.007687818571224,21.029547425782663,17.359614735028646,20.045917394562228
14.787111526647118,27.917745512908024,16.72742946935429,23.03641364691221,19.93190665321301,22.171524721399056,20.651744455904016,20.310715363972463,20.100363252695576
14.1388312328168,16.176683257438025,17.793208242499073,17.52399924299387,16.63341961380802,17.130660848992942,15.036087250804073,15.908618067336656,17.12027852678005
22.32184931773287,15.980431755168098,15.250582262566827,17.8951584751987,17.743816510465614,17.64439458486204,16.237728856459878,17.37031048751354,18.343196723562787
17.247240341457562,23.126283409918,22.392943214093705,24.646186821969742,19.010097148683563,21.569532528797193,23.051065360783245,22.73942681122668,21.680549515656104
21.581791607680724,25.146803167144462,8.516458506774248,21.033069285853397,19.00999880372172,19.01529719690888,18.262093870421296,17.130233642608314,19.68105555617067
15.573756569378887,20.504654573849727,15.875763318485298,25.650824064013985,19.190052485242965,20.778057740376713,20.943044959088503,18.857648299851846,21.12348205428455
20.905313713855413,25.396469099911748,21.27325494527985,24.03618001625562,22.484776386309484,23.19084889691983,23.556897892676943,23.740668499046173,23.002920502498913
26.516390186580317,18.44931696581309,16.823622766445464,15.451349646548582,21.143272977866566,17.505396299492418,18.54060117694218,15.299327816581407,20.75407974617048
22.930829001963918,11.426532004631323,14.716644164598835,22.95980341760043,16.785963762808386,13.567725251494151,19.175588991510267,17.100959810074535,20.040988828132512
17.937930908917597,19.88049463833702,19.763027017755057,25.101213168298365,19.667601200599268,20.885444872909204,19.74676928006374,21.098822186938737,20.67715597296738
21.285994851779638,22.316160732565507,21.62537294158861,25.13125252929368,21.024633357655897,21.47999603720079,21.142358151361858,20.75975406365634,22.639546432350755
18.796674127348936,20.620800200517717,18.842541780860234,22.95238393430675,18.892875185644858,20.08910148934872,19.436354617413965,20.810687743842063,20.039583148939016
20.03940092347364,16.206983681702575,14.795118560748467,22.870091979636705,17.721404701189712,17.073451630343985,19.24663543798057,17.851147722773934,20.35644554520176
18.371944739257483,12.921755120605912,19.824813276606974,17.7893558252978,17.41429992757809,16.175321647878324,18.364934229443378,18.249394452091053,16.45664183229116
19.178323970573043,19.42955597816051,16.39180279890084,15.650471662601701,18.895451688360218,16.94689262646709,17.266511339691114,19.055434806564875,16.889918717253718
21.060466765370876,26.48827885824872,20.98074752757531,17.591130724410174,22.904977839516885,21.296152053786855,19.661844657762128,21.397964550790284,20.81304048892424
15.033206502090247,28.280987197068413,23.933035539426363,12.340843994268948,18.930186152224415,21.915252908703106,18.340251847085437,21.4076468081636,17.506867366055364
14.920605865050108,27.938566920692274,7.577692977245869,24.37118126168682,18.29580464345532,19.086879187865417,17.634366184309403,18.80315862996589,18.29949333389967
13.057287230843944,17.920452324257234,18.44426989278253,17.866828162329153,15.877805551021432,15.886250920935375,15.528212523303093,18.119602690025783,17.686245253607236
11.99864447748145,16.23146838184818,11.057064252209491,24.16532291625984,12.764661031533462,14.34761854259855,16.128555383014305,15.252705117568327,16.95830239310736
13.913586538897604,24.483173074899476,27.767154341319085,14.074001691113601,19.887201342126257,21.651737775337182,21.99759475628189,19.976888181489688,18.425601757395103
20.797312534020644,25.175500057989627,16.127501864815237,23.330499684008842,21.179698154932314,22.268965385882876,22.153480109234174,20.93936001563281,22.30177296188901
15.53606242254058,24.000848026002487,20.98549296730149,17.020477367282723,19.825351379123433,21.04435161586998,18.257489350791083,19.45385842205737,20.846138204285705
22.56807232115548,11.929683628811183,17.858732561620418,13.862522366763304,17.64537984234576,15.219734953933008,15.860376953921039,17.22859476014227,17.199973537323928
20.17356874376281,17.665577075582668,14.787661677123761,25.50847220863903,18.328159646185327,19.86169124819252,19.034529246978263,18.642955461955246,21.615619495695107
10.157478932809731,21.851556048570107,14.311787811290293,23.429246677363096,16.74950306814627,15.790078645673834,17.82673153450139,18.125241169618768,18.160275271820964
23.274877921108448,24.436090973152137,24.342716692403037,19.847169680743136,21.272805266168817,23.05516740302683,24.546468552703697,21.746932871248926,22.39793884518086
24.05399322795855,25.836536813012433,21.823752240713244,19.135751540539854,23.586618808854176,23.423062112426035,22.24510807610517,21.69910037220376,22.68627921100877
15.030686625825734,22.7212676114102,25.774336349510254,20.758040075276472,18.29607527919112,19.627621515454926,22.609859956573853,21.641633747150703,20.962021269489185
22.10095771447496,23.65391903269118,18.221813340630796,19.778514311669646,20.646579623684342,23.031471041310976,23.042712058288874,19.311632161313184,20.194018338835665
15.717508812954005,22.424327291805522,19.151678484984,15.830896183314115,18.95254073106082,20.109177915267097,17.93119582697568,18.413742340827373,15.170473998894142
20.48835188374168,25.428096871092414,16.931233737378847,17.351790920860314,19.670998173945392,20.922831715822365,19.674223732207004,18.505567366302287,18.989833400195813
13.677507965225171,23.564328257454555,16.851671187539964,26.84287132815481,17.171205214945974,19.263847484609432,19.87347531720251,23.503384523604268,18.08117272856083
11.034467737327116,22.328688300236436,13.832452270090528,29.688626970512054,19.229691719486713,18.92485748808879,19.28354880522942,20.844647584110177,18.69770309977589
18.085914051935156,20.658156004313096,18.336040763697405,25.25067402092273,18.26479892547958,21.15599681473775,20.22451711343527,21.93448103059109,19.092371229212013
19.381355268625818,22.406457125212405,14.843013620455212,20.912895760650493,21.18489244825811,18.111029862555736,20.270107905125286,18.519608131043356,20.41827816199145
18.01160153192698,24.422956894196375,19.76763568865681,17.64900386919226,20.077753041101033,20.20882462384179,18.413968215600324,19.993259146934825,18.353702636172695
14.079847208887202,23.337376944490305,18.680040875920838,15.807256424412136,17.425056663088377,19.493029922594197,17.441508268131507,17.860060441822256,17.91372274302525
18.000504689344314,23.904132091726268,19.150728174702888,16.07087035827919,20.37546056461231,18.236138087680402,19.6107335015854,21.686810165109947,19.598986630746356
21.34647376290367,28.713609306755927,24.700519758760905,16.78692936525296,25.108063261010223,23.98334405630683,23.75696755557888,22.684792132121,22.82435552524054
19.775534849387316,23.325819613732936,17.849128200937635,27.604656165703076,20.092183138524316,20.07375291779807,24.33406977112098,21.46001453853644,20.580710683396664
20.91250515299607,18.755007397634213,21.026908011413713,26.225129185530395,20.30914901159594,20.418254734841017,20.440862209262654,21.36654973440241,23.22031777876972
16.649423997728835,26.418033929970846,26.206037856342327,21.985113559741574,22.871768440009664,23.009536441711937,22.16260992175864,24.361848423173605,22.535513990555227
25.858589573580797,15.169008311655412,23.22646827718019,15.157547294348696,21.34318102022685,20.235425962955357,17.586496790963935,20.878534161607053,20.788202119348405
14.119133317226098,16.592933096303565,22.612678793819377,22.572223706844145,18.507209215871182,18.39916586934473,17.864373221195432,21.634198085796466,20.678405754449344
22.437801485433592,23.679236323600346,16.773247137918,18.04553188595758,21.75320606186468,20.35796010406289,18.465028911293338,18.34626044665187,21.02982884082775
25.90945546479981,24.581983338932893,18.918572222271187,10.387962245423514,24.36911186574553,19.622422072597658,19.428195922792522,17.410216428854937,18.406683794358365
22.40454046374448,15.774743882480024,12.726894831880234,20.148402549605038,18.433047170411996,16.53046344486283,17.535279839285813,17.776950029452262,19.119494087725727
18.98737886467585,20.08591259506625,19.99565760385766,15.63234783666378,19.404902777159087,20.199077907731247,19.144778464903446,20.705269171624074,16.8986151564077
17.358514766685104,18.969580838901706,19.097840710455365,15.76778628363985,18.35234830081541,16.895258496629875,17.499831119600582,17.7542373060652,17.4884090061312
25.18043825523128,19.566618385592015,18.093540500624723,17.99836802572797,21.2182168687413,20.692962896004058,20.67967837220615,20.27491751897476,19.98244486175096
12.885125373691634,26.71798888136473,22.10877915297144,17.00670810823035,20.13996061410432,20.625333221210266,19.793724546158483,19.111546301670444,18.743054191805346
15.149378698101781,25.532527317736264,13.168900710302413,18.86297272358397,18.476628312843502,17.837345003840763,17.145121656680924,16.704370933580776,16.434448860325453
18.01221117254139,21.904389100731464,24.53945140464139,18.67067779993118,21.339339269302535,20.05220711369625,19.09540866362048,20.589484596644763,18.899255716448117
26.18826878755999,19.27019036442536,21.607058751761137,11.496763628609475,22.671952591188937,18.653944910990752,20.224252382985057,18.97693133607624,19.031607133069024
21.89883818020448,15.251751648899297,17.717464081392105,25.081111955531334,19.815119460143467,18.54810972147664,21.63379445152131,19.672577344977924,20.465305079394383
15.159771207448774,29.100924693909743,17.405081648730427,15.06649310820528,20.28356785595324,19.84700035870172,21.718452676255573,19.05623529615858,17.943285484342866
18.448461473075483,24.960569501424594,19.92244486099438,15.190406459478108,19.360755270207726,20.796187531392814,20.565925274977765,20.58217591868395,20.518715750269084
16.92838427951853,18.466654479634297,24.083404928255117,17.68578699283881,18.34625615281279,19.387612816915926,20.748572882005753,19.6721012092206,19.317905387742712
16.451055038832326,25.597997488124456,18.406430874760044,18.566660610522824,20.641156950965293,19.97156078685416,20.21699570709885,19.79126864118186,19.702391827142826
24.894447792783897,21.64888189712687,18.576123607916905,24.835919267327355,24.074891516386252,21.929584840213074,22.790852526878968,20.36251416299416,22.581798877680118
13.141284353682472,20.564452475688284,18.072473910503486,20.077693808219603,15.107683421593775,18.711651239676677,18.07497716081499,19.84310235291504,16.301246886128475
28.043904278671867,24.17605764144801,25.12809645080589,21.26586193643814,25.054721340456727,25.298002289894683,24.547670432820112,25.167012831073787,24.649639898142805
24.141148450923115,18.292508750436376,16.524467588251905,20.098144750333127,20.482540600598504,17.905986066285884,20.37114394041527,19.07373520301308,22.042453194264475
25.45430835301849,20.28121740244945,17.881969605523715,19.925846329995093,20.95579265396581,20.242912329251354,20.365238341381964,19.852152159178463,21.471063434382863
17.68530243987371,22.607305320997728,23.853742617043977,20.238918012348034,19.82843325271072,22.750562489204782,20.94887464597867,21.394015824145733,21.78266815051009
19.250296404604452,19.502744035573933,18.588043334451456,11.269063429724245,18.87037665617048,16.214988224153398,15.97457051812413,15.245965615572944,18.01335631135321
12.83424092737644,25.34542605133762,22.54823544018209,18.000326060641886,20.6283798496239,20.609324735508537,20.156983788949418,21.077443238531746,19.388643653657454
17.376687964665983,31.345332518391302,14.354879772388166,23.64904444228463,19.558331783767738,21.744366164827184,20.72238863328602,21.5996013524466,21.668036151975112
22.468274238215756,18.228509336964287,17.178829913485945,34.769324043226746,21.198084734413758,21.50304584148696,23.194979373453396,25.21423008063008,23.26501585381312
26.48031530890698,13.674373518479777,23.937736153760916,14.182764269841961,21.36354217863349,21.007031468465353,20.069288406389788,18.81928046129623,19.51289866652805
14.464215915987742,11.991299162618692,15.294641136945819,20.69231984129741,15.291450298899852,15.253925050194258,16.19651044558223,16.440415449500517,15.64325355091085
18.17247031507367,21.24765929252509,17.39480384092117,16.715813688502635,19.11295539389053,20.08154081269345,19.154195322071075,19.153848749332923,18.52497338520829
19.24350389883739,18.684177049369087,19.026740923565914,27.190607615587396,21.58846617055372,20.605724900009868,20.82296584669189,22.57359733272096,20.058350441449253
13.021053989037574,23.039302505335403,14.043381928028053,13.584868956834075,16.316282221830463,16.9062458085011,16.408215624198466,14.9803084014534,14.8610230747824
22.956746208792,22.662988360130505,16.344759525512412,21.49975796126352,22.712515483176883,20.016403690776997,20.379437750812407,19.536944098230606,21.54251671826165
16.380048341286955,13.983915766929519,18.450546727302562,13.37115560198324,15.128051301906506,15.114485861625909,13.575542896365345,15.301202706270967,14.710138862228138
19.02304824411488,12.92558085259297,18.186726936647844,17.72573332775667,16.95479522011793,17.092796181395414,17.49558161401965,16.177987199380937,16.331486275625927
17.74025314044061,23.479666201730478,23.12140808334854,18.862746677000764,19.43784232526632,21.728619706645574,21.09950663249424,22.84901520385305,19.509699746767694
16.053307471401627,22.677144173599785,24.165828779329015,23.27876672695843,21.286373109751224,22.51729379214251,22.55708529072135,22.85343492066217,20.895807470994765
19.964775072597227,19.870910008167243,14.575660511996354,14.691332695365888,18.21100554078375,17.64187099659628,17.250380859160078,16.13407805956957,14.905454846655926
18.92195210715989,13.714282074338477,18.445074076669957,21.65353219538954,17.89525456255834,16.42648277880833,16.580546747672056,18.756849077361235,17.85835750830531
18.140710588606673,24.356956313824952,20.69699323369906,19.075110893551788,20.296912234400075,20.152980483976478,20.475811973056395,20.740554848346303,21.128289565829256
16.357691891598286,28.359497727119717,24.06538986319679,20.091173545143917,22.459549903587995,23.867182250592087,23.105018821504405,22.740199369495993,21.743515729492504
21.597623353914777,23.38991220109461,20.873961189268517,22.833330858740563,22.511582299477805,20.20688749423667,22.649741709551044,21.275771172473164,22.602099520099248
28.268086342461423,17.762630547174677,19.163653606369326,13.86977322797885,20.86108031523752,19.798064401656863,19.619291358101233,19.771008612719395,18.19892353592702
20.699436164195635,22.22276082785576,20.666170127930524,22.242379892594368,20.36730729629751,21.343162399024706,19.79412752523089,20.883405538046695,21.046132030138384
24.980591074555644,15.169429595331575,20.69507533734504,16.7243805876423,20.326749704313617,19.949927679714932,18.366352193814716,17.896777271245092,19.568513432633438
13.048890374232688,27.289803569193964,14.289142830862527,23.383493819907304,19.26224912602116,20.176781944915703,19.98007151040049,19.412999378659237,19.709866148066236
20.78880719646885,22.409221672647693,18.771195170025074,20.33823053815152,22.68924702131586,19.91555232001744,18.911706492249003,22.32818750106821,21.685050206816147
14.513158405144667,13.15921544123384,23.836643976754765,18.16188647393178,16.63953629383788,16.924416762910205,17.099481159509427,18.2448091572976,18.156411263120866
12.615375362340494,20.496628197781586,17.170572925223983,16.639896123636714,17.30077420416768,16.628431161100192,16.769040331222115,17.930676401699596,15.72464670342135
16.30314296270482,24.316507551171153,18.517786570189777,22.293179977421325,18.136233827449193,21.149615871804137,21.507591421211828,20.342352822890135,19.583273501751986
25.959496672067864,20.334761895122387,17.029934201895912,24.04380674192371,24.3075506013694,18.907855832348563,22.45649042888301,20.932824997693714,23.885946232662466
24.750079143348227,20.62052139279913,8.7445620175725,16.868593836559263,20.127646073478648,17.29063906345005,18.708750330393745,16.079696035853008,17.99854799375963
21.215023610272,15.877988964763642,18.082360708938715,14.467973736874413,18.263071137854297,16.441669784312623,17.712690079244805,15.150747750424745,16.41437443779734
12.336497200550346,24.83270493540828,19.20716772261149,21.7768441717809,18.238832275085084,20.225465369679437,18.692892525376262,19.51976993892364,18.834845085300284
19.018596743060314,18.757653999904313,15.950026436476392,13.205876231865199,16.638128009818217,17.201696512402684,16.11937788491801,16.903176713364065,17.958237769039613
21.50850004450868,11.217773114974836,13.381452204461088,13.777950249668113,15.20153062243478,12.774731071737449,14.038759264161897,13.977821668212048,14.600908975300118
20.87768114789299,20.143713146648032,14.477574160873402,14.749198897888403,20.67505675724854,17.284895774412078,18.152822680251912,16.544174718289216,17.183441615465007
10.78103208259627,26.905748577851767,21.056750464542258,17.338198067845003,17.34030286780098,20.16816609960671,18.326510079286265,20.794796147045894,17.164757954468605
15.54841075990064,20.065352767000263,25.89009909218762,13.654672443138221,17.774189438945335,19.715202293639287,18.395633452528205,19.130751508304012,18.908409661474902
19.679611179256415,30.689924925617603,23.52973336362173,11.24480036247369,22.20702817228398,22.328578842001857,21.30850869592921,21.946352095067283,20.409109183816568
22.68145454758595,24.144839742742587,12.622615980677793,14.458223222651508,19.088198507296596,17.237284751259594,20.118095819995737,17.303410487014233,19.421274720115797
9.019360894500268,23.69379081140183,21.418509242202813,21.569897786290475,17.171879803135777,18.582913721593,19.582523591542074,20.91738449175703,19.764256496513475
19.189380122600706,21.358008670411955,15.34735049676284,13.913823711492931,19.632917633330973,16.254201194217316,16.679287325715997,16.971758791362966,15.759931204685776
20.71524384939476,21.658568961178545,15.670931749964891,17.63892128818332,19.071254380650743,19.4237288116984,19.07276411941327,19.128261041273166,18.21299831114258
24.248059942581065,20.68288182440248,16.152097608114865,26.78679384946225,20.439863151161546,21.141893746357265,23.618770066636003,20.464420498489066,22.24393010732358
23.464287921187182,20.48865303958737,20.824267799421722,18.80330347989164,21.869356301239247,20.795641292625778,21.51030738845092,21.076214582233593,21.011699947749413
22.912856594044026,24.654335810335745,21.837013505796154,20.370123958918374,22.910084140089587,20.898507461587155,20.84533010777451,23.81235264718029,22.78906163691416
16.00029746649033,17.320843851047172,17.607875714880848,15.215839926993787,17.642255827667455,16.688240551214022,15.62097481121527,17.312727030397603,15.85913150368017
10.459989314383462,16.6205308563787,17.6757170359679,27.65389941480057,15.016180032038362,18.545289185523472,17.110598652879535,19.514168513882733,17.60147466860303
18.034736214692995,16.384024745623112,19.85705497294317,16.834822043446284,17.523838328870717,16.00439599262346,19.21838931953636,20.39175286317744,18.66574285337686
25.0081591260428,32.22827273838577,20.271978158096967,18.087581262193932,25.38536886522837,23.833817087847194,25.155279057043526,22.712350604588895,23.97486981609252
26.96727263762216,24.6517145083529,22.704902827034118,24.268234711869457,25.239231554701984,22.883737538969623,24.02299419343404,25.388093309487026,25.157857453274122
23.552745511488926,23.522461008400725,12.862512097963204,18.273063020585525,20.485083551409392,18.86037156359418,18.906115189802264,17.265159084509246,17.678978217447263
22.14670411400867,16.71242664853284,18.08010935921612,19.19155513070086,18.85294291703062,17.80442075369567,19.077390595776908,19.614468521909842,20.566661473431704
21.898198241929826,25.11671150337414,13.72790249643529,17.873246716843482,18.976820233873738,19.988582025339095,19.728683785739147,17.519872090953893,19.884325428579864
17.219406266196096,21.41714326773336,17.79623088374639,17.90067048777109,18.09683150320472,18.957267159663754,17.621036797038737,18.817447018250714,18.21671867252997
19.3496985322319,23.07084470565875,17.095298849276958,20.482008043312366,20.843616666858765,21.30768878722361,19.750331857721452,18.92512063795315,19.163408041975256
28.345347629131656,17.11689842068222,17.81300218438919,21.21177275679242,23.007231809783292,20.336316409405747,19.66815197789566,21.64780312404006,21.22020185073582
15.287209971040618,22.801344287087883,14.801028447557872,16.427006275149733,17.08708056797786,17.962042871736067,18.60146795012006,16.71637178390099,16.14382533122831
28.07389395354926,19.880832308967584,12.050840827170285,15.935678175412281,22.497029255267027,17.82370888498519,17.224980803443174,15.27666351368461,17.59163139105719
18.38985922753971,18.171944214849063,9.622249893140388,16.563455644569746,16.359618426855302,14.225856555590148,13.915437823131978,14.3864299382531,15.227311482319871
26.62716054547539,25.670531679036245,17.475279382940638,13.394983943200927,21.848731620993302,21.78293465101842,21.22702834217523,19.34252411843262,19.036767661915093
12.965924952512308,14.311460957349988,16.275995576668244,12.638278965922812,12.346451223681594,15.540332797439572,12.811038875279284,14.434165629793029,13.738285181118508
22.929521005823247,24.823881321570752,15.29624934078469,20.18866858889963,22.915347448467156,21.36533281688946,20.308615106135044,18.61950844935337,19.808722143846033
16.31614932026189,25.42243066776498,23.29019385132664,22.754383212700446,20.71366229470855,22.559121985449487,22.008962124116103,23.895810377209955,22.193618752818622
12.923664040379062,17.6017816222438,14.562247252818757,22.48418117258087,14.396803147574024,15.756684150625478,17.568269351872463,18.642056010670228,15.390838647048566
21.092670212054728,17.898357694337662,23.667336328555212,9.472034907453367,17.227969978144035,19.724277404196425,17.811517667651366,16.34952621488464,18.677295289628944
25.047358942979844,20.884871593667988,24.495374977077027,18.019739651826956,22.589737905015298,22.807003005821876,23.89100808866775,21.00875514554985,22.83279378920055
15.775292807032518,23.410181052311103,10.196398132842475,14.591632177629764,17.23636514183417,18.180237361807976,15.992937053794055,14.55618675095886,14.76515761281239
12.504920197707994,21.235725040928873,18.36952583599588,19.574949751283427,16.306394589643176,17.143125302635806,19.112074914737786,18.187006590580864,17.450744012329274
19.540776178325224,24.167812300959397,16.401214036656036,17.328705924762474,19.02652240129149,20.40717082314955,19.638182890542275,19.0726920532635,18.320272060254272
19.562823356114095,30.814898262686995,6.352784221130937,21.367647624978353,19.927544659369037,19.885505446238668,21.655748124234925,18.910147171215865,20.291277136599003
22.741598137772492,19.46141615425143,12.221434987726344,18.923387638394633,20.514881881914015,17.495825297578705,19.39532273346041,16.351119821730286,20.635922784399202
24.747972856822443,13.424100146482898,21.099744428433898,11.415992420328443,17.89498569671828,18.95378130810832,17.715422238489534,18.601035013554913,18.935022509235445
19.70292409363753,26.129617915153265,26.076797010845056,15.131656508801838,21.80687903462767,23.03118574671192,22.389079599016902,20.698098893065666,20.203929043984104
29.277516573971315,30.41657287963765,21.610712570796995,19.023140459306614,28.271192793187474,24.33142401332433,24.82116976539721,23.81810821195369,25.010288814931336
21.12117372267646,23.963841815255623,19.294529890051912,19.360441716924345,21.92674847277384,20.955495583238015,20.66409694787197,19.836118719662444,22.318421296844637
18.267867469965502,16.56125662323166,17.91467047347565,13.377292769183992,17.375315160348183,15.72295136973898,15.226861005928619,16.795484022442604,16.91300425682466
11.94216320448586,21.380538183823994,24.730651658592457,12.854161185815514,16.77412705182534,18.324106115399694,16.918616955712327,17.462023130937993,17.6712480154623
18.68670239841916,16.40738257894184,26.59295680783056,19.224981350292715,19.66849004414603,21.18626471931383,22.28897716902679,20.26943340444726,20.624801553725472
18.31806527294432,25.21427746981474,15.652629281903256,13.38533077579789,18.822739215629287,19.590025280498057,16.938544328836475,17.626625481268174,17.760658404590014
24.80152398140735,15.243547986507828,10.000053758758835,12.325482293996856,16.86684683859599,15.219694112450203,14.937159292384079,12.596527281481752,16.117356696926084
22.31241812033427,20.499356065859,9.607250146915193,17.21943794947463,17.638110416920174,16.188278201204508,17.315896893686674,15.016726862867525,16.669974161413954
14.103154391836913,16.978310868530468,23.287523968639206,17.046215634645396,17.880976970858786,18.691232876842722,17.793391921160424,21.071137065566443,16.632163275438344
20.86127193205519,22.634123425674808,17.811765836902453,15.486398090642796,20.185332644753153,20.126700421270414,19.58211564104977,18.521149109463153,18.09167387911927
23.357655858645266,20.16829161431121,18.732967641834875,16.18505217310015,21.073162317231155,17.606807637953192,19.141871113858812,19.6196431316724,19.291717886808243
27.640156796939163,22.88381051625132,10.837396028173147,19.055342892889577,22.14589255437605,19.571940676324008,20.54955292555964,16.63306691247582,20.852439237952208
24.437519837070298,22.111752774831828,14.987244348846135,16.119348385280723,21.458836303383325,19.05088298317426,20.55635177765397,16.355601100893743,19.478925790809594
23.80423327155739,17.06670486137945,16.81807674439687,19.28278808665936,19.67888013459621,19.73655000878582,20.509583084979766,18.225096102146306,19.918926534938873
20.30042997307582,25.13438531764511,18.831353533456284,17.478125855530664,20.69291342571361,21.131121985913214,20.16856186929013,18.34242982754366,20.79094972451552
21.941560027117248,21.756171740784424,16.405631844344963,19.670600621546622,19.73638163471476,20.255324906744377,20.554834487351282,18.310233671828907,19.70042323616826
26.247524503530794,17.057354960670498,13.85069520679463,22.51282226174658,19.22366842373994,18.54257343691405,18.770965611044435,18.56810242222707,21.54771070025207
13.336113012601752,33.20463278102896,14.86173202958991,22.35699138156238,19.381847412800695,21.560182039150927,20.21815125592342,20.515067186708894,21.459371164529518
18.25280336391522,24.382150833585623,22.833293143788932,24.152841884264333,21.232291691725774,23.589447212652168,21.23153890769799,23.415399711398642,22.579930935589807
16.137156256218795,21.233697233003472,18.979138478414,22.35258758758864,17.253018642394746,19.696919749216452,19.629900200046578,20.75820513586685,19.044962558135385
21.89576559363062,29.07602263350912,20.448627227822207,19.954230126167218,22.183975581550115,23.402063658090537,21.98444211892235,20.974776299237828,23.406606576345222
26.151110878253938,31.209078046933037,14.404504756490681,17.26627344943942,25.47283595425874,20.83159440812372,20.737048223974476,18.85667636320967,22.630579969216996
17.01512856639463,21.273252888430573,6.184706058397502,17.448956308735102,16.39404362049383,15.061664622747154,15.0945057329083,11.48614855494292,16.44964154315529
8.04847816265281,23.73698743217381,15.907582772462014,15.48889077425676,14.619056398427823,14.58884488066655,14.066901009605395,16.191422336318997,16.525296215953134
17.93889627487765,17.059985909985294,14.533717782298014,19.01811716420623,19.373684014731435,16.35336892614351,18.464872386487936,17.46156502928313,18.11528745364985
24.567368660087034,21.264036246159943,19.396049074512316,21.78954991484774,20.616073425557005,21.53292486891553,21.196727912658485,22.496105583106427,23.613363690104606
22.688149514749398,21.004687231200652,31.142894854727366,16.097329588467918,24.190589181514046,24.16840124090644,23.718581370924458,23.946591085229564,21.916662947922834
22.140931239052883,22.92413516810827,20.780664070473023,18.851128565344904,21.663392633903314,20.31069178900197,20.682147270709798,22.13975321886231,20.607149075175585
18.600033490627602,23.66380239318505,28.943840637533953,16.290551085112924,22.742024373137454,23.134093967833905,20.67961907566428,23.441292432023218,22.137633048089135
13.604846318901068,24.7991422441403,20.275078781357795,19.837417320750458,19.02939240641993,21.67921243994186,20.804645137643323,20.489019209987443,18.061777225439183
22.576471608122336,23.188213281499795,15.480455049709139,16.8024664642002,18.891145221815464,18.835644248111564,19.600605183990602,17.51692089967073,21.435824478243095
15.828590949826875,15.946286866854177,19.391664312483535,16.041957714823788,16.69331154152492,15.428442165008788,18.689034246909387,14.956209464778206,17.930662216109493
30.920483666902282,17.307664471294576,25.122554397910832,16.2801332202719,24.548572864398242,22.45902899525355,21.94118601286168,22.709832473414643,22.7338438616133
22.85253604177258,19.267961902681634,25.318250385284955,21.013315095382268,19.894399275584327,20.957036907284653,21.668085556713926,22.516915692400648,23.27827143344375
17.096758487230247,20.588797040383856,15.698650527827684,18.61300237867858,19.960421144242552,17.20918787017171,19.004092950749197,19.079092706334958,18.632751101658858
16.94307376305686,27.253871452360567,19.012734782797196,17.286313079999857,20.795776799663113,21.64919618086116,21.135750920052665,18.98643638504096,18.232105514031357
19.535278966932058,16.185305065735434,12.28293248131542,20.045618010188843,17.802839143911918,18.333549934916118,17.16571401755759,18.546267515495458,16.75162544401101
18.80249038989125,20.2129247591465,21.29867449876572,17.3419351301294,18.413272606890224,18.681674765036313,22.74927438429136,19.396097074697256,19.431394770404744
25.584168877649773,26.76504749107025,24.21341879622358,23.506071574742812,26.1470902372456,24.37416823665125,24.73661589260125,23.956426383148465,25.08230897395568
20.932080848720233,20.50061262751694,18.159197816464065,15.104535385226974,20.754813689121743,18.365397417574922,17.404643432513037,17.773848306150146,19.851075551833883
16.341841305457358,24.30207824921412,15.330463782559487,18.252113948730873,18.972232376470007,18.2607456068443,17.554069280909744,18.27287590051387,18.606752489938668
29.45220342577891,21.302289785360482,19.44052380511025,13.380939113331998,23.388395419754193,22.722765098775437,20.619249543036183,18.926267549617663,19.72978743125903
20.246541657601114,23.283916286623615,19.669836125452665,17.612502432439626,19.88542089246361,19.927366711943247,21.721974131020907,19.317792193871487,19.40313606370125
23.844198379844485,20.857637280952297,18.32457532739848,12.28145800917348,20.471824484837207,18.5920431457827,18.640623387195504,15.76677227175373,19.41720317764435
16.958867462776205,25.33532736364177,18.71486049734381,21.985266090236504,19.813614388436147,22.62006054207304,22.314632451865712,20.04014866589061,18.670662043774183
21.815578138722618,14.274717962967824,17.304740598122518,22.066015068022317,19.248191908198816,18.82683252121539,19.299688057336944,19.6526378355974,18.06901078055011
21.555549955715975,20.183439958057274,21.983819712905625,22.136680694897905,20.437808056657087,22.37452326436089,22.548241876754712,20.747052380341803,21.168466282913965
10.551753539519236,23.48286338347154,20.94490978066051,19.115489920697872,17.930742100554603,18.355667768260645,18.910922782714092,18.14741028202231,18.71244294792774
30.0763755523032,24.668476240030966,14.067587411423403,15.480518381159632,22.953676850601557,20.202018198953144,21.452487402851236,17.15702353438546,21.19753281859542
26.453222304612737,29.464763113769138,13.957637587365621,15.798637471856201,23.529756566474564,20.43737380795525,22.171275720506998,18.772274841879074,21.820970708636544
18.01402341927006,20.044876665672117,16.982502331893752,25.120688220882084,19.743686052889434,20.536417573336006,19.473814177343762,19.38036390685181,20.350704242070677
14.488651297720722,29.397408809304366,20.947348496420716,24.742708415199186,20.574626982697616,24.17494234208495,21.83831571011376,22.85026173605179,21.697507286977068
21.73780806901776,18.704880866701647,18.59222965556326,19.490220627803087,20.624591970488158,18.834964526862127,19.98083179093603,18.40026182616253,19.174044149786553
20.433488497071984,28.643232057723218,15.427398359509379,16.93746386367869,22.098585232086872,20.331138274415636,22.30150717000184,20.033937660554678,20.865237422985654
21.778344742816145,26.08733563349186,19.04607438690332,24.47449369079404,22.52325216025714,22.470100627801934,21.305808888234363,22.846928973778112,21.64826565041966
20.957886980970446,17.432707101838886,16.676757921910912,16.22198735446076,19.732300444123894,16.121590380933004,15.793149220355222,19.337589060095965,17.742198220969453
22.53120494652963,23.53519618625911,21.521945840896525,19.915396832383628,22.446754027884367,21.332640886169692,21.612192115288607,21.161835821375334,22.89153827713183
27.236528496959032,21.743820822339043,19.33223374026819,24.407829221593833,24.827263842283696,23.424954127256346,24.210950150783766,21.842780101509874,22.944272330614197
22.840516025643232,25.127922968375003,16.738887250191425,15.65464600134149,23.381290275819406,19.383656966521777,20.141869147067972,19.885086920260292,18.365573301849697
14.751722505450294,20.883642057833452,18.926075088185847,22.316894342548448,17.941385049720857,19.449620375610525,18.050253651689463,20.30840738534685,16.965700926816634
26.81281426356226,20.463768871691343,23.260192238096806,21.08224318337548,24.269474116916612,21.388180847859836,22.98384813604786,21.46127837074343,23.779584061990978
28.203072817441438,28.845472913814255,15.72147969381449,18.841933831073757,24.325792397668252,22.635086200862798,21.170016601152827,21.08699521017854,23.76050812786975
35.760283672560426,21.506395527721637,19.610627926588645,15.026265603467538,25.14796986349695,21.92909573691267,23.604810243458736,20.625967221789107,23.1151392530485
14.38252983380201,26.13211162095883,17.718158638136018,16.102240959586897,18.551041586007916,18.03036375262247,18.27465224666785,16.788815162576704,16.644456933925273
21.214410065751373,20.873242574779002,19.707934735448397,20.157804291402634,19.34250389521473,21.23918216065413,20.406315417299922,19.57529400321821,20.38180272991078
9.589506484055065,30.333316296137617,15.381740233617078,13.306652820474454,16.40520303158686,19.140376181033336,17.579989429082197,17.360626037281815,17.18995356567079
22.765745781896044,18.608326853322534,18.441341732637504,19.522975436073,20.920794858211046,18.603106107145848,20.04028636835838,20.677948979975056,18.82725316629036
17.258998509166137,18.929282343764076,22.431293129667203,21.164203936246654,18.671414110904944,19.876629666918216,19.404684905979906,21.531533196703926,20.857250247982446
29.617228974124764,29.622585905579516,14.251972075015571,22.9408806912364,26.588663932572377,23.71830801032321,25.141779749135534,20.905248501773535,22.847115489107857
16.12692514990709,19.775268045523735,12.682379586699673,13.406571702159109,16.559895499193292,13.829231872952413,16.294718685711455,13.95446756491396,14.214594922026395
11.554084810163692,30.00537153082196,12.834177742052143,24.264989188645096,20.467733912606118,18.618586855229957,17.89037162569646,20.367383884504875,19.42290906396798
17.6436812964874,26.459202897974066,13.317349879199245,25.781453976719742,20.76118604707505,21.9042773241602,20.570179341122515,17.691258457773266,21.93050367111191
10.122561143914313,21.226751467195832,20.381293151570656,20.640606270854377,17.67158722540336,17.569919972081113,17.012516214687516,18.7947242261821,19.022201851237018
23.75549727253655,12.933532639914208,12.376561256538139,14.847805674301359,17.744236182854195,16.571871866554982,14.710291111627143,15.77653046251729,17.63476618215534
9.674584768718397,21.90340847864082,16.808418621025876,17.687562846559036,15.882689961018755,15.740563978572165,17.05362730224765,17.67459395421111,17.503274618871433
20.142287905915794,22.508150267667123,20.473157213242832,18.80961101952597,21.949685829380932,21.343599806501743,20.06404032092269,19.589343883052,20.463891661744125
9.610940900719015,27.836088666521864,19.666636242194375,20.081854034922227,18.805513078040526,19.87807335223279,19.15610831214296,19.217439105230362,17.786795528781596
18.39851097731679,29.94223588120056,16.45776408015006,19.08792621057441,21.752484205331765,21.246521156829058,20.301924353533394,20.977516437193287,21.710017517761464
28.21689077902267,18.57506410428126,18.763694927020424,20.124660571578467,22.830135251385098,22.725873893044696,21.790253048295533,20.157389387633238,23.333721231138217
21.803239457178975,26.005908819940913,18.428581318950272,18.637012970643507,22.610715301538686,20.164210892913168,21.897032526997446,20.12533166875406,21.94979681588257
15.68253197517533,25.827010780066747,17.103036177807255,20.06042837804897,18.77639257799662,20.62240435426813,21.8385066907509,19.966978895390668,19.921458181316194
19.84398255530458,27.367063512052226,17.156661125381678,17.157906315354744,20.58103546621061,21.310984828919857,20.200429112525153,19.632445352346895,21.39728324552978
20.09008436022223,24.49344956067772,26.941709739027843,17.647253132070126,23.962541805677724,26.332588677536513,20.844706723223972,23.06646399076873,21.950204262755268
22.36315172921703,12.287511545191151,21.237243615725202,16.69589931809333,20.412966474058532,16.79210593750509,17.642057861625158,16.873297704755128,18.40213513056717
13.165708183595868,21.222887837361203,27.922603670048574,26.669038138016287,18.955691714047887,22.084611923041926,23.09211937863714,23.70447614192889,22.505043663964425
22.962836369236655,16.221462125415425,16.012147468317995,24.85560314469729,19.070568561012916,20.04969306673937,19.24036708678653,20.15039642883755,21.269833444328434
6.4780418419861245,20.986971135409632,17.66013361244741,21.221176760054462,15.683975295416412,16.933711285563366,15.104453238019428,18.83475631795408,16.92447765185166
16.850577238180946,26.90002118066947,12.67149693889341,24.301235989070953,20.308180229301392,19.638767124587496,19.429015150415623,19.80615145800929,20.127911261314974
17.558630787742278,23.525754179374864,14.76173279164171,22.19384535591153,19.929337768149786,20.3942528083589,18.97662486091828,18.437347975234758,20.492490551464357
23.166634130356194,27.740454331987163,25.607652594650006,19.72508463805622,25.579430229327304,24.316207395369915,22.977286875797738,24.790530637474568,24.39475348132742
20.113154263384345,23.708769603567696,15.911862840632974,12.977714635921267,19.397304456398693,17.61250444273991,18.39535184999301,16.640384062494366,18.064736434643212
12.972184730718567,15.508370301655486,25.677125200577837,17.95134431949944,17.101914379839773,19.266564615475584,17.948233856906114,21.35667937056619,16.763856504466347
15.075034370914924,9.395764967136326,13.026550957280438,17.65984843192659,13.472230423853707,13.648959345921194,14.579004922633366,13.148408353604184,15.545552344326751
20.993400047737033,22.74404380839795,13.786123863706893,14.467699307631372,18.56607626487325,17.73842357709916,17.551956921942725,15.977620467871995,16.73470588002306
19.60466329067722,20.930367668244173,16.635075115906314,13.055350901573537,19.06861667329846,17.441334154935277,18.114429012668815,16.565726380738944,16.353387041721277
17.104379451821266,17.115271303090587,17.74500031328329,20.9708773862681,18.86013166908882,17.158226247589475,17.741611319592145,19.370056027568225,18.562654222328973
17.595831052440104,13.49686375174311,21.69234916980052,20.29801728948325,17.121529870564043,18.860630399963103,17.14115295405801,19.190222639637806,15.898097586180057
23.480839985796443,18.326283932636453,19.803081668745065,14.330412079729552,20.436447964572416,18.64095227626528,18.442135281480944,18.271379425206728,20.5122080741076
17.411537135653926,21.02754257567612,16.33473897062389,16.016485974255243,18.348182934525564,17.124443182298165,16.079308975001997,16.893912392179658,17.51555548168551
19.559543779854632,25.32938911853195,17.466736773927575,23.644889092616655,20.99580596111335,20.194169175040262,23.288355331215683,21.370085625688983,23.060038282859868
30.849682940402715,22.9431554078399,16.7237483208612,15.489213945933757,24.793392094973033,21.56000485378646,21.643949901545394,18.939132393638808,23.639083411200893
12.881586815580384,30.040336235863645,14.341385058697082,19.683195615735208,18.321266539049198,19.31888989571834,18.441219041138616,18.153436253015443,18.49094764691012
10.740786342126707,16.82197971977303,14.448148253593514,18.240886801728077,15.389272302370037,13.164697706791847,14.685306117023273,15.817291402671486,16.297278591980227
23.917948323993034,26.405294460287166,22.11153556573364,21.02545388424825,24.639825730887164,22.340460659810454,20.91459407532545,22.97591288464969,22.1262752404863
16.606784693529484,22.23649371564364,10.687340288291441,15.575569389374278,16.071918388027708,16.08002408210229,17.710900246781527,17.405384793404462,16.672770147871876
18.4088123612869,25.473345620592923,24.46943478978022,19.360333910160428,23.533458664550977,22.33112571248424,23.26452971466935,21.92039837018718,20.845910313770407
16.09421810934443,19.817425683672283,16.628023097591072,19.67489030938351,17.844110060557618,17.843914067753943,18.16118120415792,17.28720753695151,18.716308183668
18.700999296162436,27.358401869452948,14.909965574431359,19.920723224916877,19.939038199443765,20.022098625813594,20.54198478730431,19.561017761348076,20.92276375217577
27.992690560481705,23.476123791726213,20.959037162789077,19.316295431850453,25.4679048624446,21.31649176208461,21.668359959786198,20.68016089189305,22.91982008735506
24.010642293090598,18.60277507541125,23.94086633658847,20.37843728237644,22.50577795486298,20.76635981454427,20.53821035160617,20.738446815865807,22.37027349415985
24.311117559434884,21.93987985543406,22.47052976641583,27.767081328203243,21.805265362273627,24.922539650566694,22.424855978184276,22.700525342181795,25.45024789355362
12.918864721036773,20.802220705314504,20.007408197439563,29.245191107084423,17.80855253296156,21.711927963303527,20.582353096945226,21.454277659075295,20.998962664270117
14.244231317235654,24.445891753188967,22.347453958887343,16.44313543685311,19.424361725535274,20.753428846784693,20.4312135214072,19.435635951030353,21.10391948718884
5.804606702572865,16.101116253127458,11.134009691424536,9.727028078590005,8.192115625468633,11.766367343638839,10.30847555272637,9.88913404735559,9.969376999152717
15.95309589458623,21.853241489421528,15.912677834047408,21.381981202887893,18.34301457714661,19.701547124601,19.122944935413383,18.495339645482627,20.409563272206356
24.783515931928292,23.976536263246654,14.355319759900622,19.745009839605064,22.109911560391204,19.284467223758753,21.693929343563724,16.573308553951925,22.170320202754993
22.584732578741853,22.165116535965165,22.8985549248607,23.244167436734323,21.40406383855604,22.717809808099943,21.09904219109747,23.315934547343492,20.901508851796574
18.892433685239382,28.73470622194498,16.466087924304453,20.13954359886127,21.75520217168623,20.246366550048002,22.903758282966795,19.707688883775717,22.24272542240917
19.888498581409735,25.87011387035526,21.381626227128223,19.234415758102877,21.92366425403144,20.89719042738229,22.750983996680286,21.076064173001935,22.26116731432923
16.55557228712297,21.962596016296267,20.143427769954553,23.51562638350889,18.399961806194852,21.01411180774856,21.058198331981096,21.74701046536634,20.556710277213003
21.02379441200892,23.083445487488365,14.550772255345276,24.075122353655367,21.571778644347496,21.256799115118827,21.607378157660555,20.133658056317284,21.425392067673506
23.829391397403075,23.47832775741,15.652167160094862,13.453759764876008,21.88891808945861,19.001929573284738,20.074487823221055,16.745693442019267,19.50383526057193
11.920566062947636,24.01649802083412,23.175270763258904,15.733575251441666,17.891850422372876,21.337359330315266,19.00411741121039,20.43732784685581,19.109904794539208
21.49823843918674,12.87171002167696,14.898069405262346,18.577628162845286,17.099603756122956,16.557891475533733,18.3896894601354,17.805576667484672,17.163639331805722
24.662174354773335,20.492368521153264,18.499470440781916,19.393750495698335,22.378113373576877,19.73195112625838,20.30928060448426,18.7704208836037,22.60114766854152
17.924498555183153,14.577804659032868,14.86983485469422,18.096067186591004,16.12605136626926,14.951676450599287,16.82886251907071,16.838539596536307,15.611638888771443
23.503503060602917,28.39140473729743,16.744191252336556,20.736828711447544,21.410435566522306,23.40687663548501,23.66562474167117,19.834250630194223,20.539085261375213
34.07327222236276,21.695752399985363,17.81535222412011,22.984419157268402,26.486483526891504,23.39332877889769,21.45099924487495,22.943370401408725,25.613014160476748
19.47828603506554,21.033295251601885,14.868533958810035,25.890838842882914,18.850834344818573,20.520421116882748,20.75570186806425,19.157225833101624,22.05012949674297
21.966535250026617,26.483986660166174,14.158212184064475,21.315652095091597,21.30517468996496,18.191133861839596,21.705701525780572,18.80130915873476,20.933512591631782
16.309714581693044,24.111623987249374,19.14509334710977,15.59066528618756,20.603328794844217,19.6017632082308,17.080832934675495,19.937743321513324,15.957238788153484
20.90625581301025,16.356827428103962,14.621050364835295,18.410495099208728,17.90083166251442,16.644939331829338,17.855477262306145,17.45513468837432,16.49966052273429
22.30135812491152,21.645473187363155,14.757369777205309,18.698591034961773,20.237253200984668,17.72708318542833,18.5569920507508,17.39266310392115,20.01683717914074
20.97421170135069,20.324165133868075,14.243787425192117,21.058560959924638,19.951215077195183,18.714257957024696,19.546987586675115,18.304706193736198,19.51336735801186
14.901523401455716,13.27733555696973,17.688367814674727,20.55267213373577,16.04208474785576,17.47236365218609,16.509975430298233,16.676816317043574,18.113679785869348
21.031808856627254,18.548618833813975,21.774806537599364,27.20158660444604,20.133231393381784,24.009934990058376,21.192877038951362,21.090565490325005,22.607628108930896
27.310979693588184,21.08229838991767,24.026114545249065,17.153947458980365,23.70940053382405,22.667661718386242,23.502998685535275,21.89347282126358,21.620572440529617
22.243178822572638,21.425245342540787,15.096327656024886,20.539002135067214,20.434163404428823,18.80376150113615,19.407573465061876,18.353176485888728,20.448050011119797
24.809935945359207,14.588842881613456,26.601243173324846,28.418845590976368,22.734787333019153,22.233279567230134,23.87468069184005,23.619079561226624,25.222263731149077
18.814940149936863,27.758327915237377,13.981180557172816,16.659172412385594,20.6048497281357,20.579807416252752,20.61745288216726,19.32809862423833,20.34136989372066
23.74950119711855,21.489484705542804,22.334194093311478,19.58059478468142,24.95898541641816,20.816248716863388,20.871749200780382,20.568682954714742,21.652755196051725
21.396339191082628,22.187765383302814,15.11321418393823,15.220477995503938,18.58369615717469,19.13608468701739,18.487498436429732,17.332594692875837,18.512665265057016
15.245446351563839,24.003208191699184,14.516306920519959,19.328347598509726,19.115328762288215,18.764294513640074,17.778000120529835,19.010124891736112,18.855313139117587
21.592605023994373,18.059618730481645,15.020975372862445,15.879131407449433,19.830411649892735,17.601626909174865,17.365902989159252,16.287258471338642,17.10903141591615
15.041516682798449,24.28177986566348,17.790209201403524,23.187203613965387,19.670686808419195,18.699222189592074,22.231262548864166,19.698576955382837,20.619787310944204
16.83559862557604,20.164626769909084,20.31988868413444,19.589275436125583,18.15621736676951,19.07337124632706,19.684123263006565,20.018971625500665,18.792324627988677
20.946641536461872,17.51707229676404,20.679472151619287,15.258410960070826,20.96018186021253,17.241816042463924,18.913991912851213,18.90309048525033,18.425248934310236
21.48622136690062,24.867237466776995,14.224059938608447,22.362270791166686,18.94371598889151,19.908840251912324,21.25903472479465,20.396935539530155,20.975483533755593
14.053837674614353,29.45836929400904,14.041362849954925,19.718664155486348,18.555918146370246,20.72155867072984,19.74831812109863,20.700411464384626,18.96128687084999
25.26992885591438,25.624146867429157,14.333445226545813,22.81127510889382,24.114714356015856,22.834576324509698,20.183885475710607,19.771291867406298,24.329663488338323
22.860031391502364,26.614887825702155,17.554582390457956,14.409349488209006,21.710218727801564,20.918665890281193,22.656473594490073,19.149472512454377,19.54572663155469
16.47635782194558,19.396846967188505,17.159377583236502,20.475297648994648,19.485467025281736,17.78685794688156,16.912600480202663,17.26410518731196,17.97924758672876
12.312076017754123,14.011901354157718,14.19929815172082,22.093366778578833,12.665792376872613,16.932547743390572,17.386754841579155,17.007694166416265,17.410610330223456
19.275477104592845,29.450687610499205,19.078414776252977,17.306490039057053,20.97962719019519,21.291533510999454,21.895782747622775,20.824714797473202,21.125101465740173
17.770281430694197,32.2725744470238,27.050275233341274,13.963989092127395,23.06470069213884,23.008022516864838,22.94505906893114,23.062160454656908,22.152406802985393
20.565702285265115,29.71403386884841,15.981138152659394,18.833570018518426,22.637474984680818,22.284889035125836,20.968126105246196,19.423842756328536,19.928565583855015
18.18441669422217,20.32107030510125,16.265952715185865,23.912461175123713,18.792504279388766,19.85321652252502,22.276135773501547,19.214348083706042,20.192902143675386
9.962715696274952,16.226828306355777,20.238646281297473,23.503721322536226,14.760836906367413,17.09035386913237,18.08746746179053,19.624545149991217,18.143401769805152
18.058265308494207,16.671586510902166,15.76473483305282,17.286286260977693,18.52675410047519,16.900031946650444,16.962906293275122,15.665753256754629,16.41626011006294
18.471904444658435,13.581337161929756,20.67585792687273,13.86765825449423,18.498545312655423,17.187231055323053,16.113926742478444,16.68697894577386,17.181800688945685
23.168305123870294,21.463106907949772,15.125829172883838,17.27528111860171,20.044568302662434,19.2690769137963,18.60298231207932,17.859045942176298,19.246465569118516
16.50900162694475,30.028389790412273,25.328478430309204,17.12608939707235,20.680654406340995,23.793017625984447,22.29860065835686,21.386176185809976,20.516480159818677
28.393373366862832,21.291686840638782,19.37909989036918,20.78578713321911,21.541770261145132,21.531353257758802,21.531883776111236,20.03375345575418,23.901096939130163
10.441797246741215,23.511614501741374,15.519908203693154,18.579993988383514,16.43147440357624,18.040060102894902,17.69297953308456,16.868459566995295,17.65075503911082
26.555837489013122,28.877984821521043,15.645233202122904,15.986943153051431,24.669427020010083,21.88307937308938,21.12085729919079,21.053588672707427,21.79620668625885
18.878405145609477,19.979523440838,15.94480098916786,23.41705226904267,19.138882300811577,18.764578290395832,20.559900975610326,18.45605613638339,20.324206505665696
24.297924361717783,32.17765728359797,23.490998664995494,19.56170346977934,25.955928902662784,25.22663758864419,25.864658326333934,24.074442779779286,25.616208615669922
20.399007420293664,31.960472037487268,12.924995969594868,20.741662610923765,21.602367419680917,21.595872572443707,21.451098830450704,18.78392857378141,20.923807552383536
25.697777680127345,21.344443306597586,15.328233318161981,12.100058263474931,21.613076347923943,17.11599183908705,19.197930371945436,15.823574043491968,19.022467675385933
18.063190177235946,19.112328679903936,15.753357772298296,9.302940517210857,18.718125659945212,15.296272827980102,16.188318196189055,13.280001646239263,14.796633045577094
14.506897874110939,25.486190231951564,17.937248132972247,13.249816874222368,16.144169855910974,18.643279974736593,16.33270666916948,18.368074503930693,15.99324409857554
27.102521436355318,20.26237528740571,16.915561229412823,17.077826297572898,21.933114847615983,18.638459466442352,22.07126405134031,17.32675332471863,20.295043821258176
19.432596770589296,16.217223914663318,12.03508867443815,21.305424070455235,16.205417675154266,16.003374283124764,16.991839643249346,17.299378164048093,16.746925214599177
21.107792368121054,28.406193267614903,16.40070926561813,9.631012518370808,19.717752038439748,21.974476715640158,19.58200036834692,17.70950254814856,18.608577961286038
26.173759570223975,28.0822369363854,17.601797267260125,25.37140825748795,23.82169931742161,22.88498546181485,25.03092401889219,22.81056288138332,23.82817694398022
14.840223789527826,22.777558018817803,15.487608659680866,19.682264107080506,18.2147779197851,18.000233670220837,15.70737655224134,19.079282574106017,16.61272597168957
22.977454488196287,15.68567623135911,20.747101956190658,24.44117997179964,20.895185250695512,19.579843069735386,20.305923967136955,24.1692767452217,22.25485282123438
17.050526217685544,15.852368743913068,21.67763371501459,15.456119670103485,18.917347581436207,17.643459911282765,18.34953090710523,18.660941398714442,17.935667128215684
19.33915322177814,22.536146442095763,17.68645320108243,21.015439736689963,20.144121382370926,19.322780141512094,20.206550609846776,18.70029719003947,19.820632816678167
20.361394826921444,19.50064482747484,18.922166347402918,19.34078371988315,17.95504139061035,19.224035938531813,20.220216766758657,20.796387762825812,20.298417510357307
12.49889069276532,20.294535339291958,9.355776010602916,22.270745252218216,14.947977063860149,15.130473558815277,16.19735338516479,15.918441573567188,15.554857113161663
16.105814785897827,27.109815775300017,16.315588911352673,18.064834529601132,18.258492809963997,20.916879085465425,20.628395294341058,21.089353958211916,18.563959295059085
26.755364462065696,25.66589658711279,22.01928676703165,20.892860836030355,23.688262311547476,23.916837103582086,23.947386051504534,22.3782384993075,24.238834404395693
24.43095594292398,28.890713402488064,16.30625366728289,23.4087812750848,24.622284317287566,22.124064907569824,24.683265168725413,23.04831814691916,24.42511640074353
19.686802113363825,17.04688388311371,15.050953294432157,16.3952948244329,17.83268705720378,17.6865670646558,16.0649549516236,16.316869982414588,16.861757159638458
21.215617292564467,20.28404215656644,27.110755704123726,19.9689769299586,22.57807399325165,21.49709158668155,22.017207951324362,25.67009387067096,21.238428069960385
18.52878747181771,25.794908477300563,25.27630876078322,11.448551051110606,20.992611541913227,19.752752687099147,19.668739371670988,20.27534850679312,20.189952043117465
26.78291692913991,24.240391705064457,19.87029964992863,21.810012076253432,24.930874984211723,22.948750720143785,23.56454115415887,25.019162154564683,24.012703390430957
18.99823711102918,29.66190191293811,22.555642445920192,26.81865017384996,23.27745602657203,26.735905188973298,24.22993996605178,25.339882177062375,24.337298557392195
21.15921046067424,24.10268352952035,9.09625832816769,14.02225580900522,20.032649322402104,15.168311682326415,16.865587844748237,15.6286025840553,18.375347100664744
25.730150720710327,31.24054552052776,14.849794237485174,18.634474958288227,24.842269227239864,21.369039141634495,21.908974996002623,22.051716802593184,24.47446116978022
16.113142575770468,24.700089008615706,16.120168507307394,22.521925203656455,19.12451308423541,20.72561647382316,19.40309580690896,18.968222733181317,20.120488615541
27.79394592248447,27.3108372379433,17.056079604532215,19.125669893866203,24.84670549484594,22.05167681640083,22.81135610078987,21.77079169583661,22.35939634653464
12.347692951283115,20.382425266077714,16.04022391610415,19.660398205972903,16.210028663179763,17.940361553352304,15.086339933676296,17.332710035706583,17.384266290150702
28.148210655563993,22.071436059419945,7.799894833934614,17.436002233905445,22.780400785541968,17.24075293895831,16.562122089674823,15.7309857605068,18.829596158958942
18.136622080240127,26.554722019197378,19.54409847483424,17.28739098764834,21.10406185416573,21.056410939196354,20.4398543327875,20.211524555502272,21.08913078535216
18.78650626087359,30.06489085296527,20.174616513122427,18.65322338565849,22.432702729034844,24.304272064518212,19.1506326879214,22.12985315405874,20.578170933347746
10.549949144085286,25.646184746553764,24.407595166359926,19.166685688557422,18.47353182667717,19.76487129338078,19.749461409581027,22.227459964082477,18.73260600647211
17.726026413111537,21.584141140326903,14.846762940900145,14.274234953690762,18.8056132101368,18.353084307865878,16.730627600816124,15.735211611828353,16.048582794542714
14.80096734486558,28.88667514764171,14.519347368880391,18.735912056215884,20.07176350068991,20.408889431805008,19.777763349261765,18.810798499426724,18.924441589399724
16.961768273132638,11.040106718600596,7.280062056142125,25.274135754837307,13.806323681232762,12.453987186917898,14.466999821626237,12.064127900581616,16.552259251274545
19.3134451710556,14.888827492465632,16.825732653636454,17.323464825644383,16.133877814830853,17.400650566912397,18.657382304992485,17.82661618953103,18.076630982464053
24.78895807236453,25.408171118341944,21.604447124248686,14.050980068501488,22.36205385776993,21.944579229812998,22.311301969094597,22.11154460483588,21.174147278738925
21.038016757003128,22.070541781265625,15.552928551229122,18.394335728054294,19.802225980689997,19.264605606673637,17.751661672736528,18.448010219543427,19.400666859709204
21.53838326700557,25.027568255620828,26.57377927417459,16.141548751502814,24.401462019592756,23.35290822909201,22.03597352960161,21.02530609947265,21.050369023117213
14.522403055772187,22.32203761215971,16.973620656841906,13.646632698712242,17.014783277949476,17.072138787181565,18.393358650055387,17.543033536586734,16.023495070718937
15.59622955198635,24.854728473019364,18.58796913715422,19.556673846930483,18.774047964858678,20.13348892177784,18.95126834687307,19.068988942143122,17.841497560723163
28.99362509175656,17.92798589503405,12.547587677673626,16.158871851395688,19.34053121263849,18.414623885483042,18.85412530393957,16.533972659398568,21.034564705506515
16.323994826183768,24.852430430398453,19.148881380701116,16.5011433325869,20.97875910459425,20.511479113969532,20.610740068322333,19.898290248150964,18.553501987390685
28.28104126028648,26.972072641037922,10.08272082058922,19.613709521541555,23.950981558679423,19.168227161475667,20.696790444801014,18.686170218453043,23.42008035847731
18.784694005595668,28.102753019656163,20.77479182005258,12.867301618550663,22.182402004006555,22.28454847323299,21.255365056046664,20.749982467937073,19.150078607708245
20.01143968071752,32.067771473243496,20.89771270494165,12.0337213989955,23.96951004707731,21.143387126338933,20.34266171186092,20.5302804041253,18.30452084098058
25.351825801149648,23.220492217511932,23.43716569734604,21.683488778007728,23.797929774224457,24.165988754435254,20.535629273357717,23.232555545915123,22.991732034311337
26.359462109693283,23.369555434235895,13.920125124929246,11.27666559710367,21.550933692591833,18.79357480838171,19.95998138293115,16.99769740136297,18.746168192866293
19.44593719860456,14.384137679130761,18.642248473189678,15.09328921877058,18.81999674164804,15.53460478637246,17.33013818248137,16.734914841035017,17.032395517397227
18.058784732392304,19.342942994307876,20.255266237546017,11.80064185844625,18.43709511392225,18.37949355742788,17.86897323100758,16.628863705708287,17.554307050385326
19.720397757388934,21.034589629966938,19.76912655332124,17.05545413260467,20.445432005934364,18.650878593790004,18.30192922701517,19.655262987665065,19.36737928811179
21.689787641160592,27.251597761381774,14.538802899460595,20.712234990604664,22.700929181031867,22.086320279763402,20.034753206655044,18.51962699564617,20.74169065824557
24.456518434348776,18.944994379551854,8.43207244177544,19.449351794929505,19.740386687875752,16.2834592537526,18.97117078238753,15.36139508734608,17.732184730696904
20.02114929497076,25.981700098744163,19.387841187537923,28.56749355782914,22.40911817063556,21.83360485883923,23.732753342174757,22.146062699212493,23.244132753834357
23.094431490115767,21.9918914151831,17.390001286760324,23.347662471156003,21.61422268225498,22.63683170787368,21.33854060846604,20.113308055294763,22.413532572378948
28.191798661354703,21.11415942442619,15.73331762815424,15.275368599373595,23.062808115413894,19.9290002391567,20.299587740441343,17.404608505356347,21.268058297836305
21.906548061323925,23.24446984566628,21.055781454861865,14.211779980694358,22.14429732720599,21.380932124323415,21.613150365648906,18.5411792752429,19.021691658837266
21.55826428002389,20.044218138735786,17.820321847382267,29.826751763902003,22.35154329851641,20.784893325867227,23.036077234563557,23.341356211318242,23.995409266614143
12.405445874549661,19.854813759536672,12.723219788928802,23.25028802293345,16.33939222106981,15.012746307328063,16.58379666410199,18.293873261612823,17.781390952760812
6.846349315854683,13.476070471049427,10.274190843615113,21.357478429078288,11.568552492879608,14.441046367473733,11.585034403779325,15.210781634744157,12.324116385200943
21.94187864615084,20.760228963360554,13.484146939467339,19.299407248862472,19.185356893463773,18.515143137672084,19.459469211288084,17.341870384890544,19.46796599962616
19.52587884359564,19.600159269256366,27.572049179067147,20.094086269900068,20.633068269946698,22.567007451359743,20.774075379820577,22.49605730228647,21.69019828670622
17.42608662542629,19.420095053254602,20.89110709573109,13.071706898070296,19.06248594945164,18.849515129993296,16.5198719805018,18.70816738616188,16.147135685632954
21.217651020931722,24.0843653129502,18.754449367900047,19.62815668078707,20.851890475900092,20.685414891583143,22.23690478251633,20.457277811189254,19.462867619295004
19.697981354015457,25.29315976395255,17.273356291256782,19.284925589836057,20.82960328491005,20.792765752948622,21.25976149652336,19.846767744011412,20.681994339601154
25.638901253169493,23.160972523211637,17.010428240210256,15.38344462759408,23.523305610004037,21.849841997684727,20.684122587726865,16.071488013706606,19.88670792896846
20.43055434129489,26.97707595224737,22.66878393343638,16.845894185726085,23.704261019797137,22.316606442229986,20.49218004223893,22.316267056822824,22.624208245776682
16.265383574649164,24.877809629151827,16.037617032386272,25.06070557377422,19.984879113257072,21.48194714456568,22.349645013257454,21.159333750844624,22.30197835516996
24.950831194796443,20.52471905097179,20.307681642737172,18.499300318820552,21.753074973805894,18.948499530805464,22.099501366547344,20.267473259305383,21.673508881928424
18.91434462526899,19.6857185714281,16.606288198833624,27.284685210132444,19.39780067197249,21.25116862847802,20.318973550353398,21.472346793849763,22.069850411443895
22.632683418361538,23.564111183834232,25.76062652734025,12.037282254050467,23.345820394423598,20.20941014982877,20.483395787735756,21.493227855224802,19.24208379739516
17.612946469035997,24.868835549509505,20.969154030313213,16.91147925509701,20.35430870659343,21.665690842806917,20.169093567297868,19.49948206061344,18.19302894714585
16.75086557251282,28.98922153515749,22.982227258734504,12.810885795012325,20.716364327790245,21.8944161321239,19.904881373815634,20.289301255342423,19.121400856976646
20.42084115092848,27.955865224700478,15.662360901247045,14.162310184432663,22.319573982882186,19.90617742878261,21.762198322112273,17.139109380856528,17.81203003753883
20.064143217718424,19.292634967464156,22.232544450269685,15.68717717736281,20.010274524246114,19.508229683128466,18.933596578498904,20.926351235156552,19.338069710833906
22.399135176834164,21.489968599363692,16.749690298421235,20.261238507082364,20.205450739943515,19.75124131276145,19.157125273885136,20.293335387630453,19.662367514086515
18.656771233451288,25.35508902458885,18.4401392957314,20.06730468432155,21.242933717268237,20.06271416020708,22.21824191785635,19.519024713003212,20.566724246392486
10.818201081148013,27.339988890294862,24.540190682477835,16.28283872148958,20.036817521384698,20.778285553729283,19.176243010565464,21.869621292106675,18.33324593719348
17.836130582058058,26.69484734352396,13.828899772974324,10.088801770653673,17.909893502752883,19.95016968300092,17.898599975419234,15.959375302133447,17.119581501306808
23.96909233571908,21.680610835843268,18.8129909252216,24.91077149212861,22.145041605944858,23.22636000467373,23.018754003314207,21.045506292968515,23.089018280962705
18.513119603784467,15.729886737857417,19.752021034074907,17.856941135854576,17.61362881568304,17.047581300985073,17.90443007734779,18.379507070964735,17.60347663517676
18.76808298742726,17.005318118772045,20.08001752320324,14.534839318795443,18.530603232906184,18.053872556164414,16.6240677225268,18.52871542485158,16.039558155163363
24.931882529529688,23.36316757159707,16.19686202762614,20.09972312428035,22.863056324104118,20.970309173765404,21.09972588627992,20.6144030430705,21.583998203846768
16.440133863705388,23.711127897121727,26.345056403232327,19.817780682092696,20.388707352194924,22.126144756256164,20.40866360520581,25.2015794277848,19.14613468294334
12.285983908785502,16.506603132828076,12.820272458638959,17.70929414000014,12.708607233184406,13.79434073055976,14.806820647526267,15.065105396071555,16.110065443764974
19.196844402372527,22.22284805444636,23.835541554529875,19.59412406256602,22.103911649044896,22.02160856048723,21.985120984938355,21.538918957596973,21.37790254158098
17.579130243756314,25.156121784858914,22.860262422366553,14.379880638367926,19.46858391069309,21.642789068507124,21.711628838529425,20.809346805682253,20.033754678369338
15.16876840123373,16.24386671246428,25.60355515841474,22.039651372705933,18.536527748230196,19.162011830984856,18.676111295260384,21.436005118726225,18.562526273048007
19.123107720506546,27.524986009022072,11.647091605168718,15.012531620972519,19.605429475309556,20.534292569842258,18.076470634921538,15.994999661931432,18.431188430258405
22.45752823623392,20.112344257200874,14.52467404844116,16.577721378786272,19.741865424424766,19.720158663932203,17.893255895940275,16.125624472209463,17.97137573985158
19.953557192160922,28.288065562883254,23.967772236646564,21.5952072646063,25.072151691226146,24.534669790163623,23.72488994158175,20.290984377528257,23.064866610118692
21.53490536343119,19.3327377711205,10.491843381478764,23.815835860040934,21.932017352630304,16.785802887805392,17.27202221770703,18.096365631378507,18.57170246781014
29.067038492577115,16.866872585579106,11.574164395838345,25.343098272185355,19.90258246769217,19.815747073362292,19.784130759420016,16.874699874292784,21.92780656506516
18.28560569221218,19.709315050791403,16.046768853154035,23.22319295386629,19.742616013472652,19.310562901963788,17.62420407943734,18.27623556350665,18.225325874299436
21.391743173223347,21.524259384613398,18.76797515448907,17.703711264792872,20.381693469372813,20.41991652555248,18.408617703614567,19.554773226673525,19.627052648884405
17.453933187004328,20.057600466142596,24.3689002945951,12.835867723598149,20.204074759635898,20.97637468263154,18.01863762392296,19.033727052269086,16.327858692307977
15.768201400565136,20.919992892134434,17.258936340278566,24.620222342411573,19.45435100634242,19.355389463702622,21.312720856673316,22.19975720649656,21.49942667830623
17.07546173291115,23.66982574838095,15.567043407741842,24.482783955619905,20.902564301987265,22.130536464198794,20.546379188096097,18.503923899669484,20.475252524852827
17.606207142391558,21.144103151018,19.24555975078571,16.312095386586016,19.151000206240465,19.30706372233038,18.641987231295126,20.820014956632868,18.25910355519366
21.797378987735627,21.669438030239967,19.878385933177604,22.68475615129824,20.574359320976562,21.07031104117078,22.854375779641344,22.65099133253265,22.330262389842936
31.745378933503787,13.45386800398702,19.764959288681084,17.671288824277045,23.382082203471164,22.248358946063014,21.04247164379565,19.981778242001635,20.169458965145626
16.4197828186208,23.958490080052364,17.28805516819462,25.005107534046914,19.831579514651708,21.488833545027727,21.14543501162568,22.289742801842017,19.89602518854973
17.91687347192269,21.55398351154166,10.179655544327401,16.940541350384873,17.129086471001408,16.03684079426476,16.174739004364355,15.661120671063065,17.33501207281365
19.68438493444376,30.051464902414352,14.329536043574672,26.914605150194014,21.97033728753118,22.718314889670705,22.107669402047616,20.081674439200455,23.017351879495738
21.978994243548737,17.302174163730207,23.681084341069848,22.14448219039298,21.939250602896955,21.754905860082896,19.96555678495402,22.288964331762674,20.714044550767788
21.317754059773925,12.958523357502427,18.748275751906398,26.19017937874395,20.386701211423354,18.86276539374088,19.202593570940284,18.599168800006613,21.241785563248396
26.420478969740586,25.09034246965021,16.709911523571773,17.144810921400484,21.956405166946066,21.387042045239756,21.060862556991715,18.959161997737166,21.732369053163985
7.868039647323959,23.732635091565,22.472674193495898,20.620118417776773,17.44550530935487,18.742020794875693,19.018085785057327,20.63035408806105,18.293066549241523
8.065350649021637,16.95783489734427,13.479533470524206,15.12288320662254,12.149298558156385,12.08366275068147,13.36964214083346,13.215717876663154,13.43368231051693
17.520609139949254,14.351255224979543,17.098607465147968,22.375957008476785,15.503665019158722,17.520691359468174,17.4715377437707,19.12058651795753,17.57753938270281
25.486500937718546,29.68698365342145,18.55103362069615,22.596166131348497,25.21822462915094,24.227966418274576,23.16849433389941,22.471552535139985,23.996555938722263
12.171759841972019,29.07055195303391,16.234489986821483,28.588095672804748,18.86243930715419,22.270603276469828,21.91535117161325,22.510819302378465,19.431908851794496
4.961838301531214,9.562716206469354,18.403051291606396,20.928159188878595,9.049223131962233,12.991540040398489,12.96617516008755,16.038982182392765,12.849320543067432
22.855897031096042,19.708884853717496,17.24922427431294,21.89637681002437,19.91276633219416,18.69733321209255,20.781392250279705,19.822148586259065,20.57196068063728
21.21828611851357,30.320960273919496,12.4026278088565,17.116678493984875,20.748022022837212,19.51874487758514,18.351366064225076,17.39520805394647,20.67196043362533
14.54895796600285,19.619687211110666,18.725911527516224,21.165517490540953,16.92053655122829,19.702208469736654,18.85143971176257,18.044811651789455,18.895613287719097
15.07230199639535,19.546938829866736,12.68659283394853,17.480435165249666,14.852480453879146,15.513995619266012,16.943474109161308,15.581616978408308,15.460445680293011
15.151281401826628,20.58620336185316,18.66246050038689,19.463443035367998,17.52006986427456,18.25546306030718,19.085377934222418,17.970271646370236,17.459944164772477
20.5526765873697,16.395515131159204,23.496543296600436,19.698062646183182,19.095590970150074,19.705351811207358,19.838978989977438,22.035962502421516,21.360607754455796
16.868423619084965,13.476121278859779,16.875907210895782,17.59078050660332,16.300079201277065,15.378173202777534,17.118126469285336,15.033228570227882,16.114258536181662
22.470319594877598,27.262736553673744,13.314067480116055,19.251780386167972,22.348479325091485,19.824250378813222,19.30176712075299,21.137742689163343,20.746240720223636
5.726866685478045,12.785315468761622,17.49204874718008,17.498819321146318,11.634781573148793,12.857222901473573,13.286556490434984,15.67824018504334,13.808427285200262
15.715740674361005,23.23635726054378,14.672115567685875,17.481075499864644,17.704289653557666,19.412561657882225,17.58292644945313,17.401341301479146,17.46123774987465
14.369730195444749,26.432897463788247,20.37803601052588,23.306658606009087,19.821606784328143,22.258658485927935,22.158230257983075,21.326498249095277,20.51344341313045
18.71829660813754,14.74386850549421,17.408045009908587,19.701654567305646,16.525178666204194,18.57738506285971,15.622473002186949,18.35123876842037,17.641036173270624
17.309761207549307,17.378657987024642,24.839053006658293,20.38826508880111,18.331144329928946,21.6542583138358,18.920804604581036,21.05453343674249,19.243877088159987
23.989218899478832,28.065895941957947,22.651958382709353,13.170780924057857,24.566529979405313,20.29747646467455,23.71671434568151,21.324592903108517,21.43447333916581
10.703316141699712,24.6644586011352,17.38767798207439,20.69383332732156,15.467880367517015,19.23852551079521,15.931755389212753,20.008267692463022,16.007108497341154
20.22745738165376,18.913571465605564,20.862436271892363,21.12169385590095,19.9689860939988,19.616453934862,21.09571371545066,21.156252166007366,19.998830452697693
22.791682116058528,28.011245016805855,16.427054363348617,17.40664550924499,22.22259271349819,22.487964983460397,20.458829588337355,20.91409381402767,21.487409046478934
29.283237182809774,28.03267861727151,18.135827540660674,27.340118705042766,27.083407938316668,24.433751821707606,25.95266811509228,24.52906714317316,26.644386987307406
17.591170144532626,23.345263465078535,16.554263214598752,9.84309094326374,16.910196851160386,16.402560465098748,18.247229345727764,15.05153458807498,17.621248326600025
21.622293021762584,17.499198860631687,21.065823839398835,22.137468543082186,20.338069194568465,18.88741326232501,20.874402937297653,18.649849836826153,21.678350518468385
10.980686037188175,19.932756482641025,23.73195310683831,21.85121921981945,17.646598244376293,19.363119017266527,20.558687088382754,21.34380063821913,18.990771201014407
8.040218978434881,23.43193371977695,21.194592828764574,21.166331727997648,14.69648822723572,20.144213368377272,17.965920132956708,20.54360844615971,17.715933463658594
24.2238718789085,21.05702585426256,21.687746405141425,19.70485082255449,21.240362898264163,21.865343434975102,21.308197484373835,23.146275982676848,21.27103805999343
19.97219853175965,26.694785891174256,21.69213374894292,21.20271729050015,22.364223812081942,21.548410791350967,23.17730111444197,22.25800510120708,22.533126928179865
25.892563448992114,14.35112959945332,20.20502368933884,22.472701918223574,21.464786096757273,22.192558150442675,20.290924203719634,20.65779461910673,21.744299798757577
13.132985555151254,14.528682354668806,13.442855363158928,16.096449664672022,14.092514278672834,14.886886998804545,14.897589615450755,15.202288476879737,13.988856075884549
22.599510697643762,22.904355557412163,24.803886077666,20.19678248872036,23.452020663636198,23.64914124355396,23.809937921938253,23.334819479916828,21.513444600651095
29.344089202719267,19.542277930965476,25.2176433067937,18.266732631906784,23.39114847228612,24.23516956560062,23.961022662383698,23.253885410571833,23.18213265251539
22.09852804178633,18.864756926511294,17.064481586746528,14.624926399097966,17.785476902198997,16.483246853528428,16.584261673088946,16.377865435783033,19.358890998343952
21.382907527955243,13.159716404128014,16.517208339135273,21.86867989845316,18.075893395849665,16.641960769672785,17.8907472653684,16.961355005043735,19.021068556306474
20.04278040412175,22.09772922399091,20.4496466116615,16.742558301263866,19.181262843090543,20.944291848697123,20.115011119314328,19.34588918969745,19.573474287375532
12.145592714370439,21.736224459996173,20.20325134073402,13.008565300882132,15.855288895934244,16.801936015248096,16.5295149143663,15.371607900301454,16.35730955162082
26.77786467855174,25.267394909758703,17.192215724987925,16.843557357193404,24.346441579891607,21.187154125317967,21.599624181014477,19.62163935669214,22.059669306650388
16.94571180097467,22.34453066560486,12.999897377649583,15.804404407627478,17.851163393130843,17.075611001865465,17.318706807233408,15.445174494158305,17.142827733412968
22.522416281915085,21.336979608797517,19.222804762999107,23.113916036760443,20.997868046425737,20.01779638664418,21.022461051900468,21.46514759980652,21.76077623861077
12.184828467143731,27.885003183951685,20.205746152702183,19.612772562232312,18.5438273241657,20.42592782473773,19.778648711051613,20.49654492425204,18.64924813287818
14.102701677461098,15.437663482757252,20.903284592155188,24.52953098275976,17.526911289407796,19.543234171869738,17.562260455776467,19.202543183352926,19.86271613725977
27.175436996111177,24.68194609423788,19.39717108941683,16.333775075067816,23.999541287755967,22.655031459150052,21.419240526801104,21.62379073975484,21.44162539562615
18.263488555210785,13.644264176023256,16.915539406552362,22.496679487585997,15.816893862637674,18.43298934529951,16.303314303577285,18.152940403830456,19.912339717215726
27.266377380212724,17.80819059999596,21.976008158025113,30.358491659231653,21.73223519651112,24.470109309085995,24.468763645059052,25.049085460425285,25.398659069423363
19.60884670470741,15.936714336883432,18.263393990263673,20.42412986850856,20.201446600491735,18.67250173848991,18.365049020732222,18.76433855525956,18.902605862482858
10.790511135210712,25.90971267725959,16.140307942541117,22.446595449292612,16.33936016538209,19.58910600115058,17.905986589027382,19.915090591984274,19.141114519150708
24.460337998658602,21.67294883202303,17.277386471817117,21.774070656901625,22.446600712424058,21.18531308237071,23.081445798678942,18.862803627416355,21.007203504019074
17.05053841122196,21.932483777035117,11.016123870100072,13.311698690296694,18.445048072987177,15.329982547190328,15.582299704116622,15.76961325561455,16.272259900868466
23.493444067585216,16.466335061352744,17.271032703285844,21.3432691898698,20.073409173917213,18.058608257161964,19.930073199603022,19.832686907680646,20.313745785365033
20.12605433770041,20.501532520335555,20.753746079498676,20.225825282598276,19.77377655887319,19.757362157890103,19.763156390187767,20.463317653743633,20.767500948341027
12.284408860285648,18.18267348345444,19.35913208855692,17.961010466406762,14.61044401180694,16.98559622038442,16.532458203938642,18.28493365193751,15.89839240853191
20.821473826852845,23.917275074271082,24.082656691924743,15.463854503180478,20.426678305405428,21.001219251122638,21.39572849490582,22.140427285489796,19.792614439221506
30.981115710763994,17.04454432334193,16.948100343937185,21.775932961308147,23.449717794902817,21.163034873082076,21.355172285030925,19.447040257601646,20.7931259484343
22.464932292572296,28.64897182602538,19.949252652213264,15.110385041557514,24.53252982238492,22.296426026361804,21.54668880998038,18.906023753150347,20.534986653950906
19.712411234972684,13.622097751879528,21.170960705223088,27.534582418727588,18.563785105765785,20.19663976659106,21.316837643054185,21.071155707197367,20.623003403347372
25.37671700978449,17.967400837717193,27.371428033149634,19.45667633395251,22.405139833104766,22.91973539592323,22.025029374132107,23.069115474122235,21.850413442688662
21.053342326015553,30.38600254983048,18.57906196447056,14.106771808853985,23.361108359946062,22.917206119048757,19.69913347905476,19.813751278938707,20.22558542900749
21.04767115131397,19.82430626018983,13.823251284543908,16.944014886686645,18.139464830255235,17.684031578633146,16.383546606005176,17.99969950432169,18.191282691960645
14.541874139204488,15.42560667797794,21.391715013421127,17.88746264684073,16.7860038340719,18.539433298463376,18.750103655747935,17.502331160017405,17.592006643324037
21.16924012894799,23.09535781268834,25.46290942387383,28.649506615695383,23.395637391815512,25.047814877876494,25.52540019587696,24.682720699223836,25.223066756947333
25.177217082084724,19.62303878892729,16.709805159093513,15.461644212762014,20.436455864028925,20.157258980010678,19.898725977904625,16.706698291782352,20.108705688435705
15.819689239499876,17.82064872190847,21.36432615442566,18.53513094699445,17.784910479220546,20.241086334585678,17.948895959835102,19.681109509257766,18.835740576613166
27.12247910623474,16.52064594600641,22.91491222091568,16.84868652053991,23.836188637182925,21.201550155410626,19.51860093743635,18.710914191279173,21.35377431717533
19.54146987927437,35.84186802812972,22.068262175880612,20.997033942326656,25.687037133658407,25.584508075195302,24.329856892906687,24.992692044636936,23.798804070396166
15.561152442307296,20.74224049907932,18.502234089894312,16.912466345179823,18.931327383399534,18.365373951632822,17.836168972829142,17.2463123622488,18.520084162992816
24.988160384601223,12.372163198335615,15.206104967147414,14.443773335441158,17.27381707939471,15.689701114091548,15.620998804634075,14.615720305864041,18.038519598916057
18.566028821308652,29.468548795027672,17.674881807945656,18.218821680815203,22.719770844309988,20.99622713474071,19.512413963225672,22.056137128550457,18.982175428657378
23.79757443743054,25.055354525552854,19.834401815510525,17.802424626671026,23.421779433876267,22.689043878450857,19.892126244887308,21.897896191754825,21.2851629820029
18.541206838707314,18.16766784490106,21.632890096366914,16.631022489503945,17.356867260617655,18.01094295557509,19.40059000491365,19.249330356005796,16.708379935206604
19.70086928235048,17.33440455656929,19.335780191996157,16.84475856441153,19.172091708122466,19.92495362948426,17.09859483362885,16.913669335128137,16.47476631730779
22.46780102167146,25.367363980791154,16.480368133837693,23.738783191524014,21.75400741203119,21.64391322412373,22.322989402672018,23.04845756596852,21.72264649146416
21.45448528795003,20.765408362552726,20.221518624599074,17.721039142929982,19.08202058683303,22.993260875444356,19.642813001100702,19.507127841588304,19.82204980742243
10.022341097741307,12.370110907774494,21.44034027097128,14.46348935008627,13.584162432959374,14.34718601635963,15.163708315419475,16.63902018121165,13.683661817740258
14.39378129952804,30.936199823023344,19.518440225657923,17.151536144800573,21.196256717392473,21.69564442345044,20.835813885221487,21.49138879737227,17.778433362472686
24.64704992395408,19.830047688920214,14.6552515418467,19.21734263786157,20.812226917057757,18.766619011344783,19.355485530254356,16.095122731736666,20.831473492341093
19.339317055492263,29.477858682412133,17.27437586113124,13.654921453794584,21.290313159680498,19.83143397337711,20.06707168841677,18.19569289079092,18.541775745667966
17.381343486142892,28.392174789828573,21.791283105649867,25.503911840025594,22.048252298079934,24.695888784755947,23.15684219703502,23.716181360813913,23.391644373717387
13.207129923712628,16.99495227758593,12.467928765022105,22.470317910025088,17.588543206109318,14.868799685132148,15.669735068453365,16.578690038616266,15.916372824783544
14.601318393620758,27.165949321815738,9.627287910435363,24.72069097447512,17.205269444998965,18.22629853632027,20.008894435544608,16.85683731817224,18.65761790236983
9.891006800190263,18.742787250681594,24.032331400576084,20.56851250195073,17.315478407948078,19.51075916472041,17.88558573510767,20.847482102285273,18.126563660145994
19.493596406492337,12.666497065980291,20.04566102008752,10.625210199479598,16.68446387724547,16.582369557964135,15.620891026758455,15.722226925662728,15.228926434667285
17.007812097094764,19.877009169889288,20.426920010080426,25.141334866554054,18.511278572209154,19.129122725493154,19.198143936247124,23.05666915671165,20.876037505450483
15.167060545073424,23.988187508881396,13.692732105491775,15.545726561160429,17.50800049727961,18.028510190774096,17.372471283996568,17.455445155834166,17.02734243211125
19.659382874160233,19.68631676001831,20.950112253866152,15.871253023991605,18.153863293253362,19.425955797212048,18.431184630863612,18.77536666088829,17.359346664673954
21.81985315426369,20.464758295374494,19.100994750273458,19.625300575821775,20.05460735114784,19.24103330184995,19.775878034775452,19.606855560405844,20.824485458681984
30.465989661049726,27.717830224643066,11.662689688606411,24.512919386680597,25.23864048236655,22.021056248185353,22.750296379360506,21.623613472803218,23.432162411278618
12.440582902183932,22.532469901450458,23.697133657095428,23.213148535809598,17.245598657709625,18.96617592721407,20.346837301246506,22.47697458273998,18.83097706512818
25.79690521650261,17.783508443575236,18.634733294474916,22.625124480704084,22.149656265127067,22.327322888653963,19.20359524377722,19.00668946168027,21.083655102669358
24.86550780507536,25.510151618336632,16.415664135682924,17.752691788501785,21.693889572606366,22.116805059898304,21.81836084981243,21.574445130288847,21.985111022466548
16.104536303116497,22.988377834771224,16.488041016059128,17.689569895631553,16.953172106439393,17.312601884820495,18.27896648771537,17.12034787946371,16.433145935327037
21.016179772930155,9.391975992689785,9.939112378270494,20.383774671920268,14.169846913996754,14.878225073049963,14.715475102750467,16.549760072114665,16.9372018490883
17.711833753311925,24.141764568857244,20.373346398525452,18.47971663486587,22.42585797700911,20.018821023900703,18.628434673099203,20.720744761052227,20.100040274500632
20.928442902093696,23.95914353858051,19.047428828982902,22.557271629317412,19.646269009271116,22.513925152900942,22.056138411223603,20.63538472864125,21.72136257607843
27.545655067022754,22.1006056479043,17.22367947066762,22.320470657980906,23.761349769881797,21.27443711141322,21.663275150598817,18.39326693782568,23.071371239260486
23.028031163156566,26.458502905347878,23.113940829806687,21.36536528469082,23.156451760278124,23.387058315007884,24.7975469159988,24.02645408396352,22.94240424294402
22.54304186616721,18.638032078367488,12.464563924016616,8.896154872922486,17.641026470555143,15.330270880775505,16.121767147698232,12.08627204815441,16.33456557118324
17.848453400226788,23.682498944104506,15.61291009452954,19.511953454709055,19.921839336379215,18.60334874091607,20.698609662079598,18.977389761436328,18.640643166974087
12.579716675378325,14.165203144163236,14.599966980958456,18.564584477069197,14.61271817213783,16.257682643259315,15.114337860180877,17.434007134397003,13.471464829593561
18.95765894729796,24.03545191699416,16.884820080913787,19.672102407038125,19.457176991742212,20.90056086332108,20.965331099223164,18.220736167375467,19.695760998536656
26.033040774319574,31.76529847769948,18.269880101028892,15.982701445814373,23.8372280111916,23.52365055597858,23.4755012450138,21.797181659200728,23.413115015321104
12.364160717051762,17.025718237662296,19.72005409524542,13.7008563584031,15.989617186709427,17.2613032789491,15.251715939886848,15.828238649998847,15.660698255680582
14.724553159116525,18.200989340061124,16.61210618757953,20.85255391990016,17.310171888180214,15.932278358850073,17.78476067014847,19.14641137169464,19.450153149007395
20.63133868117034,18.44992278554224,14.490577059380424,17.57479472907175,18.15813768412588,16.294917856974184,16.952672047332253,16.887610347653983,17.796752181823564
15.076726075763688,22.649991129007976,24.744027799081778,21.298771974830398,20.34631491011564,21.967860050903706,23.01115867764533,22.305850147606243,20.230701360600982
16.03738276442394,16.68481863573141,27.646560767154277,16.316342489260915,18.135515617870407,20.50569542741057,19.070411054437223,22.10151736870388,18.3390841602592
17.882007091359114,24.106236893454902,18.5731466875281,24.663642561970708,19.73862993324802,21.592352551216617,21.33246860009686,22.063091972579567,20.523260685630067
13.171912979049253,26.234199727345825,14.972878531916532,23.00425937028305,18.437988934356135,17.714663272566845,19.735798513782186,18.649771428701122,18.62112107684654
15.129390768918158,24.67173606726892,23.901816524169178,20.18730843418352,20.771404017091644,20.57307109371402,19.88561762431822,23.851318852022626,19.270835097823323
23.517139583936544,13.157922871809639,12.21297157468614,18.14684634645621,17.92076191425279,16.360657386531454,18.08009119988871,13.77671458254738,15.279496094920615
13.46315108884518,26.97583832579303,16.66090670118069,22.40963551119279,19.560319504708072,22.692053117340976,18.85205335598487,20.404433203520863,18.908962186498584
12.010639327525812,26.6868370712684,15.215531794614794,20.570191260949624,17.149853464119637,20.304789442518473,17.369329301228262,17.972836752247773,18.17821140881245
16.84987510233053,26.15080686173152,13.361857798198045,19.95433675172242,20.834878459021773,20.79194606726023,18.912695115792605,16.758968319817438,19.57451733361768
23.65977751254923,23.864211243279126,16.87990306831292,23.171461638238434,21.97392030015123,21.92920754582544,20.614540867805346,19.708038708907726,21.622538949127815
19.01539096001555,23.100946571025663,14.54331168330414,24.70614461762656,19.796801502260813,20.370075572616738,21.903388994184354,19.701656948975685,20.081256432798924
17.677094609421907,27.161946990631982,18.050617856594616,13.990355262057822,18.909925129265197,18.86377396120785,18.989300409993525,18.96717934447235,19.573367600210737
20.221793987578035,31.617567438017275,18.108708670689857,14.798463570600774,22.48172076133716,22.873756397299523,17.965465918881055,21.087647257016854,19.12015906654399
11.27146283570174,17.23479768317575,15.514673105912083,15.878957098084808,14.902092507075835,15.181743520942655,15.174921198843636,17.019698701389277,14.531746923004764
22.473528268875164,27.39062697897386,16.51794657362452,12.990301609425792,22.57172948960237,20.958070416903425,20.396606844578876,18.50743448206387,20.378118355027773
21.91717515701822,21.568914509962735,17.076604128385156,18.749005897723396,22.089706568432263,19.757578155333626,19.40649267488216,18.51765055949464,19.220545191604867
17.953457629521395,21.351634739856998,21.23938424447771,21.400465820978024,20.495031800584464,20.927208810151033,19.130342582947325,22.02058346201262,18.79084521323957
25.029622558982084,14.317346548089809,17.406282395743258,18.914326820190652,19.956655344987198,18.218150442685847,18.81358756408495,17.388601085628412,21.23476018375914
14.362519505234808,20.576052952423026,21.29880696314439,16.863513433548416,17.417641312290232,19.032289260249765,17.793517746360816,17.534424827299016,18.54207718357247
25.639544966267845,17.013675210157924,20.34325193421862,23.50583102851663,21.117413631016895,22.03622989981509,20.65000386493122,22.09475113334348,23.04536693160012
20.772468327976256,19.68072785247027,20.286122787602967,19.562225612827,21.196901320403036,18.790764451113397,19.01156107512437,21.32042105399446,20.004468809844298
18.317237050609133,16.509068081109252,23.55138388138389,20.371931869465275,19.978155559538646,18.263046946447712,19.843640969579273,19.84385878660217,20.259468161812983
19.90063182315844,19.75545806343497,13.52243648101636,23.61693921959904,17.876058665608273,19.11274714952579,20.101888197191858,20.396034316788093,17.22046132660334
19.46367617094529,19.969448214882984,16.107267574771544,18.507032244595464,19.571557559410348,19.857730717912126,18.97339988929592,18.518326282194256,18.16926168581236
26.101414482088586,22.483774592194003,25.053195201198278,27.240856290498723,25.570806531179006,26.62228970933623,23.491812282906515,25.73439331224148,26.45764495077267
14.616604362644932,13.926250688543345,16.97073399764293,17.208739984512935,14.025728864586663,14.409754057577384,16.296060262892016,15.681140069583277,14.331095657617155
16.18740380426701,14.772409261273383,6.739505240376602,26.9917928180516,15.494221434758476,14.686539839556344,16.9452517930192,16.383850942491062,16.922688710999857
25.1815144603624,23.809571353652633,17.188126627408458,15.101059272350318,21.11366198347567,18.87660888641596,21.713764679291216,17.16125602229246,20.603973646793705
17.022325324080704,18.012809414649507,18.539758120652998,21.069939611521765,15.59842557163642,18.033611621324123,17.71132036163435,18.701889101478997,17.953916206151238
24.50266538665796,27.372648951149657,7.531547530275157,16.42987132477505,21.00205506484857,19.780614381763407,18.90258065884983,15.133213502476082,19.267975501404532
28.497179915043546,23.126348610075233,23.335742559551793,23.47826446792437,25.609566212997773,24.320824443923293,25.176908138452568,22.543831327570043,25.270736470273764
17.99102486529183,25.033810751032036,15.145150144537592,17.087069568566285,19.329219352307376,18.695433075818723,18.286710134217326,18.853033020436172,18.861193002883116
23.406811632876526,29.053461602104473,19.314252460750062,20.163484762576342,26.825068919377575,23.769459254358146,23.53641246492348,22.267258373372375,22.343888643393985
14.231538593300709,20.451445940967137,17.09607381862375,16.39783201583372,17.265898414153522,16.59507795989468,17.02019626596342,18.07591368491727,15.869262295277384
23.773666490339046,19.127566472918623,12.846594323183833,22.748900694666457,20.23908729141332,20.4897400407137,18.777727178621447,17.887887872367582,20.747753180695554
20.997119929933834,26.358512927994067,13.71796746145832,16.376994957443443,21.117286141721856,19.505052066552647,18.60140658051687,18.75677960238164,19.56668284275408
22.365191410801074,24.547567819648428,14.259668654289811,25.733659378970675,21.294327574569895,20.860146857175923,22.975811172202356,20.647139736732118,22.481129544988605
16.772139639823024,21.063348450893496,22.342687636734553,15.016011572154438,19.92747813785315,19.966290303479518,17.802128162504708,18.85961584652871,18.332148120447755
11.694582922164138,28.95728983477971,17.409847247599394,13.617488326687413,18.56974034766529,19.91184153469509,16.75180179863805,17.37121289065397,17.2071942061921
22.516260323747524,20.938778450800346,15.912537933793013,22.806208312316343,21.066437786621844,21.715863882740038,20.887825119896114,17.66335562312206,21.843969970168104
9.682984237602728,22.163868187778906,14.261564349639075,16.633425438945913,14.413889342330231,15.980942790276957,15.65488776914916,17.260096736272395,15.489961881087686
18.413247538787324,22.10611325417129,22.784600886104506,18.971050746201858,18.886827917158314,22.03013042177429,19.257131728889505,22.11860815195011,20.291160485179667
24.70590933209985,17.327030525507645,23.856805090094348,17.711035384657116,21.121551357899527,20.93975123993199,20.380774909000216,23.71939858796457,20.434989827495784
20.95948867936518,22.387926947431954,22.738975594826723,13.74956693138924,21.30555922433982,19.868501863854792,19.142208059992722,19.45937487011326,20.823975292044917
29.741713223949066,28.983800886992455,19.969749356616667,18.692025343446648,26.010278481600416,23.596001257557646,23.705154656504305,21.699645243198933,23.19779689549003
25.125545762908867,24.22484157688088,19.159320167482846,24.059663579889207,23.84722833678067,21.75530694823573,25.667313168597097,20.53771481003606,23.229605313547424
16.730508058372116,22.155317131994657,13.136248728096394,23.01254801322226,18.034941033032442,17.794386973457076,18.456075578247326,19.22234447124045,18.472156408075747
20.136566899257193,21.191163594171655,17.01672349315577,19.9271710505037,20.238617126262422,20.590820337910486,18.68665531509993,19.76655655571913,17.833595773284774
19.76314648727782,23.654335142031755,15.264559186614253,23.44907317214043,19.422554166182234,21.02482183226349,22.554565987815714,21.399507222720402,21.101257635045236
12.089116183269365,25.748833142445925,10.69795156406116,14.761925661223295,16.368969306861164,15.063032124908705,16.71271143594233,14.14979455138567,15.141407724688184
15.298005417578235,25.046194154448763,22.228173676661463,17.698182684379976,19.207559270784817,19.035157049509774,20.792464543852518,21.45612921309133,19.38560609801908
17.1961954651007,20.340675690890105,15.216680214430898,20.583219762920834,16.54405597035494,17.110796661404198,17.501098489034266,17.52735212299138,18.266469575068985
9.818897485720317,23.623907970550572,22.783767629741227,18.478340692731553,17.254164857646323,18.805014107530766,19.867711802372426,21.707396796345616,18.52398323155372
20.237467341258213,24.399698705741393,21.52698560304005,18.01270667809377,23.057881910461134,21.12477438592782,21.860489170266195,21.454507841410532,21.541854529137773
18.754640776734796,16.96402506236511,20.226871906533674,14.197425070715619,16.597604309935768,18.920545783168436,17.682830285925313,16.062551342967186,16.2225334486257
11.635530493442129,22.84115270591847,20.451536287052736,10.674634445429154,16.783720961500055,16.902122826765954,14.684410360088375,16.983591399299804,17.116925493519048
22.02106432638666,11.19348056848819,15.538744471705169,22.271465699798544,18.298942428686235,18.558673477472325,17.73626876411681,15.389625842581523,18.394028960989957
23.579363723454797,24.412668549105923,25.431400605162658,19.972886293008905,26.139145489591566,21.983470857251945,25.079010506848448,22.241614499866127,23.622069312870497
21.135172394324446,25.301715272813407,18.172501723812196,22.607993512840373,21.44695025317359,21.44226575965834,22.024728545689648,20.12246155187845,21.998107613869948
18.37965912395515,25.737730628932297,19.207726740474815,17.2510562313665,20.007833204889053,21.395328951022865,19.767576654100328,19.202978154517577,19.78401964610001
22.957210758759274,20.024765739152162,15.403694665733443,16.148888460689623,18.719249608525743,19.296963217721895,18.405182562994952,17.04413284420198,19.374357382459564
23.401101802383454,23.545234175120175,14.27533895689216,19.026191866546537,22.322214286368737,19.495916717001307,19.902714393421768,18.631733253059284,21.610620118273133
21.537017848598442,29.119769227705834,19.909184035237693,22.416798594451265,22.706840245004717,24.501202701277194,22.44607821272137,22.780914523625793,23.76899248386967
15.876938747826195,29.068848241456294,18.87005398375514,18.074191140049383,20.282263450547983,21.98409308764543,20.43126319890894,20.347882629190575,19.52977332487666
21.383003827555903,21.854136503867196,14.842590536389691,22.207140737313942,18.449736785820594,19.044932365738525,21.514452430827234,19.440691547327187,20.332139892021463
25.977403254127395,22.6965981536478,12.246293124898383,14.974767977627653,22.030648013166267,18.988230098359285,20.303220506486287,15.27821295804907,18.710736267373306
17.01685470694135,27.554555723672166,12.92030765068981,18.354211467320532,20.65084955752623,19.920285531237813,18.2071464768319,17.960161830405468,19.421483830384112
30.489696695662154,14.495989923689127,22.784534868364428,18.719543423687874,23.81931203499764,20.415470693913246,22.898338612401595,22.11230365527452,22.808778873307624
17.37184533007308,20.384621286614877,15.546984741399713,23.905559775687678,16.958752162508688,20.72928827982569,20.063394096096587,19.038767792732553,19.227425402618543
20.162035066700682,28.677852277683783,16.644365817296666,19.830509592063635,22.58724487343041,20.75981241362935,21.962029226047854,20.853345932311047,22.388716275403247
16.637572019968317,26.87600270842383,23.801361035036248,25.98431007317678,20.403862450115405,23.871678424961555,23.756723340791424,24.756419891342475,23.99583818125511
21.116354179601306,23.846318888249524,13.511397754054341,13.60926080021007,19.721683271211496,16.902660672233928,17.090456526749353,17.230504967897378,19.712733932835434
11.288891536823623,14.470837973346898,15.092020697131773,19.51967561764512,14.032257287908184,15.133931230699911,14.687278271279737,16.20290661223537,14.365315044037175
17.269791005916396,21.75044883479419,14.924932685757227,19.717592156721782,18.699980023736707,17.33301787262224,19.248609573918724,18.807684817569235,18.331100857775127
14.539393998257164,19.050423018750337,24.472273924664158,21.48037279034747,19.108013101533015,19.966633299416014,18.678745589129836,22.00433678972313,19.313960626309026
20.676691739461454,23.655194514086066,25.973534002329657,15.746560254204436,22.128564272337503,20.586671392336797,20.472220022124528,22.569374762650632,23.456433336150358
24.97223687754454,17.953266576025598,21.006252901608683,25.737785357643343,20.187474327183015,22.629673690653583,22.723582852971447,22.653841413174423,23.01475315137985
23.230030935572756,16.871383025126963,21.133538896616958,19.051855765887037,21.02044164647882,20.21413396655674,19.282169495141826,18.859462639166207,21.550722385752643
8.141703195705539,11.675673611581793,15.678579988589075,14.651729948260328,11.45788049542835,13.852373262481134,13.360816039734951,12.645491675108037,13.343648275033118
30.2103482646394,28.109023424883507,25.78931394761713,18.935900038345526,26.665679335307562,25.650945707707336,25.006928462614844,24.286107643486893,25.43959786959965
21.47639970310434,20.001147442784713,19.07078501743465,17.747353908479546,18.610399087275425,20.700177827263587,19.818301662813962,20.65203016656145,19.637023399762548
16.117504297535,22.78572891851267,21.412441057798958,30.132940568989316,22.118524848950884,22.54881961159319,22.940225275359715,23.602101763345093,23.23755059876552
20.785639594954706,21.988809417629096,17.577900244916183,23.199774398100054,21.977756690354536,20.780263156803272,20.405936236002535,20.776977745176442,22.36680936601461
20.880949112513463,16.662830335197505,16.92786965068956,19.19864542283287,19.36262462529329,20.207182228187325,18.177927000653753,15.984096142893938,18.570012822538743
16.665756415242182,15.704675442759033,24.65216903838447,18.55233325920318,17.487072421287092,18.66599531429352,18.21372205885726,20.427820223858873,18.128215508991598
20.98958333671038,16.973424370013824,20.158894718953228,22.80422744992586,17.28306678226001,21.125916915172215,20.212927763248587,20.484377348649485,21.49689145389609
16.962638561898466,18.384157805853036,23.805501844281526,22.99544864131286,20.12562717493812,21.12820027623025,19.575249473248547,19.12061178964052,19.27848943974149
17.978190036549886,23.833031235069026,19.021312686980178,7.3538003227174045,19.247514728663514,17.350796356222734,16.823075818832063,16.669979364246874,16.423206027365506
16.568604321224576,18.02141168239694,14.606533854307637,21.571972618933337,16.737706956891596,16.100808158579483,18.440621627010838,15.924367539349669,19.027935122919757
12.836643551301737,30.732453157973108,15.666628268486049,19.111866175914507,20.523711945899166,19.276341322925504,18.450146709358183,18.705016981981494,19.294616734573566
20.72918235107692,27.135755179465754,18.41186096985844,13.755424712852095,22.33831169349024,21.69188105543757,19.520986391335406,19.985913086074792,18.88792992052685
22.92649718258169,26.04179774832854,15.493999135826693,22.520856558496707,22.510119168777095,23.284609340299205,22.264050066293358,20.612317416641297,20.940131753236287
22.57441798038186,21.40170548763425,13.570154365489238,27.984752054233063,20.997843334835288,20.694831866070256,19.305112690253942,19.912820167060886,23.349196390666112
24.09962626317617,29.57140367860242,22.8056681271481,21.227183787311123,25.24609133061161,24.922365314443738,26.28155450045879,23.280590549743476,23.89779160988423
21.621701050074343,20.90997184439438,15.820519716705952,23.401713769027456,21.105887166426733,20.800283865306948,21.48373450908147,19.274894257643762,19.95171586963252
17.33637250891548,21.84369292922877,18.552770991165282,26.216476367857616,18.962382370810655,20.902810980826022,19.44899261905447,21.5493160980515,22.284004892819354
24.198319322155946,22.849872698746346,19.18453435954242,15.678951397119793,22.365074671891783,21.6854762993121,18.373723644459375,18.166662777521907,21.171064831462857
13.212412300790325,25.50911520271672,15.647387498717725,11.569714219332331,16.303557458338332,17.59499836511805,16.51427489272334,17.27735100405583,14.614197381757199
15.496643087437599,25.184540395014928,23.803197865234957,21.627464253238006,22.01396052360254,22.25668425986253,20.407717204329252,21.448527130934586,23.44908494963208
15.178999642883777,19.624373607776985,13.531432955181549,18.009553854234195,16.99828248752157,15.885239820817036,17.54758330521754,14.531156491347035,16.04719539351129
25.40028029569655,19.335031402870232,19.046501054323084,13.503306190513829,20.432024107416762,18.349909954926787,19.71528189798261,19.067779720974155,20.13143177392538
24.71394257070038,25.19951478576042,18.984470825506335,18.68732025545683,23.19165347868498,18.776360235066225,22.01969112569326,20.274360297002236,23.84376028458788
22.436526185224974,25.576182919456162,17.782981588543407,21.91018949516248,21.54129423712373,23.111209288419236,21.356213662073156,21.115598277038938,22.864067716898965
25.359649326058985,20.033244375885637,12.81234954691207,18.404113340942562,22.060827124366753,18.459823655017296,20.752346787239166,17.843418645840124,19.957427026949258
15.603586087940059,14.06405965160773,21.483270207453856,15.852689477059851,17.965451304326308,16.555056725982677,17.504353456737057,17.002848517320494,15.11408173920682
21.742975599304902,20.963419519958777,20.974042681338386,18.105971758813958,21.687845490421516,18.599320835627488,21.049768198874652,20.3255358164552,22.383205588417503
19.37412785808418,25.117628994129294,15.297725885635135,18.92209413879462,21.79335100013353,19.143738097532736,20.877950183788247,19.404872162115257,20.437074111028135
24.23441051942457,31.027084232098904,20.829948828821447,11.282070949495672,24.44788228698586,21.88871975377726,20.82451776896728,21.988693600614493,19.611497186315116
19.423878837239013,16.01021018829669,19.499630745203103,18.428900187317225,19.07894332633175,17.42873499773041,19.6253928585531,17.961893383160856,20.002428623991413
18.075285557949595,19.867143735847133,12.877551418555566,13.622638111420432,18.352755960696893,16.49582942334744,15.846046409580543,14.55582210345391,16.119468365477108
22.70454259280495,20.05298219237312,14.58428434171457,21.636103808084385,20.172435348469353,19.381557793600177,20.079207930346705,19.168922196191588,19.951989421022446
24.380845835956166,28.779026697157505,22.553125779558318,12.755829697652889,24.243358326524017,21.465684916116853,21.960743992909283,21.250482108205148,20.83532952598525
16.65827402576599,21.825292497706837,19.237664740568203,23.050768818203743,20.297163790981358,18.962854640369123,18.315134414187607,20.504146684311543,20.29646605166966
19.69462164323812,17.463367203138674,15.742788216757496,17.363339723144236,18.648248399498765,16.073760346914955,18.523377457541876,18.560942791106402,18.566583282875403
14.707796831791736,24.793476414609096,14.566096435309433,16.828097172911953,17.16172994125145,19.92557674348347,15.899383390748097,15.621905422786774,16.837990081797205
7.509694912535302,19.97680739979527,15.938424807538317,20.17781838920789,12.015557614109689,17.804794951240346,14.93416577725662,15.753300960532414,15.61688407448396
21.002298157068644,15.878063633210228,16.22208188048918,15.535862219106432,17.786812888201954,16.08537673024524,16.7067518420405,14.754552020521128,20.762091704649983
23.04452678127316,17.536133463619247,14.616147869482994,20.114983016520256,17.31646444791848,16.300992039493625,16.874332236714636,18.894313384600416,19.85400885423124
21.310334045433628,30.670209772113097,11.03294355046679,16.071564901246518,20.547924413919837,20.115370029122516,18.6706404445113,18.014445570747107,20.52110835290612
10.252191411228164,23.92104610824731,22.560053145603142,16.77306195070092,16.592220263955795,19.396320564778627,18.62140824472892,18.494623122357,16.445526797145266
18.245752849617627,22.538800277262716,21.882534690445773,20.621416677316542,19.929947517906548,21.41675138268778,20.475474932125127,21.14874082843835,19.187014882076838
8.908261199744594,20.750531320939768,12.906978192772563,14.445677065062469,14.63486536540407,15.509414399552446,13.988709070904699,14.509751187451212,15.2022161743724
26.848505538270924,23.460744210593994,18.54524518225467,13.942650792950573,23.91861913496282,21.21173203749484,19.784279980028952,16.76867308752935,21.817613203483962
14.56972708940957,23.401179730012473,14.391047189140934,19.992902029641368,18.2344851153671,17.133754368055953,18.134895333308975,18.07977526743795,19.641092279572707
26.27701804729948,23.46084414103663,16.95373110709386,18.892400590042463,23.46155371771561,21.452297389071553,21.07075044617151,18.59153719065425,21.55414468036498
24.72934821842073,22.574225451388767,16.620933680505374,19.674770979237568,22.6117912131784,21.493195154435554,19.258854181369742,20.245253224984246,22.414581418351002
15.497048237319692,26.343991691527748,16.28866313712851,20.310556946885683,16.893975133279547,19.22731576243458,19.40914633364448,18.280194255174827,16.714548926847772
14.336075243661275,22.115521730003657,26.011788336305145,19.229502215227924,19.50459218725655,21.45126498042634,19.18131005438136,22.249437689978322,20.236356137153987
21.75185108193169,17.110305822236807,16.23869726129524,21.432370495868277,17.428349960119586,18.0887645231518,20.03100327727557,19.81700655870896,20.65809358428158
15.778379814084644,18.93788554549566,14.766944699732301,19.389745147914635,17.39422051969202,19.141243786909474,16.826732067108203,18.063676595788134,16.60311172588212
20.512423210791038,12.10490653255144,14.94967428201181,10.970784401298788,13.830346393294391,13.086188627919919,17.155971537394056,14.250493544500904,15.911712331963718
17.58586204596541,32.13408558021196,22.17510782560702,12.008461621352577,22.129999684355713,23.367571691737897,21.942781804805698,20.57664936084577,19.560346673106245
11.094207927671834,26.313772959763433,11.391590673228261,26.71179672096833,17.829082641759832,17.201997258200272,18.747572895120797,17.44224643321483,18.80317349506327
8.847659904377705,17.849647524353816,14.949508334257919,19.000287468235452,12.666130684416045,17.202388917322757,15.74125464103014,15.695489229182861,14.655615738787267
21.133421242472984,20.5907757530145,23.787291360446137,22.800966606868386,22.629872116182828,20.958748636482056,19.98831455198887,22.36069763181626,23.637247670909474
17.192211268346874,18.815617628967832,18.975944751990586,17.617184377491697,18.585099354128136,18.48901938744458,19.112618913609,18.06005552318874,17.546767135513242
17.234550915429338,29.712736056870586,18.767688020144455,18.76793962242428,21.81879744534214,20.115432143978428,20.30043815655967,19.26993715538248,19.920167330503205
23.479319195468925,14.900614178645355,26.528585840574806,17.186541382916626,21.584284825698333,19.21195100442145,20.61349818644578,21.529886251204747,19.62836842567554
25.867211383162225,22.572380294093897,18.985391811793995,28.86370932584546,23.442847848669746,24.31126282119253,23.34455069087388,22.17355104728095,24.362254890133695
18.637276393190955,21.457360787175762,15.16725535456167,20.01296968945657,19.07878569704391,19.745596370520207,18.197397180852874,19.77210178902154,19.115000264300754
18.297006465450693,26.13419315354557,16.871691772494607,16.86056837797521,20.22950729677459,20.172639378864883,19.359732852387094,19.011407684963284,19.78703844060295
22.500715165569417,21.479953861376526,13.458270763877724,12.393841146279236,19.362761547428047,18.201460315436247,17.535028009282346,16.626785566281562,16.702720868637936
13.215322151502123,13.208955616722825,23.023748160062787,26.89493377094341,15.871027478077519,19.93674106017876,19.058824044018493,22.19989587414826,19.652521441982568
21.115765273738486,20.744410826787796,20.298246870146862,18.346886459086786,19.321435262747077,19.521150791846136,20.124342733301955,21.961755020121018,20.65929793309273
22.75942985911077,17.139188910283373,22.497656599883555,21.976916478246387,20.605893235241194,19.439361486204696,19.46761525439958,21.477799356634144,20.415497638779172
23.401151042088145,22.397897732782802,22.85193571419748,22.423989161226185,22.500667888437945,22.726274688554156,25.100793016837766,22.297604435002278,22.860645394168994
10.316236487487675,29.170885182601634,16.343156876289868,17.148677906278518,17.1245283281445,18.569994310523477,18.476719442232433,18.17688161622368,17.257434257142492
16.193223650955296,13.30287377883861,14.22098859196444,21.689811101544624,16.333384204391074,16.222387141941894,16.789291626462873,17.97133852945222,16.943532592651522
15.608683735882668,17.99888632300048,17.793147554767817,16.58344685299353,15.687906969650514,17.724064893193656,16.656050005866064,15.932703300070918,16.28605643499452
20.499434772046065,19.236535231082513,14.508955716845847,15.038294551842338,18.204845917805347,16.54954235858691,16.44665037339657,15.334196597518966,17.27491726191825
22.40372289883992,20.091844522933943,18.659827501636098,23.65785877004885,22.25313360530951,21.54192648411521,21.354349154334876,21.05702158687134,21.59987974493765
27.483552037229906,25.70062832052622,22.528387523338758,18.3672424807112,25.955140416388254,24.293002032699025,23.80922950109255,22.2572111673546,25.26508946776683
17.525172598159635,21.13227791219306,17.32744141580333,21.074051334410623,20.138939714620783,19.98107816380199,20.566544692596395,20.199809266604102,19.316450207303117
17.512137508453932,24.079013628602226,18.599980359630955,20.643683975527082,19.422142984066916,20.027070116255565,22.286321551568346,18.861420575596924,21.320959441961055
25.748360094393735,18.87113478134112,17.624617535106534,21.551727840221155,22.42506888893096,21.18866544668585,22.42598246675585,19.79748232418336,22.90328783097062
21.482884692651524,23.149621727089688,21.210910289750792,12.7738522631935,19.994637282478894,20.67950927689634,17.88778831975142,18.9077208670228,17.830158768270252
26.33825755593987,25.888988154388574,15.32887042284684,16.65883787473452,22.757783384918802,21.604961304062066,20.59332036116766,17.868578947364973,20.85151114339555
21.44364001504918,18.33850225131456,9.214214953427604,17.7020993700143,17.5103037983208,17.772751601523872,17.010431267405774,15.687040364776076,18.67043856630133
14.214416906433645,25.906790599032576,19.883475437501524,15.674085308394037,18.426067348424933,20.042554443851177,18.519406410428008,19.166631288340618,18.305712334525168
13.334358226110968,22.261863843637844,21.951337685231973,20.716027392065552,18.112358731704166,19.467075358298782,19.52206997001585,20.64707727220384,18.94137211600241
12.242438754705354,27.22730120241126,19.785496979034143,23.74757231038359,18.90364656195335,20.191387136451944,18.60556606754041,20.88347114341309,20.949592908410505
23.310259173792367,20.992900499615132,15.439078018127944,24.38073862138519,20.1654694740639,21.59572927435226,21.944957079213463,19.649593228183612,22.66122025024331
25.94298411543504,23.906223275810493,13.459951607255725,17.643180939160466,22.861782550290147,20.28439315187441,18.36262974560897,17.03085040243547,20.51971335642117
29.246810706931903,21.79696884160735,19.977990127121284,20.16786344983163,24.06774930278812,24.085444510291524,21.22491875722571,22.18939631017709,22.901139851326363
24.215526661616202,21.518938689797107,18.565915811738694,20.782574017960396,22.134769379646677,18.99552429517559,20.256068010986453,21.419294930959946,19.15283179223971
25.814192887674928,23.29465214112845,17.496829489366682,21.485024376814117,23.12571800415611,22.60795502983279,21.925140769977244,22.36465035058634,22.39511500323761
17.099918336731577,24.68403734612452,25.289853371975163,15.487459707709425,20.906621608805985,21.248505488897475,19.01759183545631,21.843031940922405,19.389835811456066
14.217920916280717,15.752175440379975,14.212799623274673,26.282321073059865,15.97641757664363,16.73601992208334,16.555912029183975,17.802824757618772,17.136540178548174
24.250396662087766,29.16816804408939,25.10014808450986,22.70608073738578,25.435829548671453,24.906982478325894,26.455143424327744,24.641593506950645,24.73527126177388
22.088403761197004,12.701684797251009,18.12713561948256,22.810597374769763,19.970750673542454,19.128017366098568,18.81959503514966,19.333858839534173,19.21805254269748
20.537221871704464,18.57593945130552,10.6577180925165,23.813840227601588,19.061342986972257,18.25384586029104,18.829726889480078,17.37701293727954,19.321215112265538
21.93685740316495,21.528654646175497,17.283189382723435,21.136543769063938,20.822013641340728,19.115851418076016,19.23506851603221,19.57944740701827,20.40538622278694
21.61592741229103,24.06177984542974,21.837984306397765,14.89074630779611,21.274521974638436,21.23618542749075,20.547773443421427,19.91428774833718,20.578952321495144
26.41908429926781,29.880862638706894,16.539779868780116,18.444109073779572,24.565438549724092,23.60494575753605,22.68509236382223,21.938416048086573,22.91699216946252
26.47492792408478,12.708542558874463,12.10088583504642,12.395786419752337,18.479911262652514,15.394981912869595,15.124765213533111,13.316444220310597,17.89664932961975
22.721101761701735,19.461529358051447,17.34194187281532,20.660290038796337,21.96125698307514,20.825160029386584,19.99513865372335,20.645955735381534,19.840813887672457
24.22901436281464,11.365832561003673,14.571310504433177,18.323145367337812,16.47488460638233,16.001536321772363,15.23020040607441,16.20367195445702,19.73292556572306
22.57031276212388,22.15810986955124,19.96725760435185,18.837910465892275,22.212575391816298,18.664897214669683,21.322006419815942,19.959048615048438,21.91478164403192
17.694151339826906,23.358417922500152,21.093599264270445,23.816004520342606,21.81222985434779,21.82435388883332,21.091050544181883,21.238070534984587,22.830194354771425
23.7828233745657,29.953978710856262,13.774918369007576,17.172023845774163,21.48479055155686,21.490264337432205,20.913716683227445,18.87612785103035,21.28500163664683
13.027524655703692,22.60317380446727,15.176783779537402,17.991507364911694,16.645318619289036,17.848980176028835,18.0515132032718,17.794918618303853,16.580384652257994
25.269457761479416,27.220125647211898,21.02656986042775,19.087893183852866,23.323406116143136,24.452457939326052,23.583045090700992,21.73095384652329,22.41859684917389
14.027385301169826,24.919185407695295,14.564622886804163,11.64003100234547,17.594167032048933,15.02616249575959,15.969466960442576,16.55476962006179,17.349376289968898
21.429016433973665,19.823759014974158,13.67136745668802,17.93574537695199,18.688231374758963,17.68300699935112,17.098386041534926,16.529965205724636,19.605115306884013
15.774230207869206,14.955196266039803,13.285235472814982,9.056820350855267,14.228841025728018,12.51568182539978,14.596531979182405,12.474817985986322,12.08928519560007
22.766944915372132,23.375011491459055,19.40815445183248,16.657913752417045,21.255647871916295,19.51189112842681,19.21188415084249,18.425638293795636,21.361706102277406
19.830373870360457,14.539489914273181,19.236630878069857,22.42075621357131,19.103561752165508,18.510763254926374,19.636179621669854,19.87129142199438,18.60520310994517
12.026220209183338,28.47603536334822,15.263815878483832,20.789066233004277,18.714001452273134,20.38683469126781,17.54139047679855,18.97289962131323,18.91684693728504
22.103498155092396,21.18968948981588,18.020341584512938,16.620718758183695,20.695373065742334,19.808799309813022,20.40143530004635,20.221510482068588,20.285203883454
17.110396115836448,27.97588705755708,24.108529536620523,19.163192872895248,22.135571583296787,22.19252035350386,23.100102248610895,23.40339671688013,22.756936130489386
24.405733604066846,19.598927829338002,14.103759372327113,14.700041731478379,20.505218718493538,17.78648962806486,16.28950479111412,16.49637496837629,18.709814463769828
20.006628443672035,23.34425393200496,10.193029563958202,18.99062638740192,18.681624253745813,18.790532459633358,18.582969634447213,17.669089393598963,18.272637066845842
21.97710492694019,23.046744286673444,19.820302302881483,30.72128114197004,24.441828619092334,24.082920435708544,24.257861812366144,24.35667346319442,24.427057344303947
15.21215522492394,21.77477940994538,17.558395344393645,26.383205281487726,17.532500758762172,19.566254514357407,20.9351831198737,21.82275124754002,21.412089565086145
17.05333884286319,19.836702433017038,15.159899652739595,19.210488520069045,15.999456601435563,17.13424972264946,18.180347637190536,16.637409288349005,18.6668503215781
17.706806819494577,23.9622800923526,20.60832094941963,19.640576659661498,18.548448042745115,19.124172847763887,19.517180437441855,21.1598269363274,20.102001501066475
24.28351240121278,17.36918368258396,21.35690057867516,15.081738741461796,18.624125935849076,19.061464173330286,19.305600883513552,19.472191691149682,17.69144232812813
28.386885439027445,15.952823355204707,9.16688792047963,15.7928435681958,20.22643293790815,14.63607025371143,18.989506607160866,12.889120388373048,15.843386839876736
15.974141241285619,28.21413446663414,15.389608362674046,20.448737288418776,20.528059937163817,22.43276824211945,18.898841863803572,21.037331013140335,19.8729481426972
25.3842407232884,25.635839944460503,27.27006492478742,16.90042973745406,26.196280723131995,23.47358739605616,24.120501790848767,22.48341469466741,22.08533244668961
9.15161291137149,22.3294580430112,20.333619663192763,22.616598379406327,15.63122813332562,20.261546425329968,19.759076123200494,19.000517914239293,17.534235008759566
14.029052994538553,30.32571191271891,20.7044145531886,25.27874272391103,22.12355340940542,24.98870329135416,21.59372773722863,20.484750789632635,21.771421830179552
15.206107719066125,20.661172406375776,22.691577114525913,20.330483139124155,18.90898260850609,20.329344436436553,18.30554844765718,21.30247698055618,21.40801261454498
13.237456552796388,28.613516099944896,18.068275300798906,19.406948823359706,19.59997389275364,20.433404239067453,18.56544686057385,18.452778215681413,19.25205239596682
12.0820580510621,22.87787042462911,21.18673664036648,12.276881500357394,17.78684272127222,16.768804773727492,17.50085801568017,17.424619509928867,16.840580074604485
22.064994560688987,16.87624624961805,20.87224817534881,21.9904409810882,19.50608368127715,19.63103531419672,19.17637871869432,21.365648657931708,21.270876888019764
18.929661511360692,31.24020095885425,20.156165987011036,14.425314793843768,25.004938704391627,23.693870392669503,21.05247577213536,20.723120085557362,17.8638787381993
21.897026988025548,26.953554233120425,16.71195211753038,17.32796348546632,23.25194414147441,21.295902629515883,22.09389560233889,18.83988617746643,20.10110737409877
23.452363430607566,21.39489484495218,18.688235689465035,22.83830356954054,21.28918536658038,21.311420767813622,21.5421412592327,19.360321147874906,20.683795971409754
21.32808496586267,25.635856297669747,15.646553742772888,23.11903265723613,20.57246683220083,22.586269745928213,20.654569127724553,20.34669816498871,23.31782039068961
23.28881588075187,19.981482830010467,18.05125721826598,17.13396989059953,20.545715472212347,20.190669717208934,19.739291127620344,19.541147272216588,17.914069385016195
19.652338568788654,26.14574517529771,13.326036431602933,17.364337860320056,20.28855849603941,19.096996620112172,19.053441654934012,18.43493526942829,18.57853525884213
14.065033058471277,10.044607173580204,14.83750403490819,16.20272450697331,14.292783892849855,13.734440711309032,14.240124832286487,15.998024542525956,13.796022122106677
25.28907090410398,16.900993331527033,16.870751832300282,14.208585018696358,18.81221431786107,17.262989696276957,19.936494825475766,16.26652342191452,17.617806092340746
17.054439336094365,26.896298721434814,14.225178274279696,16.460818071583034,19.667269756081602,18.478453933886243,19.055952459684953,16.395986715368963,18.380296665448807
15.32201850618787,20.751722308905403,15.979930917019294,12.547479924341246,15.276043246569962,16.387097024624573,18.18407042587936,16.148713635354383,15.664902151009088
19.11041062097801,23.03771147444371,17.344296092977935,21.73225032603306,20.63391953533433,20.840605522002395,20.761469032085724,20.18739812052768,20.49224544534227
15.435945403517435,15.266071689422827,19.60904937865751,20.578094420647503,16.626314765572026,16.417981312567044,16.954958930353275,18.608997343109646,18.281727463158653
17.91284809005284,31.239334978510513,21.797029207411637,21.24211713948205,24.95723704729059,23.81814263210635,25.33613534809286,22.384200619752512,22.590581266873876
21.720269607817333,27.952648218588383,16.144862514487567,15.18238379769943,20.27511064715123,20.219921740963073,20.12522301730296,16.121837649421813,20.270774415401235
21.741708696230635,20.996573908123352,23.340418469074496,14.219717745939775,22.45631950082824,19.592453783127233,19.019712472951056,18.968955100507785,20.768038040625953
15.510849667871852,19.976520715683368,21.754444314501974,19.21405709725424,16.76575931931335,19.07977931258917,21.437696612457792,20.569452431195998,17.114000187770067
17.56147313525628,27.148021807098466,20.01637532777577,19.2564102598009,19.770701613360792,19.191492556423484,20.262453246302375,21.253188482397157,21.178210940103778
25.371665023851218,31.912352250844638,18.614596517186477,18.41092068994822,23.609288498753827,23.157013099140844,22.804994188421745,22.85401576699917,22.19446301165149
22.482000588669706,26.768801279056767,19.276483367474164,17.842066923248602,22.91329659345566,20.778912014266986,21.040867531567898,21.010355647675034,20.663878196040667
30.375325196742708,32.85901333698301,22.748204602665528,25.843103110777548,27.96808650064911,27.645935000797852,28.1210379751144,27.19756520395365,28.108057673588657
25.90064086870764,17.38824335469041,22.894318639037095,20.704100047171913,20.877671581134255,19.125926958330226,22.65268712485065,22.201402248586014,22.449255689922953
25.721465342799696,17.903065847506046,23.339786913534574,26.882713565865963,23.218502232288586,23.08458435355479,20.81296630373839,23.573963709283298,24.558878265056165
13.06065724772099,16.055294409733257,18.165307327508014,24.075860101726533,16.53327408355732,18.60290728746875,18.7657802569837,19.033504321972753,17.039953707036112
23.819301758167114,24.208803248247396,20.219868659994454,25.813083704069378,23.45549308429722,23.137782292689952,22.960729740289956,20.146700968412958,25.406643777269444
19.734465991515446,22.87801774902185,23.374186026488204,14.702148934575991,20.74002467104642,21.26177599127568,19.75931023224024,19.65278515656186,19.16357274040399
17.245090982308753,21.24024438264007,15.505135860334429,21.37268396399212,20.337314908618797,18.23443850575128,20.555980608240162,17.973014782019302,18.215001344680147
20.840076702662643,26.04629314061649,16.726332585126784,17.272938044026507,21.368315210919988,18.899769543284936,20.434718277977108,19.05687701750724,18.716493703990608
24.72605767305742,28.16164302607332,18.064146652053914,12.346453154561868,23.99208209683418,21.28393039024768,21.272276474301734,18.104190145067427,18.996398001757036
22.504157955021057,14.37168795356579,21.598394951917626,24.984012678222104,20.274171951973855,20.969037375278873,20.816003269862083,22.196879184207173,20.04066863621486
15.6076309932897,19.015139860494422,21.66068860287449,17.825229897177483,16.96437877750217,17.56493259149645,19.290814922341358,18.494125517056375,18.479382334964267
23.712294567963102,26.1007179706153,17.076543555208257,14.779593478933261,22.758288959206826,20.186328790804502,22.03529796613486,19.95830115829987,20.78719780843748
16.81206228962018,19.66130658070709,11.965562182481161,17.341744547005227,16.09470646978716,16.07170559537714,13.970103616880376,14.64106074693485,15.707310782615744
21.08341559482143,18.00896961820923,18.984735777183868,15.815103508904723,19.12352849167935,21.329223084648103,19.557674115516054,17.444781050695802,17.32641799354661
18.48324966261433,27.092687138251975,14.326735450686396,16.225208129533332,20.314376591505365,19.590889529830935,20.57900315914686,17.18530665996984,18.48477630043623
18.905668741321872,15.5524996513801,12.040255181439111,18.1135864392694,14.506009005270899,13.776103907100241,16.654065751253214,14.755010799428865,16.72161392385071
23.831214875202548,20.492100961044475,12.944513757065135,25.92326077217897,19.251842943133557,17.829028643066977,20.120410168667934,20.61496336025049,21.876643122111577
14.79903140092051,23.643220129024044,19.30552403138224,16.334731133821496,19.416615691231577,19.841874585334036,17.368354225886897,18.504091490669193,16.965590977248453
29.725975371384664,19.130900430449408,23.444149443731227,25.637082656876764,24.218451985523668,26.330158543903003,26.846372662523777,23.56590640217593,24.956731111752763
10.894569653527519,25.915778280065872,18.155578064944976,22.395347183918087,17.386889687702713,19.59841578639166,18.43533460899125,19.511651374358898,20.368423874053352
17.011661583725715,19.155615124013156,18.84552261858386,20.585086254344343,18.545400717216264,18.578871298334608,20.417112966223023,18.98623063283013,17.684487787964056
21.851059449708703,29.043097467229597,22.731579755511703,21.9924801290075,23.813244386933583,24.731885258763224,24.295065524840147,23.90054988881716,23.47886893217373
22.92157083217655,21.371268512521137,11.822180363665783,19.05462265534983,20.26749560653789,17.55497695201624,20.838241396943143,16.796508854598123,19.73152888861492
19.497621397141476,25.356350683526767,20.080705686401085,24.144200415453703,21.785393154007163,19.81532665306872,21.95145938132089,22.146282997095362,21.21208067263678
19.713046484992287,25.730119764914082,17.953640862724715,21.267921053068402,21.52037775150337,22.338586085179465,19.558601117807985,21.695191656096966,21.642356733344666
22.052750426638084,18.862299986279638,20.26422983532827,12.341336059897948,19.064911349352318,18.00359411538775,18.382324924231924,18.059477244561442,16.804296561379196
18.8446526127116,11.732567256720557,16.066064366384737,20.18500772755986,16.482939691414668,17.19563942080725,15.220625352943772,15.562021956698581,17.90314172683289
26.96590628967453,23.803778773319173,14.728250838294072,22.13589257197046,24.19182465955687,20.618981865502292,24.585517649522156,19.90414924990746,22.480302099758486
24.19674557115801,22.361441735624346,18.56203561714242,17.843995125595132,21.316189169024305,20.806970472641197,21.370552736460855,19.13162550732613,19.37749691587683
24.364121755028172,24.779130137875637,24.596765293337846,19.50502349085573,24.964561451399252,24.441429626029517,24.089390618628805,23.603477325211156,23.72358832799421
15.169216383147916,20.867362638085808,21.443640418165852,16.548568021302373,18.219919912125665,20.10720874883743,19.285967148201543,19.33536054697294,17.081675548672315
19.603057877971487,19.84786150599642,15.969228919279633,13.489497375745758,19.07285878039596,17.596626845807688,16.533821739125,17.494729679769,16.937873839420142
18.497670256396482,32.0423650549085,12.63611185607488,12.79849251627504,20.94762056022673,19.84601472362832,18.86162942839667,16.41219125120884,18.954711103115134
14.971993121552671,14.63822969244611,11.271730865208859,12.851728051724546,13.886374214471202,13.957438582131044,13.54378506409282,12.596635849965587,12.564664887161866
21.800820919728835,25.66975239182119,23.264397807401927,21.67617896988213,23.591481225982854,23.83981457208328,25.046675985627978,22.058531230118877,22.301642507502834
17.31177121110092,19.126990709083046,14.17967084745669,9.038873166494685,17.616224745608335,13.970946808309726,13.757234684951502,13.898302618604594,15.692684851798562
23.277019149251185,20.32110691129789,16.697946348020253,16.334080292146076,20.616234326123575,17.755853511771058,18.42895428542405,16.434744907349828,17.217333209509633
14.64904218552834,20.414485837130172,23.284844504310307,15.937386859018488,18.713201043022693,17.11802580832063,18.208508740270815,19.964439811258597,19.33446801410079
28.595203064209105,17.982828629143714,11.544394178084033,17.871361856050143,20.560459922071875,18.91798782705982,18.324800272761106,16.379792674967455,18.381159645513385
15.51833670703969,24.856121051181198,23.969058037900236,11.574273800255188,21.186296459770823,19.670346054472404,17.520520944576525,19.738147974224788,17.193548502822797
21.09651168600218,28.953217979749788,16.98543818442999,20.615552378962473,23.223550054037727,22.94420690762317,19.207975536861184,21.667270395705078,21.983762799251227
23.959296551940337,24.350068306233307,13.405666739045046,13.907354423360404,21.038316362816186,19.303761282098144,17.078752039473542,17.02521882836246,19.514282152276078
17.146797848999437,22.516909981060476,17.010596291404347,23.529622162837075,19.24621993622782,18.991109202535778,21.150011503656824,18.804409410140984,20.406417284831406
24.262343217164755,17.067797504503766,15.10961287439409,16.512937249644672,20.47640110733343,17.688056773496466,18.2299538104476,16.28164737172797,18.715331600325797
13.854082010997919,24.584126329122256,19.763279195622864,18.617547906352318,18.12507725585039,19.34372558922949,20.04029777677791,19.71262794564884,18.17492508632617
27.260588495912803,32.781748158646494,15.40747026444889,19.015095426220824,23.938888425199597,23.10267883109178,23.03371199039889,20.82182574495876,25.081839621880068
20.070746324828793,20.096526881024538,10.353431156323829,19.976964211442287,18.19803884607233,18.059816843952007,17.52608148314577,15.954883695295136,18.877261139497023
17.0179429601556,20.12008210324067,17.117749862364043,19.148057509984568,19.37156211162005,20.91529315425712,19.964115609895103,19.938780422756718,19.472971433623094
18.50409113786283,19.194554345095014,12.573819790853843,17.291557805069473,18.995231308536027,17.805845671114664,18.44372837537771,16.006670686754426,16.67101221033088
24.044596346963598,19.552928827527897,18.81727953595328,20.372194122776172,21.177098563078204,20.367464235634902,21.638721840897507,20.33587506796442,18.67086691194087
17.077723540747808,8.273502231638076,13.251478670866703,20.864588521979815,14.093482336103653,15.305464443253081,15.069241028598519,12.913639329772343,16.70772012018555
16.253211552886114,24.025176929278565,16.047948787311658,15.939461331561517,19.031904023072457,20.173374942177396,18.584419077808704,18.37737910777031,18.028860575531546
18.89231701208131,17.77223911822693,18.730351216857343,20.70547127589423,18.44086649239773,17.47796397581009,19.395732954410345,21.999423273923128,19.362715855342245
14.11518943615016,13.948684406041,17.15016509986292,23.766881209606783,16.153808185596777,18.13092374228509,17.0783032442611,19.537040363935542,17.01701626140135
29.102719539709078,25.765949748662745,19.001721132004178,21.82357678441821,25.268172894256843,24.38524254776874,23.519121991758155,21.771033207918396,23.883304486662468
17.168027043926383,16.58991107479032,20.721148662871027,22.72950096658875,19.27273222643091,20.36094258005793,20.424514882345242,22.423152098114954,18.832420601580125
24.158083930902016,20.30665473058121,13.368265201074776,19.687683395629783,21.120631884410926,19.684916900820056,18.084544265650813,17.758246804920827,19.933882014906843
21.047350418238864,29.3322119559429,17.742409837501167,15.255398215700483,23.102853375451133,21.155207257286946,22.331700884094495,19.95130710924448,19.17007147764246
15.07732974759016,14.953921009877433,4.681984809967483,15.76142216118542,12.824329735309245,14.091392771891359,12.34322162540731,10.832301533289305,13.941417617100452
19.970226453936352,14.33700882701119,18.989333206730095,20.279551871417645,20.040942378667943,18.387456883775336,17.07997658507614,18.250704386707927,20.776830991376144
23.92001389655374,23.34653094781169,16.79674347850063,22.77105490060924,22.692330971105527,20.946869066632036,21.16308094817221,18.363226248029665,21.438322928854095
19.058693324568466,27.747436820051842,14.066200946088115,30.143647655976224,22.02260738414502,22.8905375409913,21.87958679957989,22.91242540358179,21.53063927016445
25.96556472925514,14.128291411340186,19.262877689186098,22.927287777754415,20.0090746501498,20.768317133287656,19.99533104978011,19.70855395672176,21.244074524433614
25.10757696390932,24.038448684185887,22.69079030874027,14.318256970009992,23.127477329419992,21.998699560523704,20.9448147130242,20.502179959853503,21.488821315322127
24.59457427329165,24.90499769980846,16.095929009604227,15.930909710560071,22.23598555293869,20.798511193116376,19.74790790194088,18.931439128439038,20.811084431343147
17.701716138635014,11.704197581538399,14.22074203903312,28.114069263823993,15.45982376768025,17.02900604876691,17.627224187617795,17.818950490630716,20.532234030837703
14.600787761092565,25.9925066895361,18.660101049754847,18.142444272092888,18.892014602689027,19.28435299532373,19.284186611058026,19.829180592749278,19.569294097963226
16.932061973186027,26.383029399210898,12.657573333414557,19.190058539045154,18.972454111522097,18.114780463606103,19.554540446395126,18.992919481685732,16.83317479674037
20.981204703333603,20.441072133719878,15.358474517857843,15.158332318363085,19.1682523177805,16.56495511324107,17.739818286331502,17.282037753424415,16.765797004660868
22.728933567661777,28.26173181149004,22.88960864660201,25.260413622296976,22.91134907202022,26.461291609466112,25.111192718640297,24.505710127549328,25.032726033141795
9.142142976197762,27.682277871624226,18.24871691924915,21.0013328292825,17.57614667804019,19.584576350228406,19.02614896113695,19.92706138454636,17.77508856534242
19.95943399194125,22.515589628586024,10.482132144215335,15.901594608458753,18.04769019196132,13.64394715016512,17.7552683637933,15.662986144212844,18.872979993915767
20.790446126615922,19.742773048375334,10.812033410882396,15.024698844570915,17.88300278216764,16.726004011294194,16.639163197267003,14.027671942400659,15.918372096316732
18.612278718422242,17.135860537085215,18.648342770587103,20.22881578359149,19.37349634715129,18.879306997211742,18.009502677104543,19.024241523847476,19.76987896524865
26.456369195079397,21.812182453169044,21.44956230367075,19.17682469952181,25.38619283679001,20.238594523141785,21.305535010219668,22.025516633940526,21.692966937421637
22.108900371254354,24.848794598520897,11.5295141654954,22.32844086888451,21.515322647690166,18.9685646688994,20.414142099543003,18.57850297980389,20.869057313041974
26.550959540404484,20.379115694796795,19.798850429986032,21.187873892508797,21.578253827782582,20.724867489456575,23.25257837932467,20.582688534813485,21.52931739444897
18.92019739824884,11.01249497368985,23.321374029958875,17.94207860492551,16.984903166058285,16.93034821093721,17.569911624696033,18.518588408194134,18.484316179356796
24.687387462534623,28.34356947288285,25.551435951834556,16.824793618154533,25.76675568789216,25.683713705256622,23.15093297252344,24.057633947320085,24.30536671435239
28.175331972637597,22.95111610922447,19.324891039439507,18.360231406804665,24.339759466819775,21.841037272420813,21.946721956754992,19.545606052342198,22.668865657168354
26.558467246363307,20.10187751661583,20.027210378209897,16.79727661337295,23.32644562596242,20.28264025557882,20.309813427738007,18.90983221940905,22.94167327427123
14.539292032856334,26.285791942116443,9.467262289487424,18.479217868780953,17.345477646262452,18.45200819202921,16.525910514198376,14.43485685435742,16.33572759888868
18.731619612288096,29.62319298241378,26.399010191983955,19.065763714477526,23.202483905118413,24.861485362856147,22.011302043790586,24.111132448188215,22.641624179209842
18.27417647275102,7.990442152560542,15.698039147615514,15.408276426479771,16.13966271095569,12.102056711922428,14.098325263589823,15.18909234051857,15.688281530735264
22.44627267538164,24.17131824961036,14.266115366299834,21.52271944839152,21.294070166504525,19.708404870359786,20.837383588764226,20.57363472495515,19.928406506160595
23.431767775072665,14.866753945948265,16.9791754622415,17.51828914212132,17.963722924452867,18.06575229302967,17.117092424147884,18.912350337424638,18.716490536842027
15.80553662987132,24.495552533994704,24.046693656741724,15.632462598858627,21.518599060414065,19.91638356895489,19.116721604598737,20.097606269949136,19.803888896681453
20.33919256958469,22.639636011872895,26.832184190174193,17.593570286872527,20.55726620672339,24.4576534203267,20.90308377013786,22.822822186976133,22.203392757504247
9.900363339219318,25.17863263220275,18.50163471790338,19.969032626481145,13.715920109088735,19.190838161824516,17.000737861905446,19.014814194284142,18.838715500415624
27.209725029009448,19.503761927526725,21.99233669041462,19.332152799253215,23.836087965907616,21.003828811457414,21.053902007911734,22.86594935657322,21.392720203751157
17.43812879661653,12.633799440904241,18.172816194742015,20.68847245961785,17.379502806852702,15.744361298604701,17.035447794144204,19.049687283730464,17.8875618991271
20.279319699222484,19.748159043716658,13.848818107927265,22.593384500302115,19.479290606364344,19.581161573433796,17.77536253174729,18.46317781090438,18.26629562873028
18.451751430059694,24.034238175698917,23.906974683153162,24.21976081603213,20.49188695897535,22.268804369880037,22.51563880877114,22.861385150005397,21.665322034230257
25.730137875067076,27.076961643376116,15.511490078574443,20.14194465075221,23.472766268587456,22.33087620004073,21.411666769482046,16.78754262859928,22.105202013654488
5.812467793013106,16.140843497637373,24.14212309348753,14.722390451058013,13.18973525674589,15.040342269277263,14.27547414997871,16.449382034024595,15.36107837539776
19.916948288370456,27.135302134365087,23.194165319076333,17.9235567898788,22.001269687568463,22.73713904320678,22.419701949295803,20.221195661796628,21.94596025022563
19.47090621251151,18.760638551767393,20.456145055828834,14.982726462467967,20.418125138756665,18.0198757193913,17.777478465330027,16.930261722772354,18.219537526389434
17.731818062041587,23.812249407972633,25.315899025017412,25.787416294849127,20.83165742306513,23.1268969878001,22.69183183140254,26.277063804172315,23.330056704491476
28.631132728178162,19.450530235671835,26.929384132742953,26.949603530108654,25.684553794638674,24.233840761796344,26.78816946667562,24.31481261867024,26.471407641165627
15.563352705721144,22.91085313856051,17.299026548142756,21.601244789985373,19.912573796146273,20.521509682960556,18.423563661860474,18.477546959698575,19.560378552177582
23.858980886178305,26.459388172851373,14.764823526334276,22.43383537055612,23.059198573968235,21.134822785978255,23.445131536572383,19.3933316125726,21.55761026158666
21.78126394353042,15.86492961355732,10.54292065097411,20.003772772946636,18.822064241464226,16.135905227735137,16.700430616199462,18.167957138314478,16.860391470002227
26.307596262677578,18.600470516265844,26.978729021721023,20.464223661843164,24.109062552908235,22.932981565501464,21.951620232754937,23.219160208971143,22.924095523940682
16.664054576112473,22.924812936710435,16.241271964326202,12.61018312668351,18.481688087483743,19.21694313250382,16.556132309896135,17.525136034793128,15.821627138939462
16.335155504381206,34.00791830515176,22.540147428406957,18.70427053897236,23.481729101708783,24.862613516129727,22.96564785085044,23.23783475604549,22.442719212547022
25.480349537386992,17.68405143916586,15.034978529962068,15.47538775061496,20.665332994408615,18.797537206616724,19.673195674123185,14.757043961141179,20.35948334478488
22.126606541650553,32.20066942998459,24.15306256364814,20.12542615015348,24.96845947598832,23.778639513424324,25.450265979922477,25.88428687831681,24.50999671009653
12.275313266616207,32.02211651837585,15.199529632738347,18.761560618445863,18.130948398678704,19.71747623474413,19.628536858879773,19.741331420306537,16.945252925852273
17.30347492768365,21.513444246492043,13.233123465530628,26.787287849384455,19.654820134528954,20.430741584849336,20.969288603761818,19.240759104079125,19.54329150414262
21.931913269240304,20.5092373690005,17.165974276184997,22.666510754891366,21.78712474962817,19.051317482960336,18.687371869461803,21.721509202010466,20.93271860263964
24.188821107732945,18.53967400667654,15.87289719615345,20.13804793008658,20.67779368824153,19.27315871653463,19.934301590222233,18.170841231886186,18.745778531206437
16.603846734035223,21.658987348336655,20.38519914184485,17.932241251441496,18.461123231993835,18.455212039889005,19.455008345540158,19.381519010484457,18.800860200118095
5.428720050915295,14.96640283720221,17.794420291229905,25.70408583503972,11.232984396747097,15.089900860311229,16.295549721175767,18.020043718940595,16.36132578817144
22.616115928685165,21.61880491339701,20.510809578207684,18.88018141549388,21.608075002607485,22.618929469181424,19.296326792957224,21.53004211679216,22.28367069917013
13.898396550280122,29.48440136925428,16.835914107658823,20.32669584654111,18.455581092356237,21.46038376401457,19.11943956675511,20.932917257928267,21.350297838991303
9.913306009387943,18.944574687616413,15.339570515924779,19.16899841770734,13.144521252357865,17.084844674276,15.67513798550139,16.94539213200609,14.389996228062902
5.838370375079297,20.796378480054745,15.665757808415705,17.38338437717071,13.425020165432661,16.366733317154914,16.03576426514159,15.172663622523896,14.1423655457386
24.069904300988707,13.49429762866379,26.179755192124105,19.14602488954208,20.063035035185635,20.40611332211302,22.63775999854733,20.951325905068035,20.795622808108643
20.643087252024834,23.870310440655217,18.900683728907744,11.152132597286737,20.658987594681495,18.498745512827306,17.97711825313521,16.692199816847914,17.379755874635165
18.87171809643874,23.32240842475687,10.064951162187821,12.80917439503525,17.680021835381773,15.950296114960713,14.957216227633575,15.580754099698092,16.28038813345005
26.94512181481381,22.318511798828855,15.919163946183676,20.39852216667851,22.090652705256154,20.748205065415476,22.211091368051335,18.070709411351572,21.77055867699243
23.186623415115363,20.915864748889284,18.387464129903503,25.272798762109943,20.04926641217566,23.259169168410814,24.555057775305407,23.03303176004823,23.012295324643247
28.081500213609583,20.536210406137727,25.381598725001517,20.392884416576674,23.656183268112766,22.133863234349494,24.704989073632564,24.473549794961308,25.082491144830584
13.036322639165018,24.50950116850336,22.1147948635596,16.118524580413386,17.786054346919183,19.264596804915776,18.196153088916315,18.968478926530004,18.203677321822557
19.82724688023018,21.855916992056883,14.31312865407234,13.22858498373066,17.447850405381708,16.548916700325552,20.167358670739727,15.631250779542667,16.660508907041695
11.916433125259928,23.57485935777666,27.673423014289803,22.138109041902553,19.258482269242798,23.242016342572914,22.01250575527615,22.904986697933758,19.44050124783179
18.853088340722664,23.074914087272738,17.87535854079409,16.731219395939597,18.56465121904901,21.2557315950916,18.34263187759058,19.10003468432475,20.907807719645692
18.756920731166613,27.61713643547881,22.985319244299777,21.57294167421024,22.378524492100052,23.555495544835342,24.667381687626573,24.47757778688273,23.12632546584173
23.133068186315356,25.38497048687527,13.37996601040039,20.55946063226287,21.841068899563748,20.75900254774193,19.74437451756463,20.095744826184763,21.260456845740077
20.227819405709493,22.96430921575095,8.40734761899641,20.913201569018756,17.92704025332106,17.73102216841179,17.50708093370696,15.81961282860984,18.45065694705485
23.11703569139958,29.592110153260897,12.366274038526557,19.134406829414225,22.93655144260342,21.47528275098012,21.77907750049144,20.17176433177149,22.67898826879701
23.51720066569447,24.101342645282806,4.998666095217176,20.534577539878565,18.329116161646215,18.31351342562223,18.263041418629,16.50365033013772,18.87591102573012
30.77464338691571,28.524813443952095,26.448357309011634,18.52218239497466,26.897013690855417,26.776956895154015,26.104506265718292,24.729590760825147,24.07156481761065
18.423516723569378,25.034713041933188,18.858131675545664,16.458773862527185,20.18410702574479,20.643145860741264,19.73247532753665,19.32072063179708,19.50828254037839
15.294886496668106,12.790404605342285,14.301423926207875,15.146003757935794,15.01700223319372,14.991140973879704,15.497659622408674,15.89365435324593,13.322826658998835
21.230418076582044,28.524173816596647,19.810496119920483,9.459964808116085,22.824914621896784,18.860199456639698,17.43187256559219,19.64842634162691,19.142809534706675
15.988599864302284,22.675881206713346,18.757336144720664,18.27556175038196,20.389618333874804,19.284806458512776,19.208858627416035,20.34442319528499,19.91002610793978
27.40980384218268,21.74022614549611,20.483733582455965,25.07751273180781,23.71389849537637,23.46986027526824,23.387615698405128,25.391156977892322,22.51847827066901
18.583909805273837,23.406741737447884,22.838125604545073,21.92032037015039,21.087742282589648,22.390454418202022,20.93477834682368,22.79835269719248,20.500608206567048
17.17211816063005,20.275084190214663,16.84031538789994,19.91083647390383,17.2778437172688,18.380324538557204,17.794452135228788,18.807270472347852,19.41269372447359
17.64342139424441,23.135144301944727,14.480642775596053,16.063980022843396,17.24667207369371,18.186967906476944,15.193687454437926,18.360759578230486,17.135907099214144
23.592087117358204,19.04061966828454,21.31110085748767,22.98935690303631,21.938748695557333,20.701898557129798,20.934873032940487,23.576400970765693,22.459941702322713
19.211265083842573,28.37136129367185,21.209331111537864,18.5227627527879,21.514185419778702,20.646168553191277,23.119142785399386,21.02456610705428,21.65366069447224
16.79166589934809,21.43205943189475,18.40294323248538,25.299737255156234,20.58922576133765,21.35191853152056,21.31365633274865,20.714818424668156,21.48399140203507
28.326759588117653,20.087080786387833,26.710216754723092,15.075650946821275,22.74405078492277,21.585299766001558,22.35854525661797,21.038303481477865,21.73359101610101
15.719150796691249,17.37537092140363,16.24871150855339,16.000121888109376,16.8363792914439,16.27062540283347,14.924583056848757,16.689260408215187,13.688769181999172
20.17783037016497,23.343878945743207,14.400568113458927,15.610920223121486,18.509762237975856,17.731954603515927,19.205169185381273,18.01932074230923,18.68237922541112
23.26153075805115,22.93553550062546,19.672365710026405,13.071526518263948,20.60645028046769,21.635991098334657,21.045088033402163,17.75478713078538,17.852493680948967
11.843324447914634,23.94212306838753,15.300248572346007,15.25182125923295,17.04431060532664,17.112095919140867,17.618574007767943,17.802198385398928,16.912194587020945
22.401302507029627,16.863740562474355,19.982066096579583,19.41286503906367,19.281462458668535,19.106119044052775,18.69626799630044,18.97623740097793,19.871147680931536
14.724461622597753,13.994094005942134,14.66796697664224,16.15119590059749,14.120941768690036,15.521615668140344,14.01955094558222,14.449019770453285,14.699078157738878
24.113913904170012,25.127956512532798,16.399030868272458,3.5744986830376124,20.00905019383453,20.15225289929129,18.959761250847436,16.198882898367597,17.302476856637426
15.186744940405118,29.42320930938254,25.56336168015666,23.29709318968049,24.129072215589634,24.598428449936968,22.15833123840924,23.992648426646955,20.80062166213313
23.463845159244304,16.86823188805052,16.377650573009284,12.263625082610378,18.33041394189576,16.741839325057043,17.721551541244192,14.546680170298252,17.16721067455068
25.529165331473564,29.94720641780849,14.804593823930816,21.35691313954655,24.34399035410556,23.499349748080505,21.13173353111666,21.614926398054397,23.46405781729256
24.307182628164025,23.419555293681903,22.682715154826,19.12485835867826,22.995854905922137,20.944410263339265,22.083262491463632,21.79347059419351,22.5029101578658
21.256583241190512,21.96468547724585,13.795832198853226,27.46949126568137,20.819571567713,20.519799464268498,21.706798446477094,21.475834511990946,21.281095433161024
18.8434952853515,20.01225651727111,15.228227079411727,22.98782992609048,18.270766530847396,20.93236777624966,19.23798624488909,19.707431312344678,19.118760618178136
17.11790211832578,15.077409902875017,20.30624448203598,16.981581618060105,16.928973641864374,17.59274045943625,17.89469785137933,16.19594610985837,18.849818086978015
27.35517345408552,26.938642579623,21.753645695493166,16.191745750578754,25.387517878671552,23.424847979625355,21.833596794291367,22.99776228809296,23.715205078754252
16.502523899161783,18.121968192811984,22.8819055643243,25.010910723197142,18.25206506468989,20.624485591970174,19.809325130378145,23.830431424014392,19.990631943486438
14.81466963215002,18.100966621311997,15.011112671118061,13.096515611594352,16.75735329126481,15.120384556051693,15.737634512542478,16.068663548667164,16.344232375882196
23.32684467516415,26.959631549434775,20.38403469194448,19.76351974367483,24.657266766694104,23.135663428546444,23.305395807106937,22.881141000830645,23.15092359064131
16.019315984067525,12.585082766641367,16.13556720182328,18.475518147001313,15.864409104842949,16.290434828413463,16.023683877946233,15.868158395656977,16.58096987472175
15.249682512669363,14.382010946659166,15.57737746595747,17.627095725181295,15.362537738371604,15.231352118864349,16.656099404275135,15.443754790901547,16.381501293617575
12.781978689151176,21.909328782459593,22.81285112916914,20.4140559377937,15.298964481807008,17.565109160576775,17.822345696072126,21.12186555343899,17.75712527241909
17.585450802697412,23.46642214502426,15.801782416561656,19.758239442034704,19.634578524756506,19.71481692270095,18.68677575123265,19.619919666530194,20.562011996783202
19.586424880517534,24.423673239844618,19.11281838408392,20.829602971166977,20.675865492865018,23.277279134035567,22.810813642129446,21.63211898912399,21.783614406864267
21.215458638303495,20.491007533018735,18.622317876922555,19.555902609453135,20.067265140139305,19.512008464477585,21.2546404934182,19.097662656433886,20.299196886482946
24.75653122149742,34.65184834320845,13.71698249464599,20.67072562006899,23.211258721974783,22.12493723691301,24.082660084862756,20.554874376174915,23.54554976434492
22.634489618328967,20.86053720617083,21.864371421425282,19.37346077172638,22.11576585651472,21.89647565102238,21.027847781057364,19.50318975677138,21.055891841440236
19.045638902234103,20.84606923948639,20.241123574715814,16.362292451134742,18.107949245969237,21.151576379118435,20.15859667024273,19.725834828702926,18.27110912561641
19.0090216181014,18.015066655930614,10.054837552518316,19.016005040946382,17.039121204609444,16.555350164059472,16.952874236535784,14.840870752245497,17.556037086221835
22.550787344575916,22.619534082605355,19.109684444949373,16.14245376118392,22.147014909630077,21.982113833584897,18.58817454372141,18.964550660200096,19.158409251445725
26.362850814642847,25.074806160233873,14.908106263333515,15.878493581076599,22.167724603384112,21.23681115183982,21.551826651877835,20.105912072944953,20.81968450757295
20.631570997416002,28.0178902726673,22.388301225650512,17.65539998912899,24.117247450038032,23.486102632482037,21.307247206893468,22.517064548058354,21.66469465864237
17.654345728947956,14.55357867779891,12.218400652876968,18.52230735705663,14.976732382992733,14.748923733661568,16.496846354188293,15.443101462891494,16.592573363168366
15.035669994572274,20.770023308221496,16.574092125481823,19.140901225391243,18.074616614661846,18.323955764856912,16.264198874672413,18.859676169387313,18.66304441047139
12.773973677938873,24.23351805404572,19.44809820395386,22.665515309453323,17.231030307666842,20.162911718160537,21.379295643448152,22.123608860463055,19.771507069734692
23.331348360217618,24.935287672972677,18.2173611765675,17.006143669836625,23.188342682956534,20.949557340306253,20.59763884109649,18.09149918202922,21.425343800976314
22.889892618197784,22.032743289022697,21.051833026855885,19.78740770589928,22.830877792526316,21.20696783163192,20.331132827772738,20.48686500518801,19.480162779864756
22.886817625533308,24.71211984766051,11.926312055962843,19.472110855775277,21.3691944242453,19.688928734807277,19.06083486316221,17.61112901262646,20.495778308699787
19.35670276823972,17.955180535371,24.607657347469512,16.56548685013574,19.314031285800855,18.656944304390517,19.284407777990285,19.361073445623163,19.364281075618962
27.034673729458753,29.789527161591785,20.100578635153084,19.29496314482618,24.298339058346162,25.04467751316202,24.04916595133018,22.224871629779333,24.248637168671845
17.57940752707591,26.963140514897148,23.438872852003584,23.010885660709256,21.718927986551694,22.360917354847054,24.066222275011143,21.878248793327593,21.728410887368156
24.77634618603603,15.275361064674138,21.496960676932968,19.7460248675336,21.877448591704727,19.685899508191348,20.39381581527159,20.97747782287074,21.86210100639352
19.806285525052285,16.624484759416223,17.953559542179825,19.906335716109233,18.621166989461788,18.646497431746283,16.40174958796687,17.941345445358742,19.07982569423048
16.95824617660331,16.76539124946547,12.863207156355358,16.17868667622933,14.450389014862521,14.588692673917265,14.461644302494456,15.24874813085054,15.121984663323074
22.962651536588808,25.38984985448264,15.745787275005195,26.875435404819505,21.513988927043364,20.34184546482276,25.500965810140137,21.786489275660532,22.610238854091822
22.048180593419968,15.576361167912664,24.35825333145031,16.406574518709995,21.25764010675513,19.28828869453738,19.732731198536158,20.54278338224168,20.42612298015871
21.78486379633463,20.3448783289596,23.541751126625527,12.32886615781009,21.246558610455732,18.55763733492078,20.450879966442944,16.90193276824674,18.92615574922192
20.406392110280994,24.27352198208387,15.521600079585241,22.440736480872307,19.55900698200191,21.22027326940186,20.352216523711764,20.286468304598632,20.808446579150722
19.810534591415845,21.669170327267825,6.726782855191285,18.540731841406295,15.85856319375098,15.035535668760035,15.682193589613451,14.292728498914238,16.986858011038546
31.941859964352194,23.294437578563528,17.149241062779524,17.7878327162117,24.348664608886946,23.564197692224862,22.06206060809493,20.45598367933794,24.018774034751164
25.921283225980865,16.670986443256208,16.849188447483535,16.81778487835389,18.570066692711382,18.598073198853648,19.193136832827022,16.531883246010565,20.008085379271158
23.61413447492756,24.97427186698622,17.00090955183847,26.486858497263352,22.83096862015392,22.67192721467982,22.558807260526837,22.5163632611442,22.23820063579782
20.55899579101694,18.933940537620018,20.114156807325607,20.41836111441873,22.42007332243608,17.929269256026156,21.92483132912509,21.31237060360577,19.127055516041125
25.035786002983347,20.376901628010295,21.504850317286653,21.19900488658034,20.95129936601262,21.956346390352344,21.412882914488534,21.730366778588323,22.251355209278614
22.58997388195726,23.18865863952993,21.961198188398097,19.65046249432907,22.163847368548193,21.912864406762424,20.792737690803325,20.85910631312772,21.059060614382567
20.13102376387018,22.515391107654242,19.78283656054147,20.080198453780785,22.08354057066197,19.43262370906344,21.436165231163987,19.779843365335378,18.362480911435238
18.482178373670425,22.119900095077966,10.796917192309456,24.594498442237658,19.39676251897731,18.57764888819465,19.93037602966882,18.545555566872956,18.761340274104832
19.59541331168656,18.246865890116222,16.635201069226817,17.99658135508922,18.290182726264636,17.585096010350643,18.14849252806819,18.231613655602473,17.975489233449437
4.147871320609722,20.502252944004038,27.216359134196757,13.17224981791708,14.423972549907964,17.562820033270242,15.65753968164117,19.70999830264236,14.3397571248273
21.05300419648821,22.010917954185178,19.496866939209912,22.472218616911107,20.01516253195935,21.183261792892438,19.357593112525585,21.0103713412489,22.079886067244633
17.557619599448202,15.124573834164575,19.47127827377546,20.986806448969567,17.285700519675146,17.616186628907364,19.50579106153356,19.06818994632988,16.24795862347438
27.963349991414418,19.687335168433105,19.437943759095432,19.431919251540172,23.165761938308933,21.463094153798345,22.498697952542493,20.273646228724573,21.27127108000497
20.09672035405877,23.938399395164232,19.66151849002396,20.883012966191146,22.345926498070774,21.189366547255478,20.70502448161043,20.545982161039223,21.8095662775878
14.05518290232519,15.612816980773287,8.467551275656307,17.517023118823303,13.130955198660898,14.011320149545153,13.97271604782425,13.927686042450272,13.620073821169726
19.750599229359413,27.7829082579712,17.041902732355727,19.082770331417038,21.36193462068451,20.685442615281378,20.68786795525423,20.38335060803869,19.403582157063003
14.769394574687478,28.348066312999215,17.848428672821242,18.47319898456036,18.879969876038356,19.442547454661742,21.488502377553413,21.118425546487465,18.531376977903996
22.367037078562333,15.774247120199572,23.12598159701365,16.634046971716334,20.19301516359967,18.76141689678156,18.437409888918744,20.74902524240054,19.926578234506678
21.454736821697427,28.788098165250695,18.190691578489183,23.75669113242001,24.01591105750298,24.578579282797232,22.427492930444412,22.5838578186856,22.705782771534494
24.78919815554134,21.28209205643933,11.413954453592236,13.350965490328798,20.547842332329555,18.392813208390244,16.99232629991145,15.901590288573846,17.25629933707104
16.045591041527175,24.092572795785273,19.72035662468701,28.443528687251867,19.264245373566688,23.255081904496603,22.385673573755106,21.887087654624256,22.59110183853479
20.170040481140735,19.516744739358767,14.784701407029019,22.5094488368259,19.277787988808733,20.109045665679883,19.301363319785878,18.50947873188396,20.039003600411647
13.174891022866824,26.61522413613381,13.132857435674328,11.888097861190596,16.39259239499061,16.470704191180726,16.402835777429207,15.802769092224661,14.205014770456538
23.507473909623574,24.030470094243334,14.663363813133676,18.103334682036284,22.366186838605625,20.226123825953536,19.19555349921805,16.870451284401334,20.316795305014637
22.59435590220061,17.929233717011982,20.170016918658064,18.32581633638577,20.12178477058049,19.689648641266256,21.239752548974504,19.840456062320552,18.596416651740636
22.479025105137854,16.173990000173557,23.035044959040274,20.56754651576845,18.988057347251026,21.03156333753683,20.1098565378088,19.907755474312204,21.92586981014631
20.008095156784705,14.698487823953887,19.931719780710345,15.042486917041119,17.683574352138496,17.110010450933466,18.60778736901904,16.576357177337222,18.67241332410979
22.073864453943955,22.93970888216378,20.528092894468084,19.12810137347287,22.1883597316665,21.37370785556393,24.30655589829352,20.215510234490957,20.76647660181859
28.021695541542982,24.86235705889868,19.892181091352004,18.515522407509412,24.74137985645094,22.80607651250537,21.94960297101139,21.255663458487003,23.977034630343063
18.57452871478993,25.254828393897206,18.405308707441872,16.049526549706243,19.780478386892153,20.555114583216657,19.91343299133011,17.7573714411156,18.363029740968
20.69322591855042,21.41009452696311,20.787722539851032,15.492991074115071,19.82188895101967,20.552305739648936,19.464404876613987,20.17097131003643,19.155544996876245
14.569368504092951,16.21501772167818,8.324898131722318,22.67521858680943,13.637249804949725,14.904563206540825,17.47700729099855,15.009883462838866,15.496570002343576
15.658695192008338,18.589626009881083,18.44435340521933,12.213669839829626,16.355853924459183,16.808657614963526,15.945932184249495,18.25061606577418,15.743818143343816
20.489066465466536,27.76174319480963,13.820299861510993,20.911515744384204,20.52368212484432,20.98062737961504,20.994347794060925,19.702910408948156,20.802828388575232
25.519667733509536,19.576857176999592,22.651610290176556,22.190041227512495,23.800336413467566,23.857033452980296,22.71141242656087,22.755799870978237,22.755943117963653
18.71859587874214,22.71708815340738,17.41137877913256,18.125766646646333,18.696279827278598,17.677414793522743,19.142808594534262,17.963694456449982,18.98881843176401
18.82041735343938,16.621747582125565,18.12379235307132,19.209491358899985,18.182683284879886,17.059964061809133,18.94933592975091,17.03694530955429,18.48536808945544
17.965573777478127,23.682915227295176,11.979712502984786,23.653979998789524,19.10674848298204,19.69637867078346,19.41394177709195,19.040375546454786,20.87378215836793
17.326216645778384,19.71157719160461,22.067323556051406,16.180593957103774,19.821151370598308,19.50481674371233,19.303279575679625,18.262754746943703,16.396947510643923
21.474857278544107,27.233563568878818,20.509312481095236,16.593390284443505,23.61058179570306,22.19926187774061,21.66638360809738,21.417790004953634,22.889970913666268
12.513711774106778,25.867788531034066,20.227791529362012,17.018065275602765,19.209156045666933,20.402524926774092,18.302301551815766,21.327989550254625,17.727871552417167
26.40469788333364,19.5214702671255,14.74790859132471,23.661302396893127,22.08696053471549,20.508006606704182,20.814882724944034,20.488086683600017,21.795771162141325
16.672888509352696,21.366679863261684,14.905440620247479,24.16917498753883,17.428518839428904,18.49076636598183,19.833968847843135,19.72400018418362,20.83634463864901
23.609517427190706,19.244418799796858,18.89439781778362,13.416439062145525,19.26878599284836,19.475645423249652,19.342553578632526,18.06202345824497,19.34223929136316
13.65000701303062,14.902834017274952,15.222006359007796,23.024962989246546,14.432059761356001,16.393333276339337,17.944961643451673,16.95789898592342,17.56247794463577
23.34420065273109,17.712787852263915,19.739571850709353,22.275633225389136,21.57891530908031,19.91209750762647,22.627292543112045,20.340935204613224,22.42205295822416
23.359723039072488,22.991086638604102,9.356349588933112,25.21437924179931,20.70725297742742,20.109411949013438,19.709315749861243,17.675614566013017,20.87696048592028
21.921010360029484,23.62629749114791,16.04982177437363,20.54043212850552,21.98895819981701,21.04615813564546,20.669264596793774,18.18401466489983,21.59267211994422
15.027857391001039,22.742739517963194,25.187013861705964,18.822959518885693,20.756466270339217,21.363855887478884,20.25173676283717,21.808454385622436,18.480709755753267
21.247740947990387,20.49133473020682,19.75794331198306,23.580866746286635,20.23022023498423,22.757624105506924,20.16216379671785,22.30836745107492,21.91596213484711
14.084719076328055,26.665333028604927,18.667174658123972,21.79561516600706,19.57855831489539,22.102645889255978,20.867765621070426,19.45829441233441,20.392418527576393
18.736183724519073,22.317709522804687,25.940906142685428,27.979593656594908,22.162933262162024,24.82259736992363,24.52143542565688,26.505897263868818,24.812506254998386
25.14706550477663,25.516269140479736,8.656185524794257,22.834831379847312,21.400639497373938,22.414481349315736,19.46159666128797,19.148068235307086,21.93689212697634
23.98350963535371,13.131124338987407,14.73875554084757,19.614191905695662,17.90706860005207,16.934040870162647,17.49239601604577,17.201334443392476,18.857771122871924
20.075914712702165,2.3879987419082873,16.395307313010445,14.303582478495315,14.640940721516031,12.046090925399023,12.81861128909971,13.739434236679044,13.752900614785208
15.125967120385791,23.4189401391904,21.43340493202156,16.676331291223526,19.082354732153604,20.676526302988812,17.655236167480155,19.586399700542128,18.182416510894118
23.227938560870967,14.876171731392553,21.502625452912945,13.256180087887936,19.393314831697303,17.95782858704915,18.179351628100978,17.91794901323245,17.900713769764202
20.096906188490127,20.93774148643472,14.535973164069496,18.139751855756547,18.238477064847423,18.30137371964842,17.282351497249152,16.989968264859456,17.267861273235372
8.398422008847884,20.48951479487697,21.9918172885702,22.704270372931383,16.850226167422928,17.9790181356397,18.554999807561934,20.57739126474685,19.570504044150137
23.913149131582593,29.937003012077685,16.38674093071317,18.98531564607794,22.717132806168756,23.08347559608249,22.574673705072637,20.768832742819953,23.1329632920397
19.87883583065154,23.999982764718034,22.846558502596668,23.08690107504029,22.48443649854407,21.176102515795165,22.84609232655636,24.73381785991092,22.513529681098134
26.01225623991536,22.829295133993362,13.869429207511768,20.350294933756054,22.544835731097272,20.18568931602645,21.206641056524013,19.385560858300433,22.06344750309574
14.523647405785976,26.18495577316837,17.50675360373536,17.38763084098396,18.4925444497868,19.474412724909346,20.431687622515952,18.698943520507523,19.064777961775043
4.116480934019997,23.842487934195194,16.03933073849376,19.350500620679856,14.259907044816476,16.221903070326828,15.02855391603161,17.302121475072145,14.02348070494533
21.395419291725926,19.711615035057836,22.224121486262856,20.888386764220385,21.19098475992682,19.28026740892397,20.296403828299514,20.524771291638505,21.70904038707838
21.457818383409865,27.3573796512728,15.908875133735316,19.556893593854465,21.888445010068146,19.41818773718085,21.725405587744255,19.299446776127347,22.22741053657419
11.546641861967741,16.451249360558627,17.830205883952974,19.602736915407657,15.093290401431277,15.76813992215676,16.225726980156036,18.3685131782549,15.523209976025711
15.107502270666968,23.61623593766781,20.027245590652196,15.923799569653173,18.787482587856406,19.838355155322095,19.794022449218314,18.528068420926445,16.504386178807763
33.77608871859951,14.262151029318444,20.181033932104476,17.268094939031137,23.682008749231397,20.83071708139495,21.933530947129437,18.865345185560162,21.039849587154375
18.471946929230985,23.019719287579974,21.547810429892685,28.033843184618576,21.467882993750486,22.654981579180568,24.686441286123415,22.887903081751634,22.768900378807583
23.65479488188108,22.964948208864648,18.844499107378667,23.91386596169417,21.407824642844837,21.171977877570566,22.25319859018195,20.9412495092441,21.412735557178284
16.746700863158082,30.382274809573314,16.327004338880677,13.104636412761137,20.237016346181875,20.32418342098115,17.65811453410672,19.340502782954605,18.125251860965367
9.548485505734217,14.175130532791103,16.601205018564997,9.532124169974553,12.610335384038343,11.249993322509663,12.804897726745365,13.432696991411992,11.224735046576969
19.148708766020473,18.995564120730936,18.10268926083045,19.304769685794888,19.00645629191234,16.42362222245951,18.81625880043011,18.464175686317372,18.954895102421926
18.671977198569476,26.11341213287072,18.998369904297533,22.57389157770396,22.31362791731405,21.53963681519016,22.123900189874995,21.490677221318,20.88645447589395
18.000608806658143,23.676586281986538,17.411313408606254,16.92023265031117,20.09759194351104,18.76448681847467,19.66479247356573,18.79326380532365,18.657852386469276
19.426795822468037,22.901525256687517,18.076813683862188,23.08663491279175,19.694792598991953,21.809359126864326,20.33839390385645,19.932407059890156,21.552212568977076
21.32134135822818,17.219321485207303,11.930984557711579,19.238618260028336,17.83776461834422,17.0150675142998,16.418560756768695,14.730382126593199,17.039990298021642
19.24941524373097,19.045908259542855,20.669421137818713,18.3477548810921,19.070861637581007,21.084768154172938,19.18218153053377,20.844720813875377,19.503555468956662
13.67996916026318,28.225205041116283,18.72444915555772,22.024460704700726,19.882536591394594,20.67756716329952,18.282329479635024,22.098179541139338,19.249007194179196
22.430923957809696,21.74245403123036,22.00748165416435,16.872496828390926,21.580870406326248,21.4724371543807,20.844006376685048,20.834127506073695,20.535261203842282
10.253141223387884,23.876798480722368,18.000642029628338,17.85317471278539,17.26126358001592,17.932218210924233,17.088501036494833,19.27607698083232,16.725527245665056
9.748212713578999,21.424058356117605,11.046409685912856,21.680669048521853,14.88117979744278,17.408636489160447,16.83651249552551,18.096761579934046,16.278337825806716
23.69590247350784,16.084572423751176,16.5662152427733,18.8744162517359,20.73496239546529,18.10524959788201,16.819428064398938,17.339912001574934,19.485880456955186
22.535101360676784,26.669052130374983,17.200280307526334,26.635105093510944,23.35932589190193,23.84924780235371,23.2662300328229,21.33793015573743,24.763809489347274
19.71302317462982,24.51616192266248,20.971613221734394,21.775301651424073,20.78132013580268,20.86637854400568,23.32024927732983,22.45728710739411,21.517989981678333
13.02275747622464,33.528184186835944,9.71890582194642,21.515255313331046,18.895584322094805,19.466516917413802,20.12167702753553,16.883225537828967,18.383318170176256
16.460445296629622,16.922093101747276,18.16471806779574,18.80198141573973,17.777736875040908,17.494485281409304,18.567981466165953,17.974917455725812,18.525816084117004
18.68626626156748,26.112864606002404,20.054700863173224,22.499018706838424,19.955039665240513,23.35074417439667,22.177946132025333,21.56435408831729,21.920082590623405
12.020530157129432,15.442280169814994,15.35404845887392,17.709568908793415,12.936782281690352,12.987731460783206,13.470072853752281,16.418886890272297,15.962442875899278
16.304856709883836,22.78673283836539,18.29851203926739,20.12951100479806,19.041313250921668,19.279802559780432,19.546432321181147,19.06381555805061,19.02739081967619
23.261651690883397,26.882532945315823,15.491853963400622,15.334827811981759,22.952196252347573,20.06513184676066,20.651205962959402,19.699631464809766,18.745122297323658
27.136526821446083,11.639324419517566,15.081708267118438,23.157765568922365,20.985561696704504,15.998194761670108,18.175606725060337,17.27464703804098,22.67640600156161
17.90282623670725,20.975337628791962,16.366320599474733,20.162418789047166,18.526132035098378,18.351510712884078,18.725171970145944,19.286404687305193,18.285261097731354
23.78244177158049,19.1839513297869,15.157232030131958,26.930052254791505,22.05344242605969,18.90418668205876,18.362348717528796,19.690529220944246,20.921061993187983
10.429699647062664,18.49021350852439,20.73447324774533,28.56919353467903,16.79502582416825,17.23652118519186,19.221796808561045,22.15401452113786,20.261594067874384
23.297256205568058,23.926063261296772,15.060192492658489,22.05327780573259,20.18267275747798,20.503670699951385,20.647821498497674,18.740352824904964,20.45726070170266
15.980257926362594,27.603428532112975,14.38835997180829,19.273701244831614,19.47009731254538,19.352183264611362,20.713676274392213,18.63205201806024,18.58214186599267
21.53672808353985,21.333606423854224,25.071714667358133,15.215741951497725,20.931782164572056,21.02713675141189,20.18622467893379,22.335894135678227,20.43137858227546
18.761237908801455,23.0274321378001,21.842960047296142,22.6189992130353,21.96144761610111,21.990023325794574,21.29630026813777,22.119499201410953,21.24483012477829
26.60207004891917,22.571543765296237,10.553946557363199,19.841138255580912,21.481519025832785,18.346891934484148,19.812945879513073,18.531513038688367,20.194647309634085
15.62782175830041,22.00901753178207,14.940926840589865,21.152139356617848,16.67932016007807,20.231831548141155,17.842156347892168,18.260323745480342,20.01366665153423
23.138031487809155,16.55328681143947,18.969851886890844,25.919149549824972,19.10736916000761,20.43508380889442,21.86487135582327,20.483096870462493,21.71031772740772
18.60246268351733,27.542223008614464,19.295020268925974,15.702306845346612,21.111906756896676,22.198557352096408,18.293111187744216,19.96937352581145,18.759453268931615
19.20847260995168,23.47597684079418,12.038028537052426,15.302783326074653,16.243848664777172,15.876553559070537,18.642892032612362,16.64048569768067,18.433130668982734
19.08073053420395,23.974407450012887,22.634261971289288,18.05429624651728,20.63873117776713,20.575076532443024,20.924045932189983,19.267408318225712,19.73970431275752
15.771634477529435,17.96745185487209,21.300897676726503,22.284804599007295,18.418579668462275,20.078107479831157,20.632844286829258,20.898739313478828,19.161534711381037
19.92950517046664,19.7038980100538,19.927606528161355,21.219468960857952,18.933423168865506,19.892681912051533,17.447887525270666,19.330778245751354,19.36636645007566
19.68675888939089,21.11932901144611,23.426913962848484,15.41724595321691,21.43159680398691,19.311494473436973,17.47633263361449,19.000043279372075,19.65188355306775
21.206201242033647,14.329376532755742,19.809159970283673,22.02621160280993,20.136753160728603,17.049413621236457,19.050758777385248,20.056599566539393,19.837211426668606
20.42252572846431,13.559828374011609,19.79432351700739,14.195148724426948,16.598637426681428,17.662984130124315,17.498871973978122,18.268995199259262,17.02712346121065
23.98997274806118,18.996260346807162,24.23071708728897,15.64903330260457,21.407869776788385,21.547496695310844,20.16156315518729,20.80165235467733,20.687115470700594
24.617543080236842,24.61260383221195,22.404878322910836,18.53817073124324,24.560284270786287,22.97970810025208,23.127144821733232,20.552270271150284,23.16801200279522
14.746883390860994,18.734313050350295,14.633970164353876,16.78627501609912,16.123161271675084,15.821210455017358,17.206670162859034,15.440461009438415,16.836698404743473
24.343862502953854,16.905974012046432,20.53278071468766,22.559437954603737,19.77735856509436,19.49919648190194,21.751513343094288,20.37825755010174,20.519333815747864
14.068317864450728,17.92657173381165,15.342928540165673,20.145513932004377,15.945114698593004,16.770634901587513,16.97410152198819,17.36906866910372,16.243396330695173
22.939279440688676,19.723287884273436,20.016618203801112,26.06224471050904,20.84931793107279,20.406958053016506,22.280960409472122,21.99202636726042,23.572811080253167
23.098693923514343,20.23070518589948,19.906454028079256,18.011258538582343,22.199303681075556,19.511554176048367,19.69698283263047,20.217199405781244,19.577587360101408
10.443415541687479,32.82760726103278,12.466130750176056,18.511191395837027,18.975925778928328,20.6402933722671,18.506711912979558,19.14964555583977,18.23702696813569
20.46489623264705,27.27310314243659,17.51261755475586,23.84153043624705,21.94080904510005,20.44616577980514,21.24880595428691,22.003360982719435,23.088554710355563
17.65751943319842,27.12387056140864,19.06102809432161,18.636316787504818,21.018154251846806,21.791764667760088,19.834954251747316,21.30391302215976,18.4835502998488
16.206173710323124,27.842901821366908,16.254839236023372,24.976020990830182,19.27578839985453,22.95995720889691,21.83434813918265,20.91422941593939,20.767867891123913
26.75426165349503,17.005895653329752,19.25883976956304,21.163312841537966,21.017795136905733,21.279195245257085,20.582696347950094,23.42503951622961,22.443253567281673
16.731604296812904,15.888176925063805,21.223591108004275,9.588854120458564,18.21597761758351,16.795834971801202,15.120494718415552,16.770069087869583,15.171517260767413
15.96811535440975,16.465648542329717,17.877627743076978,23.710281656597857,17.327009071317665,17.775089441652405,18.954649337288565,19.838125469570706,18.36799912195786
20.378474700025468,28.67253066668919,18.898397906833036,22.650907252479236,23.72800519142284,22.231266908123597,23.02997728843715,23.884665752205205,23.254115081426157
23.42794873149208,19.264041055587544,23.5336963142239,22.80533042444218,22.369677202970124,19.837846176066968,22.042454545987813,22.538859540147705,23.53343697671111
19.291757069949366,15.743219088803565,19.892786332900904,11.356086485818967,18.86811631281242,16.857377017932322,16.422026813646564,15.796251692261416,15.643144406821394
25.831852728346263,19.845018998900933,18.803297158697895,16.34804015491581,19.682872705640726,19.628232975202973,20.62300015009513,20.284354028487652,22.15076187707859
22.654878309820454,20.806972341426864,14.167682481434557,16.64518066577292,19.613880005201437,17.654373833295196,19.53763556599759,18.45265245817438,17.00073192446717
9.108943401342849,23.34206636847281,20.684104045555394,15.635514529758431,17.991351179382296,18.136661681549704,17.393742745436132,18.697109896036448,14.721458115960532
17.35266518246496,23.254755103560214,19.320599797567755,25.967690127575754,21.33455501188582,21.49904701255119,20.281893642415056,23.66439203410257,21.056798026482717
17.190789503241504,17.85909718063246,23.13495773480563,18.952928648705463,20.081701626108202,18.89140280765377,19.063015774082814,20.14747426573941,18.707396995726125
22.39680476714711,25.428281962568555,18.187514173213245,18.853756229483317,22.1033203595639,22.947931823537413,20.80943944530964,21.188752356481864,20.809562978680162
6.87591471812944,18.80403233124921,10.734933999464017,21.208033241263117,12.122259295232274,15.209082270204902,13.352742466152,16.620313906981,13.798472499837022
32.74504854358861,21.218618316474785,11.199516524686953,21.27720667155753,22.804064424783096,21.42617005375103,22.10803027967907,18.479526144418674,21.964692660252503
22.65513047447105,25.433870352516774,20.942723055038933,5.660429157496681,20.349872730639397,19.472787165020847,19.247890839276195,17.884303197051253,17.5496741657667
20.744384019588455,18.790892980278294,15.719225609207387,16.414569851402547,19.527384171109123,18.296062083305046,18.64347653682513,18.070693308171982,17.459863481414796
25.90783858209573,19.15324288209431,19.747071004441988,13.348845688834892,21.906618117659328,18.62572641954845,18.548336585284638,17.958729634843483,20.238995796589695
31.718270264063122,24.958340248465653,18.456930578009423,20.601224372619278,25.859745283698395,24.15473871552931,24.091142302868544,20.912482903570506,24.40951702109809
24.353733222942015,17.711334116974903,17.332641329224316,17.84443034266381,20.814055479232206,18.74842273966719,19.304259520107134,19.5970075903556,19.447081364093556
24.7440654823581,20.076039881979646,17.614554857647107,19.061550258005074,21.491955913919124,19.046318034946335,20.681455713339368,19.5606673797542,20.607685015106153
20.65345012232191,24.778710890214462,14.538441979819092,10.685921004437908,20.633491513800195,18.0402534151428,17.793857490696535,15.536650743536548,18.37940327900565
19.29237123316526,32.270462207179875,17.936889244401318,17.760591101238006,23.7142108693323,22.180743872105122,21.802532501579808,20.980379364565163,20.673952477106074
17.621022779975494,25.027022523813734,15.662026268822405,23.46052100733126,18.969099123147082,22.74609272247311,20.309924385511177,20.579005888455182,19.1888814690416
15.86944004142729,24.36319881495006,16.510973919497182,24.63779793240867,19.69635622566603,20.799093663581278,21.45219328709632,18.88601337642526,19.34964119373852
16.56492950150251,24.654007918363646,16.705403821163355,21.8754536781628,17.88193355796497,21.675617625239386,19.08813472227879,20.548085063321256,19.570976102331233
13.247220178285083,16.634048629664754,17.093226920405122,13.658138826207525,15.206582665005833,16.63054157227821,14.984987767875573,15.994710363627675,15.298566006134388
19.620642746574884,22.57798369339954,21.688693826028345,24.037607211968496,21.967455972753918,22.04943384733454,23.062602536298773,24.01951978844886,22.830618012273014
11.576662113868066,21.851167558317993,17.480836683181227,21.896009020000065,15.558064006885719,18.050416296293346,17.39011291981043,18.8700457851643,19.55684053096479
20.954582620718554,23.60792270186378,22.094809346360393,18.531243863741846,21.319833379031987,19.867758330159013,20.53705170542716,22.59145713361958,21.725449426994935
19.81834695978829,22.582540262379354,24.151419805305927,10.899854741961024,20.631896675106212,19.292884809990703,20.09698138681046,19.384221551833566,17.679304561200134
20.73467649193344,23.898498387085564,21.419778604224597,22.814379802650066,22.26272873038236,22.968047814063965,20.792919480826374,22.404566797754704,21.92514641147143
17.38934214990004,20.44266402550399,20.137874140274043,16.631334680066484,18.500640660447836,18.676166430606013,19.310934871962633,19.152968329078362,16.158650431689377
35.38430185090252,22.293044586858965,19.30732883793408,20.384663284219123,25.56927806002275,24.00972538020068,23.85270006073171,23.928622948329537,24.739223866876564
26.800579500901563,15.86085716971504,21.46143483620028,19.27357544254665,21.644126260850598,18.381243439116904,21.259112352861308,18.979385353649683,20.681597989052413
13.777287499576385,20.40046360998543,18.357442954384958,25.153579937753115,16.16565710053751,19.86706030587439,18.201458933369345,20.84194781386551,17.117816155075786
21.16434043713449,28.954167740883218,21.938279383828792,18.498532056009967,23.156854142803375,24.29679019324178,23.823906171022486,22.27437039948183,24.184886749048676
16.95996928531338,23.59404169814128,20.456423221158737,18.93954563965621,19.40606581806818,18.61928417097767,18.77025631117786,20.25070308734498,19.201963713961625
14.92760136646293,21.895394813084614,16.560638156878447,25.31446156191452,18.248967104638275,19.956786383021207,20.39947432813178,20.673443589859243,17.656615299416803
13.299639644380326,31.480616381271734,21.583403520411224,16.367111024999247,20.158110601240136,23.196090757989264,19.507230258989644,22.275583027658897,19.23868878358045
22.16108345379627,15.195825108494605,18.365920023910274,22.257291405631108,17.81441322125585,20.632285160946402,21.303330869047127,19.81046088491388,21.68863171462034
16.59309882465213,16.4527222227689,17.575471969550737,18.205537108486144,16.542360980860774,16.664686373465585,17.135325749509345,18.67690894838117,19.152328702051186
24.839130120126022,30.563557056381363,16.095203358404053,14.989832151980284,24.753563176880977,22.74335092346842,23.572787766719912,19.280694219615373,21.338811285722187
24.968911072652194,22.22980468024467,18.66407539149829,19.00464394688349,23.55124611011109,22.49266484543544,20.397971285409,20.06132316528749,21.467220268252383
26.869571926057247,20.78708481855103,21.985850461651935,21.76682045443195,25.997140632481052,22.96054045093911,22.409681219124245,21.16788932489751,24.371098043101718
15.738066169629482,16.003978374521786,21.555760022372148,24.414839359906047,19.540706329071025,20.583580213972095,20.638880185339534,22.70426379887952,19.407307418448664
22.376828053460052,24.23848133197506,19.41357518983583,24.89877594138273,21.397930326413878,22.51487610217352,21.305719107388303,22.133729461013612,23.37337633433924
23.162271083211504,24.72229934763731,20.39857456290014,17.820943703097868,22.134969919192947,22.127219274193905,20.826755518341763,20.469185037402834,22.158729283611418
17.629109124480177,16.527528195825518,23.086787166090232,15.051003071871145,18.10957421410711,17.798707821382788,18.5686753192561,19.425095063237425,16.650960529351032
16.141140213035627,21.29862207224786,17.400134835316557,17.725044401690084,18.01301427988723,18.218263837540704,17.1224548038762,19.258485151109824,19.436374094714303
28.047603328879866,20.32242083983467,13.538319985879175,14.273876986679378,21.52035260924235,19.056234480702365,19.567372707337316,15.874654360092425,18.58890377432842
21.13747937866027,23.279885732093856,23.20451940871429,18.13045520233398,24.30049829461608,21.10228913339553,21.608489315472315,22.67735688569868,20.44346976718092
23.17983875355869,16.40374878889678,15.880886991877126,17.633338865520965,18.050519877227636,17.62443988490735,16.760807726221206,16.937788267342995,18.80070274215207
15.889619940860364,28.259737272565786,15.238647506624382,21.909960816627063,19.358963604887165,21.370305266201342,21.292260172152865,21.339976250464503,20.979152557803502
13.903577667389031,26.579118907988022,10.815208978661794,10.176259280342487,18.359660393207722,18.086823288717348,14.106108115400765,13.544233920220416,15.380221615386112
17.152751127539446,20.18412220633592,20.285132212657185,16.065568215653443,17.963939033928487,16.73500170268794,19.193172537519434,19.42127022850843,18.009947007153286
19.379893063050016,20.917906441808142,11.514189501791115,16.09792678223234,18.33354038667962,18.801769419459866,17.105954345464685,15.59933424996724,17.413934933294566
14.678899965913256,21.31788924861192,14.998964769233053,23.7485090096321,18.67622798562691,18.320666236039795,18.23105328364184,17.729228613201617,19.864883231844882
19.950775956748085,18.10845723496748,20.352947178060234,14.544622490395932,19.42439825457315,19.402400882364503,17.13379819008205,16.70537020837802,18.049293844201433
11.5574740596575,19.78285290882482,20.887685009633486,19.906629438595974,16.917811075399232,19.655074775179926,18.362929679586095,18.69642796254029,16.76128326612109
14.399762887650638,20.648648161626955,15.393183407127065,18.487486342320874,17.820495688899825,18.954496090561054,16.359745406203857,18.26578207855138,16.47161324372391
23.354556241384376,30.06434185353564,17.46338669203038,23.17217010734553,23.2779508452501,22.835701968685996,24.72156719962656,20.342174508095187,24.3728442716579
23.018952601389472,26.733091541652183,14.509621894375387,21.38332745804219,21.771402498234742,21.027998734576805,22.655698983168207,20.201306536858112,20.757989846704543
18.04061617306567,26.67327353668312,15.806412848755269,19.484974927281517,20.863646181175575,20.195428036748048,21.643353392432388,19.553664464843735,18.18577090825053
14.911178454615236,23.849628065021953,19.06486104061163,16.781332501647725,16.541026000425525,18.855415080445326,18.932647452549443,17.23909199367564,17.78646242657152
14.862982242369945,16.413364955343827,15.993413284814169,11.590629987560495,16.6435318626147,16.331516892872624,14.310787812023733,13.846630381478146,14.342092023107037
18.13365877029343,21.792544477113104,17.023139839297322,19.98834262274962,19.49808145658351,19.192277872520272,18.93751884669271,18.17884863930941,20.060235582756444
23.22259245822646,26.8524422980669,12.141173273529732,21.12195919411949,22.0382319996097,18.94844733713981,20.46445422318339,18.93849624418951,19.644312216047847
24.641228456721624,15.70867685316356,22.53182465922455,12.700529550101388,18.714999447851714,18.307488232767273,19.14357041813189,19.89508272776282,19.197099626646562
17.517341322590156,25.18276603436632,20.040266372684265,14.065223342685803,18.68973282275165,18.305022628473488,19.63800652367024,20.09892281830955,19.6706348857263
14.232537870076081,33.61304612631383,21.17162148734881,20.009319893486705,21.613601608442156,23.05543305011801,23.488195710323254,22.256999126823867,20.412145650900367
21.339218189331667,27.30908322994866,23.16170129846745,20.35656674483148,24.203839029189503,24.152942019925398,23.061765781240847,22.137971518445426,22.684536097252185
15.882325146870752,29.070145677809936,14.699148497817134,15.037410759631763,17.440928525419302,18.660258761684936,17.26903018999884,16.234770444986072,15.879188064323348
17.408736805693987,23.091693752210805,16.566422067887906,16.703741145727847,19.663026176868556,18.316897371679403,18.03522751641823,17.618295118336842,19.038530257358094
26.626380452185188,26.83965974382495,10.420662529671155,11.654044645718294,21.591955750419253,18.55941640929133,20.44103862290642,14.796261180108027,19.73178834977336
24.13557714282884,18.410733928229824,30.56169164040895,24.509055615252933,23.517271452465916,24.56139671604323,22.847686011208125,25.636949858962797,24.367897155205153
20.789871561257257,25.979319061706132,17.401658738730497,13.80050237052619,21.223719269504265,20.448450905123206,20.2319878934564,18.377409038194475,17.726026569408518
13.640404994436386,25.271940670303817,22.15491159965965,21.169037564994202,19.85494751314346,21.997199620810523,20.168500593765074,21.15551861040262,20.59508647985924
21.056982837353296,23.449555870188316,13.047355422658164,18.86015721538648,19.2407181121315,21.188018381338416,18.22004852599704,17.217954610961947,19.029526342043603
25.313286453937632,28.58003709859249,21.985553702572037,24.158374478499034,26.137183987985953,25.187505357836763,25.404923982512422,23.595275068655557,22.174234106552912
18.121831671172323,19.30607581076306,25.430363506598663,15.830983628900974,17.39032833601124,20.947287909202895,21.23326667998152,20.082359324036002,19.911344935866076
26.755570449933575,21.064712417631686,17.758877003888074,19.245010841361548,22.047499503609053,19.25963633703668,21.54648685498689,21.201468933188803,22.728508081167675
26.463726447591036,22.477310206791483,13.956474013641595,12.2062923630506,21.494289443284146,18.284956042692716,18.51340654772744,16.904120042325506,20.227068271173497
28.31866416071737,16.851945144552996,17.444814396217858,11.245892652240986,20.651652036906043,17.931522331360853,17.169279848825933,17.085299274586493,17.45171606825975
21.526215632656765,23.134659719001238,9.092953900171095,21.385334335461895,17.681098078377506,17.233279190388327,18.68594173572001,17.84427827576626,17.402193732880644
22.936958499030062,13.405347935230765,17.848453195912633,11.859896643721193,18.71009546249637,15.799518636525733,15.18051424818422,16.595638307632523,16.27943162584268
27.070936441655448,27.234772672141048,21.283868557251985,18.087129862261875,23.815905263854024,23.47972091194575,23.109252661907362,23.518498952146015,23.769012665043796
22.236969685344878,22.23318683282983,17.856969422505944,23.04518179189168,21.37314198014897,20.57881379788324,21.28001928475148,21.31509475118688,20.659885966030306
17.493829461048936,19.395535480481183,16.86344178124413,21.98673942437872,18.54058932431825,21.375641143441285,16.574345046077767,19.17503302272604,17.504931703436885
17.757285817360692,17.828131938524393,20.110272464448133,16.341658048205623,18.12740135997715,18.713585435582754,19.397659271722596,17.697190071801586,18.54193362364274
21.192774768868695,20.82710485190406,20.416099387798212,12.64598745436731,21.242070911978885,21.141736455417217,17.53197014261413,17.420782446915208,18.05506267309309
13.547192890268906,25.44129855386207,11.36037774997927,21.037979446622113,17.37387765693056,19.45018853736461,17.66075295901239,18.18078119550743,18.358476192771644
19.283705423179036,24.738694893687803,18.355291849115154,24.369027131440724,21.670507125041997,21.019496400314452,22.220513070168195,21.417879422529175,21.730413807772106
25.48273559115127,18.472310263607696,27.743940496916974,16.351047685337505,22.862776150308722,22.269192350874967,23.32105822743254,20.88574636513889,21.627279940894336
9.043730744173594,17.76980163686183,12.659935017407904,15.786748566371534,13.672050733012995,13.660192237315368,13.022900984830883,12.165299881057544,13.470955141949721
27.672410508972575,25.284493531598237,17.658324668667735,16.900392148524006,25.269511708701973,21.635583232292777,19.369719953467744,22.10521508802268,21.601959065052306
25.6118710935158,18.388262976924853,25.76698448820681,21.286434843228463,23.18080954192018,21.649801757699624,23.84205206648027,21.94562772931701,22.44199885180582
17.70117692084762,22.29954887039752,22.416700626174702,23.914070425659652,21.42693295484221,21.2963889891029,20.333379324343664,21.68469012701261,20.326542984383014
22.716954139359046,22.618773212621385,15.946413276895754,14.041572754477912,21.921182485239175,19.280780207155768,19.190371589422252,18.614565116524176,19.22394481278642
20.015738634531633,23.560310658633693,18.824541518490417,13.006872762701388,21.49716847834525,19.653099989526044,19.27345559372493,16.9369397980563,19.63129100057705
26.149951842193417,26.291352150909358,17.991553280060707,28.359985287729792,24.396406163324087,24.44026272049193,21.446181207551728,24.109292515139913,24.709082917563556
24.913415713849705,15.685185315663386,15.00771278271333,18.290708848439845,20.537967677370712,17.789019517087368,16.859418893622127,18.940653234183696,20.965916612595475
12.999646384084954,12.444203373697562,17.70299157002767,20.011571182761237,14.723646158072102,16.507144421723748,15.32879192092572,18.98730358372862,16.30938223602797
22.936312067320884,19.16276359385824,16.880135468773883,16.232276637529445,21.039838660327465,18.389544433681163,16.21874402293138,17.30047281975537,19.21733100164753
18.97186073178376,31.00764203916093,18.450995752306998,20.959849237810865,23.245855562267216,24.21548567112092,21.009535664008222,21.7550306604507,22.526258731033337
20.4141628525905,32.11087050043689,15.006467277235867,22.84024349880609,23.359912172531235,20.93848504656358,22.715814592394004,20.921866472861016,23.374897370981298
16.35914049515092,31.15588567782944,12.893527199021356,20.19918468629172,20.923017890188998,21.18329992331952,20.06345086248209,19.06630717589091,19.322806204435977
28.740685345604177,21.035093161196553,17.834876906430516,25.96343230805774,24.225358654731448,23.09018566326786,23.696176360966522,23.30233918869912,24.740052807572333
25.20030909951288,13.089424590075856,24.86047287271512,17.69302164023563,21.04268080053101,19.28906882953545,20.660028029363726,18.99069899485332,21.504613396915527
16.301144180135164,10.284804491740797,18.328811705051187,17.948470107858494,14.907676010790484,15.07877668978105,14.033978054216798,17.05109782676494,15.61823028877927
13.326946965448837,18.929809192252943,16.673624884273817,19.925625405109663,16.085284720613632,17.796335636178764,15.929153348358676,17.570296477148666,17.10119735812883
18.07163684511076,21.0096318492532,21.016343220153992,20.85984658202439,21.583972524426173,21.310024453397933,21.000730813647632,22.042082397058824,19.31738221665886
22.17251323045653,28.503127005279794,17.366721549618486,19.911789048250437,23.361994519626478,20.42835185387977,23.512867949403994,22.15352195983317,21.30621215394795
21.201029219731115,26.339027297712228,25.47213169983644,13.862339892179637,22.289475284159966,23.184267589301005,20.751223978502644,21.328331529982968,20.531551620835767
26.26566412384122,23.1370253949581,17.984349962819685,20.250060664782247,22.791831895636435,21.18190637950047,22.16818063069727,20.411948624202918,21.274795700744026
23.94959861090426,17.550776145294293,20.801988252632654,17.50330566078625,21.8120589580031,20.92169994801474,20.758500060718262,20.36966483287136,20.04347674177361
24.847845128764533,17.19610220877555,14.981582470426908,16.67609194370142,19.02570769250538,16.11881760443775,18.662961055106386,17.902786519859934,19.223547022746953
21.634277003052187,23.270638435357178,20.01235701334665,19.129928219012974,20.068338874587646,23.583038644145386,20.763033862271268,18.088987348692847,21.31381091346535
13.05350634894505,25.485254894198633,19.100373907775015,15.153909250683142,16.793995573858883,18.131031827503637,17.557611105951466,19.47827444820184,16.570879152281776
19.021507344265494,23.959406311227923,17.773975501363168,14.458434704507074,18.06808780159313,20.64596414032152,20.788600170106456,19.78763450077711,17.78433704246079
25.300448699543328,16.827010201966726,15.99296895532112,8.538124159984601,17.921873889205578,16.544523699359107,16.76084704573092,15.109681106585331,17.566484823929667
19.74238535737677,25.25333814396043,15.447879337390502,25.988949314039566,19.980560445220085,20.537965441488417,21.997080069409094,21.9509191163534,21.250916763928423
22.515451843118733,24.129554835507058,19.129410655918612,21.22292527641201,23.578459226332672,21.99047907671526,22.073655733486017,22.374854123572547,22.59749759318308
18.406258423769334,16.64666796904911,20.515756438785893,18.53294351477478,18.266770186797853,19.56569315501569,17.712988179593964,19.157738775508328,17.78178107652988
14.850940757290775,18.07839514849872,17.491348814823475,16.331107052453408,16.132011776539244,15.354627950200733,16.738768966580903,17.81087555696961,16.845559160711236
19.383279679769448,25.442479872807834,19.14907171648317,7.495870871814333,18.52204420120962,19.45488443639107,17.545432847340592,16.947900388039322,17.734407158731088
21.54523721516327,20.827462324270545,17.848341287468923,16.085884495114062,19.90146389288032,19.116786926920216,18.736583739335313,18.23294989828882,16.37481095099353
16.72156140269278,29.945736508182286,18.39410409962155,21.863465348656305,19.80018480575755,22.796001615177303,22.04817598080699,20.916443258822433,22.111943112294437
18.82144377571666,24.505646380322883,17.1982200692911,22.768697214375475,20.227367988392935,20.840163490241604,19.90785888669119,20.666193292599534,22.12188672654839
15.302683790070088,19.566844059053654,18.071890317473233,21.569167974413205,19.826915984523772,18.09412182710007,17.422858114448797,21.030000545240494,18.280387947357728
25.59622458782048,21.948971998045337,28.792161827269705,19.633567823009873,25.208774161003088,23.155175378388705,24.495456619441768,23.45385702814407,24.062902882795544
18.52772121205983,22.31691696318859,19.2465371952297,24.215496583725518,20.16722251084447,21.69032491872958,20.54505739592224,21.896292291637938,20.296533762613276
27.263777725630916,18.35804843379145,20.581187833724172,17.68585111164584,22.995871903705577,21.33896863990887,20.62720055592136,20.257173003753913,21.636216440856714
27.643739252704542,17.437059009111866,19.75209442131239,23.340755664537447,22.05156467640403,22.015917260266484,20.1146155342399,22.629677963974586,25.194228941871565
19.594770176391282,25.5069494690475,16.94873270681176,17.46167022511915,19.825228732265842,20.57558905250044,20.84111342651906,20.74175437192526,17.411332795374516
14.957756337263252,26.226366485210477,23.17595685316667,15.47543476448895,21.737876957083515,21.852034093703057,20.48289482194803,19.72978459782821,18.5097104713922
9.570510611333313,25.018907347764795,16.835344918294634,14.977148078309916,15.056385586432407,18.871876697516118,17.308546524237492,16.613899469590816,16.53190242562267
12.639814634866042,29.57659047161901,22.220218195770205,14.74201431530819,19.49302683043963,19.13899054284509,20.181985024788606,19.97040486821431,19.83549371268513
13.1308258755067,19.29113381994199,16.663172007734204,21.63627211520994,16.841965391616622,15.397913902577097,16.164394000907947,17.843260401518407,16.238568193872126
26.892348137307522,30.371353830355652,14.160109923423835,16.029017715611687,23.367034954518193,23.661659656597337,22.092206366353828,18.837806377137383,21.14451177406522
20.57912293613473,17.495394407229234,19.461584832944773,14.867884619860224,19.509977878829048,16.835448768666005,17.49186319669729,18.149055013365658,17.44518022639503
21.948022620459938,16.936572183157537,13.581326575591573,21.85494087864544,18.455345581471843,16.829719040656187,17.617358459230083,16.719742617663595,18.59147300333771
8.89789495532437,13.200205589253748,20.142560900066435,20.31188156188893,14.242830322674909,15.557170938363791,16.138183993079092,16.969627947672265,15.315311663584708
14.010167853913693,19.771023430865917,13.223365375634733,22.850367931383207,17.05106821884104,15.616452220296472,19.12224006470207,16.709087690720022,16.228347533537022
24.435398882231436,19.481388315852733,16.72396787810859,21.050398045091193,20.825397297153405,19.57717954634529,21.91612769927733,19.837148608864016,20.632284918999165
21.433870561912933,24.629686401273254,12.273081213901033,15.987553679210754,21.726484428439417,17.60700978865436,19.203192982585108,16.71105458409825,17.670831898509583
19.263973606572012,23.219454708102255,29.296668037610917,19.30440966587435,21.79586462573566,23.23517260850622,22.740898345080687,23.838976961907157,22.00488462947028
22.824211793000615,16.035133144904314,11.384161761534742,19.50053196307871,19.515980679835096,16.970578528054684,17.22046734471068,15.051392403981996,17.476152131108716
28.178989030679077,20.03636880787091,18.039254961585616,15.32336536610399,23.59762702618847,19.77961978476401,19.48999095511667,17.033830187433786,20.496794356200333
18.894787682314746,20.142689894561574,22.573217097320054,14.58150010362403,21.344397678781224,19.1159823693551,18.778315510748424,20.9532873445021,17.54963036858189
20.346849013290345,13.120088765190538,22.1455436343481,16.27711356352918,18.30564235743886,18.162478032017145,18.880922703677687,18.111326489350354,18.99301586724632
20.962984593656525,17.095266364933153,21.40536848869255,27.14632942668832,19.72089467542191,22.21634505810663,23.475626350517576,24.93189040011883,21.807324565116282
31.96054817636996,18.145931846929553,16.731086447114098,17.349023623113805,25.3859150616906,21.927984195031517,20.230166216417814,19.495174243703673,21.78210295172478
9.503218677904872,29.16812509910473,23.40435578534801,23.931467165546856,19.291041406541293,22.240143180023953,19.506778197304417,25.15438218443227,20.399082500875203
23.41611507394404,22.957253579786762,21.65356436320873,17.12535796208081,21.483328199657937,23.316429142026855,20.757198748642782,21.725582636773602,21.09183771804996
19.42598875620468,25.3108437697375,18.849198470641905,22.55535527815997,21.19923710944269,22.520988313748,22.439300681557146,21.46956975895969,21.42860423061225
22.833858630920897,14.50682251425394,18.96232303090637,22.60996662223139,18.557360758891875,17.897500260205373,21.80051999023722,18.955012006914863,21.132115045607065
16.713137230026376,27.97107241506996,16.78430940953851,22.81036203180818,21.240623526743406,20.070106144135778,22.37976147826756,19.84552066397801,20.5220592442719
19.75517484570775,28.505510315120464,14.361391896667847,20.551309368035835,20.77546396719788,20.344079655682542,22.07863181876135,20.70622013365869,19.945532170823036
23.557052897327477,12.00827516427687,22.948603901914865,24.509466315124605,19.778486950204616,21.544971545707664,19.906289215986213,21.55467582693211,21.453046866361603
35.5645510052192,18.47341638042076,23.248831974406126,20.51341587741091,27.436732160501187,23.230900567408554,23.628664435815242,23.32119697037527,24.554935524048158
24.040180947010356,24.47882786507755,14.463563435880314,25.85411891736112,23.061538527415774,19.769220538655382,20.885363154066127,21.656068222225745,22.681854641053036
15.759672009847456,25.22194226769091,17.384859339415232,12.520320787246266,18.615040003423587,18.209154832662875,17.056218864924535,17.6863700141887,15.953330891322556
